# .PCD v0.7 - Point Cloud Data file format
VERSION 0.7
FIELDS x y z rgb
SIZE 4 4 4 4
TYPE F F F U
COUNT 1 1 1 1
WIDTH 11811
HEIGHT 1
VIEWPOINT 0 0 0 1 0 0 0
POINTS 11811
DATA ascii
-0.2305423 0.4781647 0.30039245 11380121
-0.21983218 0.47816148 0.30031884 11709086
-0.20919541 0.47849146 0.30020815 10919316
-0.23997849 0.48033431 0.30020851 11248278
-0.27226281 0.49484435 0.30057436 11446173
0.33155811 0.53715694 0.30000371 10984595
0.34052736 0.54165423 0.30038637 11050388
0.36926216 0.54707384 0.30040807 10525591
-0.21478632 0.46406582 0.30336082 9471617
-0.22571671 0.46551707 0.30303633 10195081
-0.27686357 0.47385803 0.30233544 10524041
-0.26590839 0.47146276 0.30315977 10720907
-0.24954417 0.48298004 0.30176234 11379864
-0.19824681 0.47982147 0.3007459 10063750
-0.18931007 0.48181859 0.30416638 10919056
-0.25953591 0.48717371 0.30135471 11379864
-0.1800938 0.48956576 0.30323923 11313044
-0.26758203 0.49204293 0.30157936 11314329
-0.17110568 0.50001287 0.30146831 10458250
-0.16382894 0.50381064 0.30244869 10655630
-0.1510419 0.5103066 0.30285412 10525071
-0.14089093 0.51858139 0.3006528 9669764
-0.13422877 0.52280152 0.30381531 9603458
-0.13087538 0.52480042 0.30357546 9406594
0.30178648 0.52837849 0.303918 10787730
0.30720434 0.52693951 0.30125296 10656659
0.29289797 0.5328486 0.3040424 10919059
0.30139208 0.53266621 0.30254358 10787216
0.31155452 0.53266311 0.30154949 11247767
0.32081199 0.53266025 0.30333662 11313560
0.32833666 0.53365791 0.30317932 11050388
0.26503921 0.53797805 0.30238479 10326149
0.28911203 0.53727007 0.30083776 10984595
0.28165179 0.54167235 0.30140734 10655630
0.34639934 0.54365242 0.30199462 10392458
0.37248722 0.54364431 0.30554086 10394005
0.361072 0.54631448 0.30161011 10195340
0.27152237 0.55234218 0.30407768 10392458
-0.24653211 0.46338001 0.30969483 10656141
-0.23645917 0.46335915 0.30734169 11116693
-0.22568727 0.46314123 0.30789816 11247768
-0.21742821 0.46242049 0.3087492 9866117
-0.21148908 0.46268538 0.30780321 9273979
-0.20806205 0.46284524 0.30661422 9142907
-0.20083797 0.46220973 0.30761349 9537663
-0.25602591 0.4659473 0.30925328 10787213
-0.27751544 0.47264412 0.30902475 11049872
-0.2712692 0.47219065 0.30692673 10918286
-0.23912981 0.47700074 0.30950081 11577500
-0.23033363 0.47558144 0.30914938 11445915
-0.22004843 0.47532824 0.30688095 11774879
-0.2075761 0.4753243 0.30679625 11906466
-0.19965947 0.47582176 0.30757749 10985108
-0.17673734 0.48631468 0.30806553 11378837
-0.16890234 0.48861209 0.30991721 10392456
-0.16575912 0.49481133 0.30706841 10392712
-0.15792385 0.49814227 0.30906045 10853265
-0.14752272 0.50780559 0.31038594 11117207
-0.14326203 0.51130426 0.31059414 9801094
-0.13862044 0.51630294 0.31003863 9406336
0.30545262 0.52300489 0.30808407 10590353
0.30996048 0.52251995 0.30684662 10590353
-0.12844218 0.52513313 0.30842882 9669251
0.29769838 0.52550995 0.31011802 10590351
0.27269053 0.53405035 0.30855471 10654860
0.28192338 0.53352296 0.30597311 10918032
0.2635676 0.53734541 0.3089174 10326151
0.2860215 0.53567111 0.30695903 11181974
0.3404555 0.53632092 0.30775487 11181975
0.2526533 0.54331434 0.30881381 9931905
0.25870675 0.54037023 0.31011003 10194821
0.34976006 0.54076242 0.30970985 10655374
0.36073199 0.54307652 0.31046462 9932166
0.24533013 0.5479598 0.31025863 9997954
0.27587712 0.54567432 0.30598938 10458251
-0.20614532 0.46233633 0.31301934 10195334
-0.195961 0.46275964 0.3135668 10524299
-0.18413025 0.46292093 0.3142361 10129801
-0.26494476 0.46716776 0.31172597 10852750
-0.27582228 0.46991816 0.31381083 10984335
-0.22567001 0.47282985 0.31342047 11511453
-0.21767604 0.47202733 0.31202817 11774622
-0.20945716 0.47182491 0.31163782 11577243
-0.20076975 0.47282222 0.31325132 11379607
-0.1936554 0.47281995 0.31320304 11116435
-0.19009626 0.47621897 0.31067723 11248021
-0.1814155 0.47921613 0.31100976 11576986
-0.17405021 0.48181394 0.31211406 10852493
-0.16366339 0.48381069 0.31541425 11116435
-0.16005251 0.49014297 0.3135305 10853520
-0.15107682 0.5004735 0.31238943 11380121
0.30133888 0.51918077 0.31552631 10590352
0.30836564 0.51938701 0.31153154 10524560
-0.13139652 0.52080071 0.31257474 9669251
-0.12232786 0.52546453 0.31325948 9800837
0.29283911 0.52715838 0.31273997 10589837
0.30008259 0.52877784 0.31126493 10721423
0.31101567 0.52766335 0.31130296 10589837
0.32023022 0.52766049 0.31124043 11313560
0.28976154 0.53141987 0.31153005 10853009
0.3297407 0.52987993 0.31095076 10918803
0.33879542 0.53298807 0.31304109 10655631
0.2547234 0.54078627 0.31323552 10392712
0.27952221 0.53992307 0.31074071 10392458
0.37034917 0.54164493 0.31134003 10327701
0.27060118 0.54867589 0.31131512 10129286
0.23777595 0.55172288 0.31130463 10326919
0.2654635 0.55367756 0.31272286 9997700
0.25318062 0.56368136 0.31369954 9537407
-0.24691087 0.45871404 0.31715387 10853263
-0.23579371 0.45870891 0.31713885 11116435
-0.26602811 0.46377364 0.32016385 10787215
-0.25539029 0.46137515 0.31766415 10721420
-0.2251429 0.46013466 0.31615061 11182229
-0.21578565 0.46084526 0.31620997 10392713
-0.17527792 0.46410063 0.31944197 10787730
-0.21895048 0.47025636 0.3202424 11839901
-0.18952537 0.47026303 0.32054621 11379607
-0.17821258 0.47581521 0.3163439 11511193
-0.169168 0.47756246 0.31922019 11182228
-0.15691447 0.48630849 0.32049149 10853777
-0.14770731 0.49940565 0.31875199 9932420
-0.1386455 0.51020288 0.31906098 9800835
-0.13650796 0.51480222 0.31566578 9602944
-0.12864837 0.51729977 0.31993508 9866628
0.28599861 0.52427804 0.31953061 10458251
0.29203632 0.52254081 0.31861496 10524044
-0.11789962 0.52479637 0.31820315 9603459
0.28219196 0.52798271 0.31567687 10524044
0.29794112 0.52566755 0.31896049 11116181
0.32186848 0.52566004 0.31879801 10786446
0.33008355 0.52645755 0.3201372 10720653
0.27267504 0.53111792 0.31797385 10326152
0.34022138 0.5304544 0.32042384 10918032
0.25432172 0.539536 0.31988204 9668732
0.26275927 0.53474808 0.31881934 10063235
0.27888933 0.53767335 0.31885403 9931907
0.34536931 0.53565276 0.31766993 10852239
0.35154942 0.53725088 0.32043767 10918545
0.24517612 0.54643369 0.32013702 9734525
0.26860222 0.54667652 0.31899023 9734785
0.23422404 0.55525959 0.31950754 9603196
0.25093448 0.55868208 0.32046705 9208698
0.25948206 0.55634606 0.3175025 9537406
-0.24598926 0.4568074 0.32173532 10919313
-0.23807758 0.45671788 0.32104236 11248535
-0.20473313 0.46122828 0.32357973 11116178
-0.1939106 0.46282151 0.32157201 10524298
-0.18487239 0.46345177 0.3214342 10524557
-0.20001554 0.46948865 0.32069689 11576986
-0.16414583 0.46917346 0.32145751 9932421
-0.22902679 0.47216442 0.32062566 11642779
-0.21029013 0.46982518 0.32117784 11905951
-0.17959622 0.47138706 0.32138085 11445400
-0.17223987 0.47281328 0.32372957 11379607
-0.1542331 0.47377744 0.32102466 9603460
-0.14775556 0.4767417 0.32540464 9471876
-0.16137147 0.48130992 0.32102233 10985106
-0.15123296 0.49080697 0.32252157 10129798
-0.14143851 0.50105381 0.32343447 9932421
0.30615696 0.50720859 0.32489502 10392974
-0.13048963 0.51180041 0.32322651 10261386
0.30068243 0.51083183 0.32488233 10458509
0.29196858 0.51784897 0.32425976 10195079
-0.12009998 0.5212971 0.32131743 9669250
0.30054897 0.5241667 0.32184619 10129286
0.31059685 0.52366352 0.32090533 10457995
0.32077762 0.52416027 0.32170874 10720653
-0.11235643 0.5247947 0.32184446 9998216
0.28903043 0.528337 0.32060581 10655630
0.28221431 0.53367221 0.3219927 10129286
0.34883657 0.53365159 0.32524014 10721423
0.37969697 0.53014207 0.32350773 10525593
0.3717798 0.53853357 0.32092017 9998220
0.27246544 0.54134202 0.32257235 9800835
0.36085063 0.5398699 0.32086831 10195080
0.23699601 0.5513407 0.32299638 9537403
0.2543 0.55368102 0.32403904 9471870
0.26278678 0.55101168 0.3217324 9471870
0.23979305 0.56035209 0.32163966 9209213
-0.25493342 0.45742527 0.32991612 11050127
-0.22432154 0.45795217 0.32572758 10853263
-0.21493787 0.45922151 0.32614714 10524041
-0.1831286 0.46428791 0.3305791 10195593
-0.17243564 0.46732894 0.32878095 10261386
-0.16209191 0.4714283 0.32688266 9669251
-0.15329462 0.4743425 0.32750005 9537666
-0.16547805 0.47481135 0.32704729 11050642
-0.15772864 0.47797552 0.32906616 10787727
-0.14254475 0.47779074 0.3287515 10064785
-0.14882153 0.48655608 0.32938582 10327433
-0.13855267 0.4984695 0.3293944 10261385
-0.13494885 0.50580168 0.32747239 10327179
-0.12748416 0.5091995 0.32855612 10129799
0.29241434 0.51421201 0.32834184 10195336
-0.11845981 0.51679671 0.32632089 9866628
-0.11068835 0.51879418 0.32827526 9866628
0.28283066 0.52154446 0.32659858 10260872
0.299389 0.52155578 0.33036119 10260872
0.3102178 0.51999688 0.3304286 10589324
0.32139343 0.5213269 0.33023226 10786702
0.38399622 0.52264071 0.32601506 10130835
0.39171314 0.5246383 0.32945728 10459800
0.26417017 0.52863395 0.33040345 9932162
0.27363846 0.52486944 0.32840043 10260871
0.28139609 0.52967262 0.33021533 9997957
0.28715575 0.52767074 0.32621211 10326665
0.33296189 0.52565658 0.32608527 10852239
0.34175569 0.5269872 0.32835758 10720910
0.26118034 0.53185296 0.32805324 9668989
0.25472957 0.53586698 0.32963282 9800062
0.27084613 0.53807592 0.33055848 9800835
0.36036497 0.53631473 0.32862222 10458252
0.3707087 0.53604484 0.33005786 9339774
0.24372891 0.54452312 0.32821375 9997184
0.2308092 0.54928827 0.33058029 9473414
0.25881279 0.54767954 0.3295368 9735042
0.23924008 0.55218565 0.32989275 9209983
0.25111479 0.55088186 0.33030134 9472127
0.24323753 0.55568445 0.3276813 9275004
0.24698883 0.55568326 0.32765585 9143418
-0.22377294 0.4575533 0.33428866 10721676
-0.21443731 0.45848659 0.33538347 10458248
-0.2029928 0.46089306 0.33306789 10195333
-0.192518 0.4630734 0.33089817 10327178
-0.2101787 0.46760288 0.33159494 11577243
-0.19930804 0.46648839 0.33162504 11445400
-0.18868095 0.46648517 0.33155286 10984593
-0.17866302 0.46731535 0.33096278 10852749
-0.16975996 0.46943751 0.33158666 10918800
-0.21953967 0.46982816 0.33144909 12037795
-0.16126764 0.47155991 0.3335529 10721934
-0.15101177 0.48047331 0.33235812 10459019
-0.14216945 0.49147084 0.33127558 10590606
-0.13105373 0.50000048 0.33378589 10524812
-0.1236806 0.50379825 0.33484459 10261640
0.29215288 0.50913775 0.33466965 10261387
0.29809427 0.50809038 0.33108759 10392972
-0.1192509 0.51029694 0.33240634 9866882
-0.11039824 0.51212752 0.33400583 9866628
-0.10377289 0.51679206 0.33354163 9537667
0.2908332 0.52386963 0.33094829 10260872
0.33043787 0.52305734 0.33075017 10786702
0.33768302 0.52398849 0.33233529 10852495
0.38211155 0.52884138 0.33061969 10854557
0.39067462 0.5256387 0.33182871 10394007
0.39944375 0.526636 0.33198845 10591386
0.27469596 0.53167462 0.33331877 9669249
0.35036352 0.53115118 0.33099967 10458251
0.35988736 0.53298151 0.33262336 10392458
0.37478575 0.5336436 0.33246386 9340288
0.40772185 0.53163338 0.3324151 10328214
0.24634477 0.54108477 0.33169121 9865598
0.26338112 0.54301167 0.33116299 10064007
0.23619103 0.54848993 0.33171177 10062977
-0.2342692 0.45628205 0.33752936 10919054
-0.22606492 0.4557654 0.33941859 10787470
-0.19610757 0.46133056 0.33632392 10129286
-0.18019795 0.46313623 0.33897805 9998468
-0.20974118 0.46582487 0.33884245 11181974
-0.19911873 0.46582177 0.33877027 11379607
-0.18672591 0.46581784 0.33868617 10984848
-0.17067382 0.46634164 0.3392151 10064261
-0.16902187 0.46581236 0.33856589 10919054
-0.16112351 0.47072771 0.33662295 9800835
-0.15111929 0.4726992 0.33612889 9537665
-0.14314425 0.47327462 0.33636296 9867404
-0.14740023 0.47780553 0.33876729 10459019
-0.13841832 0.48800293 0.33779943 10656398
0.31242761 0.49256232 0.33986545 10064522
-0.12780812 0.49579969 0.33920234 9998468
0.29302782 0.50428998 0.33964527 10327181
0.30166999 0.49994007 0.33688128 10392974
-0.116703 0.50579607 0.33825207 9801089
-0.10896256 0.50759363 0.33949584 9932677
-0.10155792 0.5101248 0.3401978 9208700
0.28318527 0.51297498 0.33694816 9997700
-0.099804915 0.51479089 0.33734989 9471872
0.27423108 0.51680434 0.33922428 9997699
0.29133764 0.51924086 0.3405757 10523787
0.30071601 0.51666653 0.33811456 10458251
0.30986625 0.51666379 0.33805233 10458251
0.33014241 0.5176574 0.33965963 10589837
0.27004761 0.52180362 0.33613759 9997954
0.26429144 0.52556682 0.33714062 9734782
0.27912155 0.52634001 0.33866525 9931907
0.35231665 0.52645063 0.33987546 10458251
0.38127935 0.52786362 0.34029776 9735302
0.3904826 0.5256387 0.33968347 10591383
0.39948028 0.52652466 0.34028441 9801610
0.41081497 0.52807701 0.34007621 10196370
0.25251558 0.5336206 0.33839291 9734782
0.36052781 0.52993369 0.33973765 10392202
0.37071514 0.53097832 0.34010977 10129287
0.24445339 0.53691912 0.33911753 9602426
0.26000276 0.53825045 0.33920258 9405820
0.2677002 0.53567684 0.336721 9800835
0.2370827 0.54082811 0.3398903 9799804
0.23507272 0.54568696 0.33609116 9012606
0.24144477 0.54768515 0.33712029 9406848
0.24755974 0.54634976 0.3371923 9538176
-0.21179318 0.45614949 0.3421225 10260102
-0.20167753 0.4566094 0.34351063 9998213
-0.1923745 0.45869806 0.34213072 9866883
-0.18460906 0.45917526 0.34290904 9998468
-0.20927978 0.4638249 0.34255528 10853777
-0.19867137 0.46382156 0.34248328 11511193
-0.19042841 0.46381906 0.34124851 11248021
-0.18013403 0.46301594 0.34101272 10984848
-0.17117471 0.46331301 0.34145612 10590346
-0.15200722 0.46331647 0.34547389 9866629
-0.16184264 0.4679375 0.34162229 10458762
-0.15174296 0.47164038 0.34266293 10524811
-0.13988641 0.48000351 0.34352511 9735296
-0.12943724 0.48930004 0.3424781 9734528
0.31147698 0.49081579 0.34531748 10195595
-0.120079 0.49959734 0.34098738 9735298
0.29994088 0.49800745 0.34302217 10261388
-0.11274225 0.50379491 0.34202999 9932421
-0.098198883 0.50379038 0.34556097 9077114
0.28463382 0.50702548 0.3428098 10064009
0.30051169 0.51466668 0.34194177 10524044
0.30965018 0.51466382 0.34187967 10524044
0.33160746 0.51465714 0.34538609 10721423
0.26492831 0.51955545 0.34364218 9734781
0.28245229 0.5226723 0.34262443 10260358
0.34008074 0.51990449 0.34077662 10589837
0.34869373 0.52331841 0.34334636 10589837
0.3881343 0.52463949 0.34419745 10064524
0.22094107 0.52769136 0.34509176 10132118
0.25622568 0.52670908 0.34170055 9603195
0.27132306 0.5296756 0.34135628 9800578
0.41830525 0.52863014 0.34182531 10459799
0.22871739 0.5336889 0.34455615 9934225
0.2448076 0.53156888 0.34460926 9471608
0.26192591 0.5326786 0.34441102 9537149
0.23983829 0.5423522 0.34254205 8946297
0.25090715 0.5413487 0.34130698 9406333
-0.24429786 0.45313397 0.35018998 10589322
-0.23410106 0.45249775 0.3480621 10523529
-0.22415888 0.45359161 0.34608161 10326407
-0.21361566 0.45374504 0.34688693 10524044
-0.20658147 0.45316437 0.34743446 10064007
-0.1909796 0.45464399 0.34885883 9932675
-0.25420344 0.45706001 0.34973729 10786957
-0.20004788 0.45867923 0.35049015 10590091
-0.19046998 0.45859686 0.34992838 10655884
-0.18092015 0.45732513 0.34949327 10129797
-0.16945457 0.45925716 0.34973097 10327176
-0.21897376 0.46195295 0.35028809 10721420
-0.2088832 0.46019986 0.34948158 10853006
-0.17390722 0.46055201 0.3460182 10327433
-0.16014227 0.46282259 0.34825581 10392970
-0.14904097 0.46740618 0.35033792 10393227
-0.23787382 0.47033384 0.35046732 10326665
-0.24369374 0.47483566 0.34895074 10195079
-0.13818678 0.47580293 0.34933859 10195593
-0.25350574 0.48583856 0.3481065 11445662
-0.12794037 0.48579958 0.34725356 9340284
-0.12053887 0.48899725 0.34837478 9603456
-0.115275 0.49679568 0.34625667 9866628
-0.10837521 0.49904361 0.34692681 9800835
-0.10019011 0.49759093 0.34970003 9340286
-0.26516414 0.50384212 0.34669518 10985111
0.28283465 0.50414574 0.3485328 10064009
0.29272646 0.50042462 0.34686583 10129802
0.27352434 0.51232159 0.34659851 9800322
0.29160941 0.51216936 0.34996152 10458508
0.30138543 0.50991642 0.35007006 10524043
0.31023788 0.51052082 0.34898561 10655372
0.31958762 0.51023209 0.35050881 10984079
0.26396906 0.5154376 0.34965706 9800575
0.27995139 0.51867306 0.34999633 9997443
0.34288156 0.51665354 0.34880883 10326149
0.35135588 0.5194509 0.34999758 10523785
0.25210464 0.52443659 0.34692538 9537401
0.24450909 0.52683914 0.3488915 9471608
0.25984964 0.5296793 0.35020018 9339770
0.26703638 0.52767706 0.34846461 9602172
0.36256099 0.52564752 0.34797198 10195079
0.36992323 0.52564526 0.34792197 10129286
0.3809666 0.52564168 0.34784698 9471872
0.39079133 0.5256387 0.34900737 9011322
0.39938477 0.5256362 0.34956247 9274494
0.40673453 0.52563381 0.34767193 9866632
0.23462561 0.53364527 0.34730428 9273459
0.23443502 0.53568721 0.34806103 9933454
0.24081884 0.53835177 0.34904581 8748149
0.24845201 0.53718281 0.34877479 8813426
-0.22369143 0.44953969 0.35425448 10063493
-0.21407217 0.44949952 0.35361528 9800835
-0.20371425 0.4493877 0.35400039 9801089
-0.19276679 0.44955257 0.35431504 9669503
-0.15615588 0.44774285 0.35530061 9076598
-0.18252012 0.45042744 0.35498208 9866625
-0.16069418 0.45436791 0.35262877 9471356
-0.17222524 0.45557693 0.35144109 9866625
-0.15262961 0.46380737 0.35277933 10327179
-0.14212266 0.47113732 0.35093212 10458764
-0.13289341 0.47280112 0.35547841 10590351
-0.13025534 0.47822896 0.35146296 10458765
-0.25047389 0.48083773 0.35207719 10787473
-0.12090453 0.4812974 0.35383707 9800835
-0.1112239 0.48939434 0.3525936 9932421
0.32086787 0.48772219 0.35473412 10064007
0.32965052 0.48848239 0.35405207 10129801
-0.10170954 0.49079147 0.35386026 9340285
-0.093627922 0.49728909 0.35148728 9866377
0.26868683 0.50865972 0.35501128 9602942
0.27487603 0.50804412 0.35138118 10129802
-0.29923153 0.51026821 0.35366619 9933450
0.21456474 0.51269341 0.35364389 10197658
0.28220502 0.51367235 0.35310864 10655630
0.33112982 0.51082385 0.35116637 10918286
0.33989817 0.51265442 0.351574 10720907
0.34627873 0.51465249 0.35259759 10261126
0.42304224 0.51462865 0.35207617 10459028
0.43035305 0.51462638 0.35202652 10393235
0.25502297 0.51831567 0.35275704 9405816
0.42708835 0.51662743 0.35189712 10261649
0.43809342 0.51662397 0.35548258 10458515
0.21869922 0.52069199 0.35117233 10263451
0.23623848 0.5239681 0.35523784 9274229
0.24573433 0.52044165 0.35478783 9340023
0.27103427 0.52307582 0.35100144 9667965
0.35956639 0.52198184 0.35072523 9931905
0.3694776 0.52264547 0.35183364 9997957
0.38137358 0.52344167 0.35316104 9800836
0.38931412 0.52397251 0.35404897 9471872
0.39912632 0.52396941 0.35520864 9406079
0.41030559 0.52238262 0.35203111 9866375
0.41855103 0.52183008 0.35082334 10261648
0.22275482 0.52669084 0.35068423 10395292
0.23633599 0.52843916 0.35105079 9208436
0.21782745 0.53348017 0.35428923 8944495
0.22848755 0.5315603 0.35102457 9801348
0.24173385 0.53368485 0.35433441 8748149
0.25088361 0.53268206 0.35188138 8945012
-0.19149324 0.4447054 0.36015493 9800575
-0.18148157 0.44465044 0.36030024 9668990
-0.24201906 0.44710484 0.35967404 9865857
-0.2324158 0.44640389 0.35909969 9734785
-0.22379738 0.44616297 0.35934621 9603456
-0.21470171 0.44544879 0.35924071 9603712
-0.2003926 0.44522217 0.35962528 9472124
-0.16274312 0.44486645 0.3590259 9603199
-0.16923779 0.4508535 0.35572737 9931907
-0.21895298 0.45702794 0.35870486 10524299
-0.20919329 0.45582476 0.3573249 10655884
-0.16698426 0.45581177 0.3570382 9932421
-0.15777367 0.45740882 0.35825807 10064007
-0.14833453 0.459806 0.35911459 9998214
-0.24101737 0.46883467 0.35770732 9932421
-0.23440659 0.46583274 0.3567149 10589837
-0.13816896 0.46730283 0.35682923 9932421
-0.12779982 0.4690496 0.36017174 10195593
-0.11740842 0.47629634 0.35866529 9932421
-0.10954141 0.47859398 0.360578 9866628
-0.10634173 0.48579291 0.35787016 9932421
-0.09940464 0.48745742 0.35769671 9735043
-0.092408724 0.48878863 0.35754806 9537665
0.33966541 0.48913935 0.35673267 9932938
0.28428915 0.49663702 0.36050946 10129800
0.29295474 0.49489966 0.35694081 10129801
0.27462384 0.50268769 0.35859233 10129801
0.28232557 0.50067711 0.35561377 10064009
0.26466647 0.50740051 0.36009437 9734785
0.28975159 0.50717008 0.35809666 10392971
0.30139622 0.50566638 0.35721916 10919313
0.31048208 0.50566351 0.35715729 10655371
0.31956798 0.50566077 0.35709566 10588808
0.33056232 0.50632393 0.35697204 10523272
0.34094426 0.50765407 0.35898525 10655114
0.27957439 0.50979829 0.36024898 10063493
0.35053119 0.51015115 0.35898083 10195334
0.42011452 0.51179612 0.36021513 9800582
0.42983288 0.51173759 0.35954338 9932170
0.22141314 0.51919127 0.35951835 10460570
0.23532839 0.5184499 0.35966533 8813680
0.26896065 0.51817644 0.35743636 9339770
0.36306173 0.51664722 0.35599226 10129286
0.37896448 0.51864231 0.3584848 9866629
0.40908095 0.51796639 0.35924524 10063497
0.41979301 0.5166297 0.35560685 9603460
0.44177836 0.5166229 0.35911781 9932684
0.21723892 0.52339315 0.36042076 9010287
0.22434525 0.52362025 0.35848159 9076337
0.25995368 0.52187932 0.35851258 9602942
0.39967766 0.51996922 0.36038679 9142393
0.23097648 0.52768838 0.35755497 9604231
0.24053411 0.52968526 0.35863644 8813942
0.24989434 0.52768242 0.35718006 9076600
0.25585818 0.52568054 0.35605937 9142391
-0.1751194 0.43864539 0.36558896 9471356
-0.16057271 0.43614069 0.36296219 9800578
-0.20194107 0.44063178 0.36487585 9340024
-0.18514174 0.44137672 0.36347967 9800576
-0.18947008 0.44848552 0.3612588 10392458
-0.17907986 0.44903782 0.36114556 9997957
-0.17131001 0.44719949 0.36144167 9603199
-0.22069824 0.45249513 0.36468309 10326666
-0.20973977 0.4504917 0.36300057 10392458
-0.19969273 0.45057192 0.36073261 10589836
-0.16143 0.45080999 0.36299866 9800835
-0.15231857 0.45280734 0.3641941 9866628
-0.22938043 0.45954528 0.3606953 10260872
-0.14048427 0.45940354 0.36221582 9932421
-0.23821434 0.46216729 0.36291331 9274491
-0.13105981 0.46213403 0.36336416 9997957
-0.24746528 0.4711701 0.36230808 10195850
-0.1193127 0.47154692 0.36170334 10129543
-0.29107374 0.48316351 0.36407834 10129802
-0.098417334 0.48079053 0.36266345 9669249
-0.090511717 0.48058811 0.36387461 8879734
-0.083961152 0.47978607 0.36532027 8616563
0.32380548 0.48961845 0.36487025 10063493
0.20271349 0.49469712 0.36230618 10395037
0.2929891 0.48973444 0.36501628 9735042
0.33443093 0.49057761 0.36207241 9866630
0.34457934 0.49034205 0.36143488 9603459
0.34588233 0.49186078 0.36105603 9603459
0.3552672 0.49089089 0.36333591 9800839
0.32064986 0.4996604 0.36295742 10588808
-0.29903644 0.50257707 0.3637262 9801867
0.20846644 0.50069535 0.36184126 10131608
0.27374181 0.50070596 0.3618651 9998216
0.28306544 0.50367212 0.36475021 10524044
0.29086578 0.50206983 0.36335534 10919570
0.30096978 0.50166655 0.36295122 10853520
0.31163922 0.49999669 0.36299568 10260100
0.32988164 0.50099099 0.36280149 10523272
0.34086025 0.50165415 0.36449522 10786958
0.34839967 0.50365186 0.36430639 10589837
0.25548333 0.50873899 0.36250442 9405819
-0.30014247 0.5114938 0.36209208 9802123
0.21447498 0.51036 0.36111146 10000022
0.21840161 0.51469219 0.36260515 10657694
0.22595733 0.5146482 0.36430973 9011059
0.23638323 0.51248062 0.36355406 9011059
0.24586034 0.51206708 0.36299056 9142390
0.2604512 0.51467907 0.36414737 9405563
0.270062 0.51207614 0.36279947 9800321
0.35980058 0.51050544 0.36114889 9931907
0.37058195 0.51189494 0.36267453 9997700
0.38074726 0.51264179 0.36346775 9800322
0.40301201 0.51463497 0.36317891 9537152
0.41165289 0.51196551 0.36330372 10129290
0.43867871 0.51329052 0.36180979 9932426
0.39169195 0.51903856 0.36075145 9142650
0.44587746 0.51862156 0.36261266 9932684
0.22901054 0.52268898 0.36289209 9932684
0.24110754 0.52468514 0.3635909 9142650
0.25180167 0.52068174 0.36287385 9208184
-0.15651673 0.42444375 0.36791104 9537149
-0.17162514 0.43362156 0.36834317 9471356
-0.16343164 0.4329417 0.36585945 9734528
-0.2093305 0.43663982 0.37000936 9668989
-0.19197136 0.43875626 0.36625534 9339769
-0.1886335 0.43495408 0.37022704 8681840
-0.18327057 0.4356505 0.36847037 9273977
-0.2397182 0.4412494 0.36615127 9669249
-0.23158729 0.44148853 0.36675853 9471872
-0.2213546 0.44195393 0.36627942 9340285
-0.21237081 0.44008401 0.3669011 9668991
-0.16918266 0.44047907 0.37043482 9735042
-0.25348595 0.44480816 0.36691231 9405563
-0.21948445 0.44732812 0.3702988 10260874
-0.2104193 0.44582525 0.36859709 9537151
-0.15969035 0.4454762 0.3682763 9011321
-0.14885223 0.4474062 0.36946279 9471615
-0.24082032 0.45850149 0.37024993 10261388
-0.13701448 0.45580247 0.36738735 9011321
-0.12959853 0.4578003 0.36860234 9537664
-0.11748775 0.46579638 0.36654359 9340284
-0.11008405 0.46839407 0.36772567 9603457
-0.10466034 0.47479251 0.36581641 9603456
-0.10109847 0.47479144 0.36579221 9669249
-0.086826853 0.47478703 0.36925727 9537663
-0.29483187 0.48696986 0.36848623 9603973
0.16280009 0.48570946 0.36680514 10592669
0.16999716 0.48637393 0.36671036 10395035
0.18169053 0.48695365 0.36748785 10592416
0.19167021 0.48881152 0.36998719 10591902
0.2932218 0.48754349 0.3702808 9471870
0.3121444 0.4878861 0.36597544 9997700
0.3802897 0.48908237 0.37039953 9735559
0.20048033 0.49229768 0.37041742 10591390
0.28338522 0.49234393 0.36845726 10524558
0.34950146 0.49154225 0.36615449 9800837
0.35950655 0.49049142 0.36761945 9866630
0.36447135 0.49163023 0.36900967 9866373
0.20284343 0.4966971 0.3657766 10525853
0.26439559 0.49912825 0.3703118 9735042
0.27325523 0.49728957 0.36763018 10064008
0.28877187 0.49742046 0.36965996 10590349
0.30042732 0.4966667 0.36872715 10918800
0.30765396 0.49666455 0.36867815 9931391
0.33114046 0.49665728 0.36851853 10853006
0.34026891 0.49732116 0.3684122 11050386
0.35137388 0.49898437 0.3700332 10589837
0.27982482 0.50007319 0.37008768 10064007
0.36067706 0.50064802 0.36986011 10063493
-0.30066752 0.5066973 0.36785179 9801352
0.21424568 0.50569344 0.36871475 10394007
0.22968769 0.50551534 0.36952835 8879219
0.23523371 0.50671709 0.36800092 9208184
0.24701597 0.50570142 0.36881489 9208184
0.2598874 0.50792921 0.37007242 9800578
0.2689476 0.5076766 0.36821026 9735042
0.37073836 0.50697827 0.36756319 9997700
0.38177311 0.50764155 0.36926228 9537663
0.39981303 0.50926101 0.37039644 9405564
0.41085321 0.50746584 0.36907476 10195081
0.42166147 0.50696242 0.36721724 9734789
0.43108782 0.50862622 0.36704236 9800839
0.44033447 0.50919485 0.37058312 9998218
0.21999718 0.51019168 0.37019688 10920094
0.25178179 0.51108181 0.37028676 9273977
0.39029446 0.51063895 0.36864322 9208185
0.22963698 0.51802206 0.36779076 9142911
0.2478437 0.51668298 0.36775571 9339770
0.24077572 0.5200187 0.36758226 9142648
-0.15989721 0.41946629 0.3727662 9537151
-0.18348902 0.42910627 0.37416273 9537406
-0.1733045 0.42640737 0.37422985 9142650
-0.16442448 0.42495897 0.37195462 9800322
-0.20315695 0.43208578 0.37549335 9339770
-0.25303984 0.43919376 0.37228721 9339770
-0.24391758 0.43784621 0.37153941 9406078
-0.23366162 0.43791631 0.37173408 9340286
-0.22573143 0.43837407 0.37175089 8945528
-0.20221591 0.43607965 0.37109345 9142391
-0.18976018 0.43898538 0.37067932 9537151
-0.17932442 0.43898228 0.37060839 10064009
-0.2594333 0.44151369 0.37459189 10063493
-0.20961767 0.44232503 0.37232655 9471615
-0.20048305 0.44032219 0.37065929 9997702
-0.15885118 0.44114259 0.37206191 9077112
-0.14924115 0.44105628 0.3746137 9603456
-0.1417076 0.44280389 0.37531811 9537665
-0.26247022 0.44802979 0.37191337 9997957
-0.13931468 0.44894603 0.37138754 9274493
0.063795656 0.44874027 0.37352353 10394259
-0.2365087 0.45283332 0.37354118 10063752
-0.23024082 0.4509981 0.37186784 10392460
-0.1301029 0.45155039 0.37377971 9800580
0.070699491 0.45173803 0.37327725 9801609
-0.27196711 0.45880082 0.37113577 10129286
-0.12042115 0.45942238 0.37097889 9537664
0.081105307 0.45606819 0.37291878 9538178
0.091609545 0.45873144 0.37267023 9932936
-0.11055749 0.46129432 0.37299329 9340286
-0.10297961 0.463792 0.37365979 9800837
0.10037577 0.46172896 0.37241131 9603971
0.10565213 0.46372727 0.37224263 9735557
-0.099565379 0.46939078 0.37113255 9669250
0.11094253 0.46572557 0.37207383 9669764
0.11980633 0.4685562 0.37359828 9735301
-0.28794944 0.47421339 0.37478417 9932164
-0.090584598 0.4711881 0.37166101 9274491
-0.082972057 0.47278574 0.37292606 8682354
0.13136846 0.47271922 0.37413687 10064010
0.13761854 0.47471729 0.37485677 9932425
-0.079857253 0.47603479 0.37090498 9076860
0.14222607 0.4784303 0.37101346 9603462
0.14979398 0.47931364 0.37161642 10130578
0.15789595 0.47937754 0.37203425 10657435
-0.29122621 0.4816871 0.37125152 10063752
0.16985488 0.48070744 0.37246329 10855328
0.17995295 0.48290423 0.37261039 10789536
0.28596142 0.48878863 0.37083763 9932421
0.30015796 0.48744467 0.37110168 9669249
0.31615797 0.48756507 0.37287682 10064007
0.32571331 0.48911813 0.37434894 10064009
0.35408798 0.48945656 0.37104291 9668994
0.38282761 0.4880195 0.37381727 9867144
-0.29916 0.49289444 0.3734954 9274751
0.27396703 0.4915947 0.37390858 10392973
0.29119849 0.49466959 0.37253147 10392458
0.2999883 0.49266699 0.37260002 10589835
0.31161037 0.49346331 0.37102634 9931134
0.32159975 0.49266019 0.3706488 10194306
0.3306219 0.49265745 0.372392 10129540
0.33840808 0.49241391 0.37182409 9997957
0.34561285 0.49037078 0.37253302 9866373
0.36653793 0.49064198 0.3738789 9537151
0.37278217 0.49047211 0.37094325 9471615
0.20952728 0.49909487 0.37135702 10591386
0.2459573 0.49954382 0.37517351 9405820
0.36957324 0.49947861 0.37349695 10129543
-0.30087602 0.5028491 0.37334985 9538178
0.23568612 0.50166941 0.37326783 9208184
0.25561726 0.49993482 0.37260813 9603199
0.26496634 0.50367773 0.37213284 9537663
0.27202824 0.50167561 0.37221307 9603456
0.3798936 0.50164199 0.37419814 9800835
0.39021498 0.50363886 0.37491184 9602942
0.40291882 0.50363493 0.37482566 9537149
0.40992853 0.50229943 0.37486035 9997700
0.42073387 0.50196266 0.37299269 9734787
0.42993018 0.50262654 0.37288898 9800837
0.43558595 0.5036248 0.37460369 9998218
0.22929478 0.51268876 0.37179822 9011581
0.23931889 0.51243579 0.37265724 9142649
0.44970649 0.51912045 0.37080306 9932682
0.47482195 0.54961264 0.37523383 5192758
0.47990024 0.55561113 0.37484282 5322801
-0.14470381 0.41376904 0.3801536 9669253
-0.18153298 0.42370263 0.37902433 10129800
-0.19768932 0.42642644 0.38049561 9406077
-0.18935192 0.42906871 0.38000494 10459023
-0.17948729 0.42870453 0.37996012 10853781
-0.25388533 0.43437925 0.3779462 9537149
-0.24171829 0.43310311 0.37850338 9800837
-0.23278549 0.43347326 0.37916058 9471614
-0.22270715 0.43436459 0.37772745 9142134
-0.21262303 0.43254378 0.37759823 9076598
-0.19836494 0.43082145 0.3805334 10458510
-0.1936084 0.42973486 0.37561494 9076855
-0.21939594 0.43957797 0.37953597 10327181
-0.21012613 0.43699184 0.37906271 9800580
-0.2012099 0.4358224 0.37618726 9997702
-0.1665011 0.43581167 0.37595159 10393485
-0.15807572 0.43714216 0.3758058 9932421
-0.15079805 0.43547347 0.37933701 9998213
-0.13881439 0.43840304 0.37976128 9866372
-0.22957364 0.44583121 0.37746149 10261131
-0.12665364 0.44679931 0.37844664 10129800
-0.11889108 0.44859686 0.37967616 10064007
0.062791638 0.44540706 0.37840909 9736073
0.070892654 0.44740465 0.3805564 9538178
-0.26965174 0.45221415 0.37571675 9932164
-0.10712007 0.45629326 0.37770492 9603456
-0.098167025 0.45879057 0.37999791 9603456
0.084654763 0.45573369 0.37643439 9472383
0.092384778 0.45673135 0.3777253 9537919
0.1004729 0.45822886 0.37968653 9208952
0.10881741 0.46147624 0.37987214 9800578
-0.087594412 0.46778718 0.37683529 8945012
-0.078331582 0.46828416 0.37984031 9273978
0.11273699 0.46572497 0.37560266 9142907
0.12073453 0.46622255 0.37994367 9273978
0.13049905 0.46905282 0.3805899 9997703
0.1411788 0.47171643 0.38035542 9668995
0.15186219 0.47271302 0.38022178 9274750
0.16075514 0.47271016 0.38016146 9340543
-0.29242408 0.47864977 0.3785215 9669249
0.16976289 0.47670725 0.37807697 9538437
0.18143941 0.47870365 0.37876636 10394004
0.38560343 0.48309019 0.3785612 9801350
-0.29547125 0.48522082 0.37584549 9406078
0.19516145 0.48569945 0.37734848 11248544
0.20064561 0.48744777 0.37899762 10524564
0.27342898 0.4862726 0.38006669 10261386
0.28244621 0.48715892 0.37875301 9734784
0.29157823 0.48678246 0.3776949 9866371
0.2994442 0.48766711 0.37831098 10392455
0.30263928 0.48494199 0.37762314 9537663
0.3101607 0.48716369 0.37826866 9668220
0.3115463 0.48556975 0.37708634 10195337
0.31999731 0.48691073 0.37732035 9997442
0.33097753 0.48705724 0.37849265 9800321
0.34028018 0.48848775 0.37858123 9997957
0.34998098 0.48920694 0.37966734 9866371
0.35707822 0.48732069 0.38034815 9537151
0.36736587 0.48710623 0.37975818 9405565
0.37651694 0.4868454 0.37812203 9735301
-0.30065009 0.49219266 0.37787741 8945783
0.26516736 0.49241272 0.37619573 9866630
0.36048752 0.49027315 0.37998229 9997957
0.21379916 0.49719372 0.37831849 10195599
0.23930563 0.49636558 0.37897974 9077112
0.25086224 0.4994823 0.37828702 9142391
0.26093888 0.4990125 0.37607831 9537663
0.27160159 0.49700907 0.37612933 9735042
0.3800503 0.49697545 0.37900704 10063750
0.3918801 0.49843839 0.38028485 9273976
0.39963341 0.49863604 0.37997931 9602684
0.4092088 0.49829975 0.37872976 9866371
0.41974011 0.49662986 0.37875718 9800836
0.4315902 0.49712601 0.37955028 9866630
0.221214 0.49989143 0.37991315 9340289
0.22344774 0.50669062 0.37585956 9735304
0.23086177 0.50868833 0.37568563 8945529
0.24170738 0.50768507 0.37567359 9997700
0.24700426 0.5056833 0.37576121 9537149
0.44369853 0.50762236 0.37794083 9998216
0.45330656 0.5186193 0.37722188 9932423
0.46123824 0.52695036 0.38035733 10063238
0.46848392 0.53761458 0.37969929 8023142
0.47396258 0.54561293 0.37920541 5455671
0.48412871 0.5576098 0.37845141 5717557
-0.15450168 0.41371313 0.38114578 9274493
-0.17285377 0.41758552 0.38348275 9339772
-0.16363353 0.4156945 0.38084024 9142907
-0.13701776 0.41653755 0.38249236 10129802
-0.18223101 0.42041722 0.38323408 9471615
-0.21708679 0.42886534 0.38303822 9076598
-0.17040741 0.42938426 0.38084489 10919572
-0.25273776 0.43014696 0.38366395 9866630
-0.24443716 0.4300783 0.38264614 9603458
-0.23738122 0.4303104 0.38280123 10261388
-0.20732635 0.43232432 0.38338667 10129545
-0.16018125 0.43014303 0.38146871 10393226
-0.14997956 0.43113974 0.38306922 11182742
-0.14162779 0.43280402 0.38290936 10524556
-0.26304907 0.43868056 0.38142401 10195594
-0.13061041 0.43930057 0.38156146 9602943
0.061300136 0.43755689 0.38500422 9604223
-0.23580971 0.44283321 0.38293165 10261388
-0.22855392 0.44158104 0.38121659 9866116
-0.12422512 0.44279853 0.3821736 9866628
-0.11374039 0.44279531 0.38558966 9866630
0.041485567 0.4417471 0.38459462 9407107
0.051134188 0.44024411 0.38374692 9472387
0.059865586 0.44250646 0.38230163 8551538
-0.24070078 0.44858471 0.3808586 10655889
-0.1097684 0.44922259 0.38217491 9932422
0.053358193 0.44514003 0.38323551 9143416
-0.27717236 0.45317999 0.38507682 10195593
-0.27314645 0.45035139 0.38155633 9932421
-0.10107405 0.45145813 0.38498873 9537663
0.046376061 0.44987145 0.38492662 9077112
0.080854207 0.45098487 0.38070661 9340540
0.090903707 0.45323196 0.3826974 9472123
-0.2806589 0.46078816 0.38198346 9998214
-0.088905416 0.46107319 0.38181013 9471613
-0.081422128 0.46178535 0.38424116 9471356
0.118104 0.4627234 0.38282639 9208184
-0.2897217 0.4717578 0.38280708 9734785
-0.068819724 0.46978131 0.38114351 9669253
0.17053847 0.4722071 0.38279396 9208699
0.17963476 0.47270432 0.38394684 9406335
0.18755713 0.47470191 0.38520354 9669249
0.19136417 0.48055771 0.38126498 10590869
0.20043784 0.48269787 0.38465935 9800837
0.28459781 0.48219028 0.38361079 9603454
0.29177666 0.48300281 0.38401991 10063747
0.29899123 0.48268703 0.38334006 9471870
0.30057544 0.48166671 0.38403624 9603196
0.30952102 0.48166397 0.38397557 9602682
0.32106653 0.48246041 0.38241822 9866113
0.33117461 0.48299053 0.38375241 9734528
0.3384302 0.48365501 0.38366503 9208698
0.37640357 0.48115912 0.38491899 9406335
0.38225007 0.48240796 0.38210195 9867143
0.23731172 0.48903313 0.38553768 9274491
0.26412088 0.48853722 0.38126367 9669250
0.27089217 0.48934248 0.38199979 9471869
0.32353058 0.48474815 0.38492459 9866630
0.32845056 0.48726407 0.38164145 9866630
0.33728153 0.48843709 0.38136357 9866373
0.34710664 0.48782673 0.380871 9735044
0.20880777 0.49083808 0.3810479 9668998
0.2190994 0.494692 0.38384777 9406080
0.24285948 0.49186411 0.38362139 9405820
0.24949387 0.49134937 0.38383156 9208441
0.25529993 0.49123231 0.38076788 9668992
0.26031575 0.49167934 0.38193458 9537406
0.37121585 0.49144498 0.38155442 10195336
0.38132042 0.49364176 0.38280278 9011059
0.38690078 0.49464002 0.38270789 9208438
0.40313959 0.49463502 0.38259751 9800318
0.41190839 0.4932988 0.38261408 9800834
0.42098966 0.49362937 0.38253337 9800836
0.42840004 0.49462715 0.38242596 9866630
0.23022951 0.49918857 0.38170272 8879735
0.23838581 0.49943605 0.38072902 9077113
-0.30192238 0.50149488 0.38534957 10261386
0.44005701 0.50162339 0.38073891 9866630
0.44945598 0.51062047 0.38209563 9932423
0.45743704 0.52061808 0.38257712 10064010
0.4801484 0.55094433 0.38135213 5322030
0.48791021 0.5576086 0.38218182 9008493
-0.15219605 0.41320637 0.39025539 9274236
-0.1419417 0.41584149 0.38856763 9405822
-0.1355553 0.41646019 0.3886494 9801094
-0.12980203 0.41923538 0.38667744 9866889
-0.11512575 0.41871634 0.38647288 9736075
-0.22177657 0.4246017 0.38856846 9537149
-0.21159676 0.42313221 0.38838083 9866628
-0.20280105 0.42322412 0.38564998 9866628
-0.19217172 0.42073491 0.38585728 9998216
-0.1212595 0.41976967 0.387384 9735561
-0.2528125 0.42624775 0.38938159 9998215
-0.24101737 0.42530158 0.38897115 9471614
-0.23173034 0.42557672 0.38887137 9142391
-0.20970035 0.42765859 0.38944095 10392974
-0.20060763 0.42548898 0.38835806 10590609
-0.16602054 0.42481151 0.38701433 10919316
-0.14916277 0.42680624 0.38678092 10524812
-0.13900572 0.42796972 0.38836664 10392713
-0.26181293 0.43320289 0.38618571 10261386
-0.21882188 0.42982784 0.39052933 10524559
0.061342716 0.43333998 0.38877922 9143418
-0.23998669 0.4386678 0.38900906 10788758
-0.23070815 0.436165 0.38793653 10261644
-0.22346467 0.43482926 0.38681036 9800323
-0.12825322 0.43579975 0.38610417 9405565
-0.11926159 0.43819693 0.38728875 9997701
-0.26900721 0.4418942 0.38598508 10195593
0.05674082 0.43981376 0.38615447 8879732
-0.26871687 0.44884339 0.38803178 10592922
-0.2599062 0.44859067 0.38711375 11052701
-0.10035882 0.4467912 0.38875753 9010805
0.036110856 0.44474879 0.38794476 9472387
0.047896963 0.44473675 0.38835603 9077112
0.072773665 0.44473734 0.38769561 9011319
0.082168922 0.44633463 0.38893729 9077110
0.091918804 0.44839826 0.38910538 9208179
0.04048818 0.45005527 0.38656837 9077112
-0.08762721 0.45578721 0.38815743 9537149
-0.0789643 0.45878449 0.38993758 9668736
0.011461763 0.45735636 0.38950449 9208705
0.017826615 0.45675448 0.387384 9603719
0.11022747 0.45672575 0.38763565 9603195
0.12036002 0.45934775 0.38961869 8945266
-0.28670496 0.46569911 0.38592225 9932164
-0.067951165 0.46728113 0.38825256 9339771
0.13229196 0.46671894 0.38603562 9076598
0.14117195 0.46838287 0.38588017 8879219
0.15179816 0.46771291 0.38584608 9273977
0.16066188 0.46771017 0.38578588 9800321
0.16951087 0.46704069 0.386944 9471355
0.18018925 0.46770409 0.38919884 9274232
0.38342535 0.47369042 0.38790125 9735044
-0.29458475 0.47596934 0.3864184 9405820
0.20023033 0.47819796 0.38848788 9800835
0.20923768 0.47944513 0.39014345 9011833
0.26454651 0.4788107 0.39033324 9735042
0.28072307 0.47967294 0.38964361 9668989
0.29274282 0.47864452 0.38910347 9668991
0.3019408 0.47847572 0.39014369 9668992
0.30915052 0.47841421 0.38862592 9734528
0.32062522 0.47741047 0.38860279 9734528
0.33057052 0.47832409 0.38937718 10129800
0.34147343 0.4796541 0.38923091 9603456
-0.29835105 0.48276523 0.38560373 9142905
0.24640733 0.48411337 0.38909942 9734528
0.25355458 0.48432627 0.38723713 9602942
0.27009812 0.4806762 0.38966173 9471612
0.27507132 0.48075488 0.38563126 9735042
0.30634621 0.48119476 0.38738531 9471870
0.31518659 0.48281649 0.38608962 9537665
0.33234328 0.48443618 0.38665873 9669251
0.34583184 0.48471811 0.38722807 9800323
0.35867137 0.48160747 0.38936406 9339770
0.36556649 0.48345211 0.38627797 9274491
-0.30104226 0.48752263 0.38752645 9537663
0.21317247 0.48569384 0.38798946 8617076
0.22049972 0.48802486 0.38781184 9209213
0.23193236 0.48697463 0.38825959 8682356
0.24015671 0.48668543 0.3877514 9077112
0.24907526 0.48601606 0.38772732 9208441
0.25801727 0.48568001 0.38768488 9471356
0.37113538 0.48631147 0.38687986 9471354
0.38205391 0.4871414 0.38855404 9274232
0.39024994 0.48883894 0.38804704 9405561
0.40028331 0.48863581 0.38834924 9668733
0.41090891 0.4877992 0.38832229 9734784
0.42155766 0.48712924 0.38828558 9735043
0.43093866 0.48912635 0.38811356 9603458
0.43949312 0.49042371 0.39050394 9866630
-0.30192679 0.49535802 0.3860752 9669249
0.44370353 0.49862233 0.38751978 9932423
0.45020333 0.50362027 0.38902384 9866630
0.48192081 0.54761052 0.38650268 4928813
0.49169174 0.55760741 0.38591224 10323585
-0.17182079 0.41449991 0.3907848 10195082
-0.16592059 0.41183463 0.39492673 10129288
-0.16204953 0.41265455 0.39079314 9800581
-0.23106766 0.41934863 0.39479834 9603712
-0.19920361 0.41821137 0.39150685 9932423
-0.18284398 0.41575447 0.39077824 9734530
-0.17855006 0.41881528 0.39088303 10196107
-0.1688062 0.41943744 0.39121038 10130056
-0.12330078 0.41754857 0.39348215 9603718
-0.11162438 0.41583827 0.39385647 9867148
-0.25194854 0.42243162 0.3946051 10392972
-0.24328011 0.42096892 0.39444035 9734786
-0.2085866 0.42282477 0.39430302 10854036
-0.19909069 0.42182174 0.39291769 10459279
-0.18905473 0.41981867 0.39089721 10590865
-0.15890771 0.42020932 0.39204508 10129540
-0.14905688 0.42109194 0.39251798 10590091
-0.13800204 0.42246965 0.39384192 10721677
-0.26246297 0.42893568 0.3932237 10327179
-0.12924175 0.42865732 0.39097303 10524043
0.063603811 0.42883578 0.3937071 9011576
0.069507606 0.42800048 0.39389688 9011319
-0.23853889 0.43283406 0.39395911 11315872
-0.22886533 0.43143097 0.39258462 10985367
-0.11975128 0.43179706 0.39234096 10063493
0.058381084 0.43005374 0.39508969 9143161
-0.2493028 0.43843737 0.39163762 11052700
-0.10949021 0.43812731 0.39105052 9273977
0.040349986 0.43949762 0.39212841 9471616
0.045381408 0.43916562 0.39408952 9077369
0.05041967 0.4380776 0.391702 9537408
0.0538035 0.43694535 0.39127499 9077368
0.060821861 0.43874112 0.39159375 9471614
-0.27264246 0.43983772 0.39336318 10919316
-0.26873508 0.44234338 0.39364415 10724508
-0.25869361 0.43984023 0.3923189 10789786
-0.099544831 0.44145754 0.39254051 9339256
0.032785445 0.44274989 0.39505583 9142393
0.070724554 0.43988088 0.39245874 9537149
0.080773905 0.44098487 0.39394981 9602682
0.090332262 0.44223204 0.39469105 9536631
-0.27724069 0.44504896 0.39340359 10525846
-0.09086778 0.44898835 0.39066678 9668735
0.029044596 0.4464654 0.39138931 9274494
0.038102072 0.44502988 0.39107567 8945526
0.099931404 0.44872883 0.39127821 9273459
-0.28132042 0.45098999 0.39325672 9932421
-0.082354195 0.45178559 0.39419526 9471357
0.011102704 0.45308998 0.39466161 9537151
0.021172492 0.45092013 0.39119858 9340288
0.10872538 0.4507263 0.39271659 9405558
0.11643762 0.45372394 0.39391118 9800573
0.00096954999 0.45675984 0.39312941 9405825
-0.28933793 0.46262982 0.39362377 10129800
-0.071341656 0.4607822 0.39340681 9734528
-0.063938044 0.46377984 0.39461237 8879219
-0.0276007 0.46276858 0.39353389 10920093
-0.019515062 0.46126607 0.39267582 9800840
-0.010558108 0.45976332 0.39269489 9471875
0.13001522 0.46157685 0.39088267 9011060
0.14112595 0.46221617 0.39152986 8945011
0.15170965 0.46154621 0.3914929 9274231
0.16052945 0.46121028 0.39145046 9274231
0.16864808 0.46110764 0.39175421 9471610
0.17999268 0.46203759 0.39304274 9405817
-0.060411446 0.46861222 0.39137655 9669253
-0.028799156 0.46576896 0.39072794 10788763
0.38267505 0.46850088 0.39411598 9801350
0.19095224 0.47020069 0.39076179 9340027
0.20178562 0.47336403 0.39230078 9340797
0.230372 0.47468856 0.39559883 8748147
0.24105757 0.47468534 0.39552611 8813940
0.25174314 0.474682 0.39545363 9077112
0.25886688 0.47467974 0.39540523 9142905
0.26955244 0.4746764 0.39533275 9274746
0.280238 0.47467306 0.39526004 9603453
0.29070097 0.47266975 0.39528912 9932161
0.30121627 0.47133318 0.39528435 10063748
0.3109338 0.47333017 0.39393097 9800321
0.31854036 0.47346106 0.39363521 9537149
0.32982993 0.47265771 0.39502329 9800321
0.34078962 0.47465435 0.39484876 9405563
0.27449113 0.47544947 0.3917262 9406077
0.28466886 0.47577646 0.39105481 9340284
0.3157458 0.47868326 0.39291042 9866630
0.32769677 0.47944537 0.39317507 9603457
0.33635697 0.47967127 0.39231497 9603200
0.34495866 0.47715965 0.39414901 9471615
0.35300189 0.4790341 0.3915711 9405821
0.36615241 0.47684887 0.3921811 9406079
0.37466511 0.47591832 0.39073569 9735044
0.22007243 0.48102501 0.39177483 9011833
0.23347311 0.48107484 0.39233154 9274235
0.24261861 0.48046294 0.39205056 9076855
0.25044328 0.48068228 0.39158612 9011319
0.25568998 0.47999623 0.39065927 9405820
0.26074186 0.47987917 0.39155465 9208441
0.37019619 0.4803119 0.39257532 9537149
0.38017297 0.48114207 0.39336008 9471354
0.39010409 0.48163906 0.39416331 9274231
0.39904964 0.4816362 0.39410251 9537149
0.40978432 0.48163286 0.39402968 9866114
0.42051902 0.48162952 0.39395672 9735042
0.43139026 0.4822928 0.39384943 9735044
0.44832104 0.49462095 0.39311701 9932423
0.48223433 0.54061043 0.39244074 4730922
0.48912919 0.54960811 0.3908301 4599336
-0.21341419 0.41398433 0.39787656 10129543
-0.2039063 0.41346386 0.39662009 9997957
-0.19348598 0.41238478 0.39635581 9866115
-0.18348682 0.4122602 0.39566725 9668736
-0.17369336 0.41165581 0.39599162 9866117
-0.15755874 0.41207507 0.39889687 10063493
-0.15220284 0.41183797 0.39894682 9734528
-0.1418218 0.41399983 0.3989442 9866629
-0.1137592 0.41423514 0.39887244 9801095
-0.2431671 0.41631225 0.40043467 10261899
-0.23358384 0.41522995 0.39970189 10196106
-0.22317326 0.41504255 0.39825827 10064007
-0.18966109 0.41481891 0.39803416 11117208
-0.18110728 0.41481605 0.39797598 11249050
-0.17084268 0.41481307 0.39790624 10656911
-0.16003773 0.41560975 0.39915973 10130054
-0.15048757 0.41580656 0.39942652 10984849
-0.13992506 0.41694644 0.40002936 10458504
-0.13111979 0.41566923 0.39774567 8945529
-0.11985954 0.41582385 0.39833659 9537411
-0.26060379 0.42443612 0.39709145 10392972
0.065146476 0.42460719 0.40021378 9011319
-0.22906688 0.42663112 0.39906245 11051415
-0.22106907 0.42482856 0.3977235 10787730
-0.12461125 0.42479864 0.3970682 10589837
-0.11803963 0.42679659 0.39778012 10129285
-0.10944203 0.42865101 0.39972073 10326663
0.054151885 0.42848888 0.39986557 9077114
0.073202498 0.42505363 0.40011603 9011319
-0.26916248 0.43314555 0.39671272 10524558
-0.25960401 0.4363406 0.39969724 10592408
-0.25114045 0.43483797 0.39740378 10592149
-0.10547147 0.43479267 0.39641422 9142391
-0.098185338 0.43719044 0.39762717 9800320
-0.088772379 0.43950167 0.39952928 10523786
0.014496831 0.43796673 0.40039247 8879477
0.040103171 0.43708089 0.40051275 9668735
0.050625969 0.43474415 0.39882225 9800321
0.062765047 0.43474045 0.39873987 9866114
0.071435817 0.43473783 0.39868098 10194308
0.081806757 0.43606785 0.39854378 9668218
0.091055781 0.43673185 0.39960378 9602682
0.099143222 0.43822935 0.40005249 9471353
0.016055597 0.44134179 0.39743477 9077114
0.027483581 0.44144264 0.39828283 9076599
0.036016434 0.4402751 0.39604253 9208698
-0.28038156 0.44564703 0.40053016 10987427
-0.086328961 0.44678691 0.39565533 9142391
-0.078530185 0.44753435 0.39993554 9997699
0.019803649 0.44608715 0.39962822 9339771
0.11124785 0.44572559 0.39785987 9405817
0.12086026 0.44922259 0.39849347 9274488
0.12962934 0.4499698 0.40014809 8945266
0.14190033 0.45021608 0.40005285 9208438
0.15153636 0.45054629 0.39909333 9340024
0.16031781 0.45121029 0.39900178 9340024
0.16837581 0.45090786 0.39931267 9537403
0.38983637 0.45220914 0.40032965 9735559
-0.28708795 0.45647684 0.39689678 9932421
-0.06765715 0.45611432 0.39973038 9142390
-0.029248023 0.45910266 0.40049332 9471359
-0.020830685 0.4570165 0.39995319 9471615
-0.010202209 0.45609644 0.39816755 9274236
0.13228332 0.4557189 0.39721638 9274231
0.13931817 0.45571676 0.39716846 8616301
0.17273366 0.45570639 0.39694148 9537403
0.17982261 0.4570376 0.39682657 9340024
0.19121902 0.45970073 0.39802319 9208953
0.38331574 0.45984939 0.39795882 9800837
-0.29481936 0.46695581 0.39786083 9932421
0.20151033 0.46769765 0.39614528 9406590
0.22912392 0.46943894 0.39852935 8945528
0.24068883 0.46968535 0.39932936 9077112
0.26978943 0.46947625 0.4005596 9340539
0.27369562 0.46935323 0.39978176 9669250
0.29024112 0.46833673 0.39905638 9668989
0.30163696 0.46716633 0.39991981 9997954
0.33005202 0.46885768 0.40017873 9866114
0.34000978 0.46898773 0.40045935 9800321
0.37635723 0.4665536 0.39767081 9537922
0.21057811 0.47119465 0.39590842 9209211
0.21938729 0.46985868 0.39768583 9077626
0.24385366 0.47270158 0.39771885 8747633
0.25295809 0.471944 0.39731473 9537149
0.26490673 0.47175029 0.39618713 9340284
0.28828534 0.47218755 0.39798409 9406079
0.29603395 0.47314218 0.39860934 9142907
0.30525252 0.47426119 0.39756984 8945528
0.32610652 0.47440901 0.3982293 9406078
0.33617967 0.47422996 0.39768535 9406079
0.35078269 0.46981791 0.40034717 10063493
0.35645524 0.47379592 0.39660448 9406079
0.36091927 0.47104815 0.40057653 9931651
0.36965632 0.47208133 0.39862555 9669249
-0.29771554 0.47482505 0.39575166 9866628
0.23680371 0.47659853 0.39561552 9537149
0.31339872 0.47481111 0.39747733 9406078
0.37320074 0.47664431 0.39809519 9668735
0.38039115 0.47697523 0.39803034 9405817
0.3912102 0.47763851 0.39792508 9471610
0.40013236 0.47763577 0.3978644 9537403
0.40905458 0.47763303 0.39780384 9800832
0.41976118 0.47762969 0.39773113 9735042
0.43046781 0.47762647 0.39765841 9866630
-0.30144653 0.48007217 0.39822346 10064264
0.44055018 0.48028997 0.39865226 9866630
-0.3031159 0.48705807 0.39716297 9932934
0.45068705 0.48862031 0.39968866 10261131
-0.30251837 0.49792007 0.3957687 9866885
0.48947635 0.53960812 0.3980127 4335393
0.49690968 0.53960586 0.39981455 4598567
-0.21360749 0.4083598 0.4032616 10458251
-0.19860613 0.40751079 0.40197664 10195079
-0.18964291 0.40753546 0.40246743 9997700
-0.18180418 0.40818074 0.40261716 9734529
-0.17293137 0.40815607 0.40382582 9931908
-0.2423566 0.41188708 0.40536886 10261899
-0.22974151 0.40991774 0.40485817 9800835
-0.22477269 0.41028896 0.40330464 10129800
-0.19013879 0.41241911 0.40362865 11117205
-0.18055558 0.41231599 0.40322644 11314584
-0.1703085 0.41231301 0.40315694 10985363
-0.16147321 0.41157094 0.40274864 10458506
-0.15094537 0.41141036 0.40431303 10589835
-0.14135349 0.41280392 0.40464479 10195331
-0.11111707 0.41304269 0.40480584 9669764
-0.25268921 0.41785887 0.40203398 10524558
-0.20940879 0.41904715 0.40137464 10788498
-0.19903368 0.41669682 0.40099508 10985621
-0.13036937 0.41835597 0.40087026 11116178
-0.087493323 0.41718534 0.40320367 10459796
-0.079398774 0.41943219 0.40182668 10262418
-0.26160249 0.42229858 0.40393943 10261386
-0.22915798 0.42283121 0.404764 10788243
-0.21965322 0.42097095 0.40233201 10788243
-0.12109112 0.42039755 0.40276879 11247762
-0.11210968 0.42229477 0.40399271 10984077
-0.076980345 0.42240766 0.40429014 9999502
0.055075239 0.42200282 0.40519851 9537664
-0.23914057 0.42838982 0.40111023 10657171
-0.27224809 0.43178144 0.40499252 10195593
-0.25751829 0.4328399 0.40447944 10723737
-0.24979109 0.43155172 0.40201479 10723478
-0.099821828 0.429791 0.40285856 10128770
-0.091263957 0.4327884 0.40335006 10523528
0.045719739 0.43083218 0.40207154 9274491
0.050760049 0.43241099 0.40240139 9800064
0.060294554 0.43199125 0.40149039 9602428
0.07156039 0.43173793 0.40229183 9865344
0.081936158 0.43206802 0.40220541 9734012
0.088844873 0.43273249 0.40212661 9537403
0.10273553 0.43172815 0.40554148 9997954
0.10618656 0.43272713 0.40547258 9800575
0.0053401948 0.43616596 0.40187389 9011320
0.035032973 0.43703488 0.40119249 9603199
0.10958081 0.43889263 0.40226716 9340024
-0.28068984 0.44301 0.40383571 10129543
-0.2775355 0.44284609 0.40065092 10987427
-0.27000964 0.44073275 0.40070456 10658717
-0.080426984 0.44228497 0.40282303 10720907
0.022371767 0.44275311 0.40210086 9471356
0.11932824 0.44132307 0.40359718 9077109
0.13049303 0.44271961 0.40485364 8945266
0.14095408 0.44271627 0.40478247 9142645
0.15140094 0.44204631 0.40474182 9603196
0.1618762 0.44270995 0.40464038 9340024
0.17062791 0.44370714 0.40453559 9537403
0.17589729 0.4447054 0.40445453 9471610
-0.28613105 0.44884887 0.40215951 11119013
0.01098383 0.44847098 0.40090185 9471613
0.1802536 0.44930413 0.40211219 9406074
-0.28911984 0.45389286 0.4053089 9998215
-0.07173913 0.45144907 0.40115565 9273719
-0.02751332 0.45376864 0.40542775 8681840
-0.019476244 0.45226613 0.40456301 9208439
-0.0097141359 0.45092979 0.4036805 9405562
0.00039476008 0.45038489 0.40144485 9537149
0.18926831 0.45095137 0.40320176 9472124
0.19900815 0.45269838 0.4039343 9933188
-0.059389018 0.45940343 0.40141791 8550510
-0.038690142 0.45954981 0.4017095 9405821
0.20195524 0.45894733 0.40098494 9801348
0.21097422 0.45929447 0.40214008 9275004
0.22046387 0.45869175 0.40351635 9077112
0.37271792 0.45818654 0.40452296 9669251
0.38342911 0.45619634 0.40190178 9800839
0.22937198 0.46002212 0.40339524 9077112
0.24019046 0.46301892 0.40318567 9142905
0.24731357 0.46368328 0.40310699 9800835
0.25370884 0.46196094 0.40496498 9405564
0.28974718 0.46367028 0.40281874 9734782
0.29858747 0.46366742 0.40275866 9997954
0.25195482 0.46848181 0.4007265 9011319
0.26161525 0.46796313 0.40110797 9208698
0.27957842 0.46800676 0.40091521 9537403
0.28254145 0.46831432 0.40207404 9603458
0.3114534 0.46766356 0.40071458 9602941
0.32132927 0.46726027 0.40102071 9668735
0.33537671 0.46939495 0.40185899 9340286
0.34481961 0.46844187 0.40148979 9406335
0.35490081 0.46687284 0.40229803 9340799
0.36449042 0.46559456 0.40158826 9472127
0.29758754 0.46972683 0.40345353 8879733
0.3188211 0.47102132 0.40203983 9537665
0.32596511 0.47032931 0.40222567 9406079
0.38026351 0.47184196 0.40325183 9470586
0.39030382 0.47230557 0.4035179 9931137
0.40100288 0.47246888 0.40343803 9207671
0.4115456 0.47179905 0.40339583 9932164
0.4213118 0.47082916 0.40372854 9669250
0.43003786 0.4718267 0.40291375 9866630
0.43922901 0.47237387 0.40407246 10195338
0.44720221 0.48062125 0.40276438 10195338
0.48050395 0.52461088 0.40243345 4667697
0.48487467 0.52760959 0.40227455 4139043
0.49180824 0.53360736 0.40196925 4006430
-0.21316636 0.40329722 0.40835685 10260872
-0.20296648 0.4035311 0.40684301 10326665
-0.19278133 0.40332285 0.40789634 10195080
-0.18459302 0.40462533 0.40761799 10195081
-0.23240542 0.40549818 0.40977174 9998215
-0.22240055 0.40553907 0.40845722 10326666
-0.16949865 0.40529397 0.40949506 10195079
-0.16201603 0.4056038 0.40994471 10129286
-0.15047538 0.4066681 0.41024047 10129286
-0.25112993 0.41359606 0.40789145 10590351
-0.14043379 0.41077855 0.40697616 10524558
-0.12953815 0.41197875 0.40655202 9406335
-0.12084607 0.41208604 0.40676409 9208700
-0.10317355 0.41258827 0.40750223 10130314
-0.096481614 0.41442528 0.40710026 10525074
-0.25489146 0.41593686 0.40881461 10261386
-0.21183136 0.41482583 0.40844983 11709086
-0.1195581 0.41546372 0.40779275 10391427
-0.10967045 0.41796079 0.40932459 10655113
0.054256242 0.41786841 0.4105112 9537664
-0.08339598 0.42060712 0.40625304 9867145
0.037021235 0.42471638 0.4100042 9668735
0.044081654 0.42342106 0.40813512 9142907
0.065218084 0.42098096 0.40600342 9011319
0.077819251 0.42347005 0.40602368 9406077
0.081458949 0.42165592 0.40865821 9208698
-0.26858884 0.42585376 0.40783745 10261386
-0.24190316 0.42583504 0.40987736 11314587
-0.098704152 0.42479077 0.40722758 10457735
-0.089792214 0.4275879 0.40841895 10457735
0.050978083 0.42857745 0.40776151 9799551
0.061407529 0.42690757 0.40776557 9404794
0.071780689 0.42623773 0.40772384 9733758
0.079809807 0.42673519 0.40707248 9602685
0.088978194 0.4277325 0.4058165 9603196
0.099352606 0.4272292 0.40749234 9537403
0.11041126 0.42812577 0.41048473 9800578
-0.0060892343 0.43235305 0.40757769 8616047
0.0038782046 0.43248859 0.40596062 8945012
0.014721019 0.43283644 0.40700465 8813426
0.024976706 0.43298069 0.40591639 9076598
0.034934536 0.43068603 0.40592057 9340282
0.0405435 0.42991415 0.40777272 9931137
-0.27731588 0.43742242 0.406192 9998214
-0.26172107 0.43584123 0.4095698 10790043
-0.07745751 0.43858412 0.40784663 9931391
-0.015067497 0.43521836 0.40905803 9142391
0.01080226 0.43955687 0.40859038 9734782
0.01923128 0.43825403 0.40754908 9668990
0.029758019 0.43641737 0.40582532 9339770
0.12353402 0.43672171 0.4086464 9340024
0.13049175 0.43838611 0.40852743 9011059
0.14091928 0.43838289 0.4084565 9405304
0.15132385 0.43704632 0.40844327 9668989
0.16175576 0.43737653 0.40835804 9339769
0.17048652 0.43870714 0.40824133 10392457
0.17992429 0.43970433 0.4095239 9669246
0.18977039 0.44186786 0.40971333 9603453
-0.28578091 0.44807199 0.40771097 10064009
-0.067613788 0.44694772 0.40833896 10129284
-0.0092570204 0.44609621 0.40914661 9471610
0.0013243541 0.44475964 0.40738624 9471610
0.20054075 0.4480311 0.40763539 9603710
0.21111833 0.44936112 0.40750617 9406077
0.39309263 0.44911161 0.40943581 9932425
0.22257791 0.45044103 0.40825588 9077112
0.22990972 0.45068863 0.40965599 9143418
0.37486908 0.45351425 0.40991277 9537666
0.38398504 0.45085016 0.40966624 9735046
-0.29491708 0.45887998 0.40889019 10064009
-0.041757382 0.45577303 0.40895134 9471610
0.23260151 0.45568791 0.40708762 8616561
0.23976897 0.45735231 0.40696722 9472127
0.25043052 0.4583489 0.40861136 9143162
0.26108447 0.45912364 0.41026574 9142903
0.27161607 0.45867589 0.41021341 9340024
0.28039199 0.45833972 0.41016811 9602682
0.28922629 0.45867029 0.40833384 10063233
0.29986 0.45916703 0.40824074 10063747
0.32098818 0.45888296 0.40986842 9602942
0.33110994 0.45878235 0.41024393 10129286
0.36499819 0.45739833 0.4083795 9340285
0.26225606 0.46071234 0.40728503 9142907
0.27275619 0.46367684 0.40588444 9932423
0.28628904 0.46416524 0.40827304 9537664
0.31215096 0.46193829 0.4081772 9471613
0.32400104 0.46396068 0.40731782 9603200
0.33592054 0.46280125 0.40764123 9472383
0.34057564 0.46027926 0.40967745 10063493
0.34601623 0.46261182 0.40712303 9867141
-0.29757583 0.46599784 0.40657336 10195594
0.29461047 0.46507147 0.40812272 9208699
0.30453527 0.46498159 0.40759128 9340029
0.35018763 0.4656513 0.40585846 10128516
0.36091706 0.46631482 0.40575689 10260102
0.37176278 0.46764472 0.40562576 9799551
0.38030857 0.46564212 0.40919477 9865598
0.3891606 0.46563926 0.40913457 9799551
0.39978302 0.46563604 0.40906256 9470842
0.41040546 0.46563271 0.40899032 10458508
0.41925746 0.46562997 0.40893024 9932421
0.43519112 0.46562496 0.408822 10260874
0.44092625 0.46762326 0.4087016 10458253
-0.30285084 0.47704116 0.40785331 10064007
0.45238706 0.47961977 0.40813524 10392460
-0.30487561 0.48620811 0.40752047 9932421
-0.30452287 0.49636629 0.40634316 9866628
-0.30499512 0.50514448 0.40884203 9866628
0.5167017 0.50759971 0.41019768 11707037
0.48948878 0.51960814 0.40900236 3743515
0.50100935 0.51793778 0.40990788 4269085
0.48328513 0.52061009 0.40625626 4533801
0.4918007 0.52560747 0.40599495 3808795
0.49756238 0.52660573 0.40591508 3940123
-0.21400058 0.39902416 0.41373533 9866114
-0.20760316 0.39889482 0.41182631 10392458
-0.20061111 0.39841107 0.4129402 10787216
-0.19054741 0.39923492 0.41410524 9997701
-0.23930681 0.40280989 0.41473585 10195081
-0.23372316 0.4016538 0.41550463 10326666
-0.22351879 0.4008899 0.41328102 10392458
-0.18128145 0.40029457 0.41419011 10260872
-0.17258805 0.40122667 0.41458923 10195079
-0.16297004 0.40141061 0.41539186 10260616
-0.1552999 0.40230992 0.4152258 9799551
-0.24237615 0.40757099 0.41138393 9997958
-0.19004542 0.40904108 0.41196984 10853520
-0.17963633 0.40814915 0.41193753 10984849
-0.16941851 0.40814593 0.41186804 11379607
-0.14171702 0.4069809 0.41171318 10063493
-0.13448212 0.40828744 0.41195589 10327179
-0.12671465 0.40849939 0.41295606 9208700
-0.25156444 0.40997282 0.41493541 10458508
-0.2147463 0.41282669 0.41539437 11709345
-0.20842969 0.41249147 0.41194803 10919571
-0.20031485 0.41119733 0.41237456 10787727
-0.15952176 0.4098095 0.41172832 10853263
-0.14929226 0.4098064 0.41165882 11248019
-0.13916066 0.41035882 0.41156632 10523527
-0.12908059 0.41124454 0.41145962 10654856
-0.11886524 0.41146353 0.41308933 10720392
-0.10892729 0.41205528 0.41478997 10524042
-0.10123252 0.41337851 0.41351694 9735042
-0.26221985 0.41901377 0.4127205 10524301
-0.21943134 0.41632798 0.41142851 11314586
-0.099982254 0.41879109 0.41191608 10852492
-0.096461169 0.41622975 0.41445678 9932422
-0.088719957 0.41932312 0.41121274 10064264
0.045040604 0.41721895 0.41280383 9603201
0.064439215 0.41587642 0.41274983 9208699
0.07340499 0.41675594 0.41171294 9274491
-0.238383 0.422084 0.41259819 11183001
-0.23011565 0.41983131 0.41177791 10788243
-0.090478562 0.42178813 0.41332382 10523527
-0.077637486 0.42377451 0.41063839 9800580
0.024684949 0.4221113 0.41487271 9142389
0.03388796 0.42145076 0.41351217 9208185
0.040971313 0.4227474 0.41325027 10325895
0.051339712 0.42174414 0.41322058 9668737
0.061640657 0.42207435 0.41313702 9470844
0.071987987 0.42107108 0.41310745 9865601
0.081155263 0.42073491 0.4119119 10063493
0.089155942 0.42123237 0.41126388 9734784
0.098616824 0.42097929 0.41206986 9931907
0.10633595 0.42272702 0.41280633 10590351
-0.27459377 0.42935124 0.41353482 10129800
-0.2493746 0.42817083 0.41154987 11117978
-0.0049947887 0.42904177 0.41263503 9471356
0.0035932497 0.42822221 0.41088313 9273977
0.01501794 0.42828313 0.41237074 9208438
0.029550364 0.42915097 0.41099089 9405563
-0.25807548 0.43184009 0.41231805 11052443
-0.081650622 0.43045214 0.4114632 10720906
-0.014301712 0.43133679 0.41422969 9076598
0.010983756 0.43275657 0.4130469 9800575
0.020655101 0.43050364 0.41220683 9734527
0.11938909 0.43132296 0.41098112 9274232
0.13047904 0.43271974 0.4122352 9010802
0.14086993 0.43271652 0.41216463 9602426
0.15124065 0.43171313 0.41213483 9668989
0.16162454 0.43170992 0.41206425 9537663
0.17201839 0.43170682 0.4137221 9932418
0.17899695 0.43303779 0.41420048 9800832
0.18944706 0.4340345 0.41524726 9734782
0.19641271 0.43469909 0.41517442 9603196
-0.27933532 0.43475428 0.41559988 10326922
-0.071222834 0.43903223 0.4124797 10523785
-0.044037618 0.43480495 0.41457599 9010805
-0.02493901 0.43651214 0.41087371 8945012
-0.28178716 0.44092932 0.41143507 10195593
-0.26979342 0.44017711 0.41117471 10723996
-0.008911984 0.44242957 0.41278857 9932159
0.0017322957 0.4400095 0.4110716 9997954
0.20083711 0.43989769 0.41285342 9142903
0.21061495 0.44036153 0.41311616 9734786
0.22047949 0.44209173 0.41333026 9669505
0.23001808 0.44368866 0.41460067 9735555
-0.27799949 0.4448463 0.41102952 10526620
-0.019823248 0.44709948 0.41092223 9537145
0.39751562 0.44828895 0.41430682 10064009
0.40439552 0.44751766 0.41265279 10261388
-0.29159203 0.45222226 0.41331762 10129800
-0.28634381 0.44984892 0.41087109 10461083
-0.038968869 0.45177224 0.41144174 9603195
-0.030654052 0.45043626 0.41085643 9471609
0.23921499 0.44985262 0.41254681 9867142
0.24989687 0.4516826 0.41415876 9406589
0.28519252 0.4536716 0.41384226 9405047
0.29046163 0.45366994 0.4138065 9865598
0.29924351 0.45366719 0.41374677 9668989
0.30978173 0.45366398 0.41367525 9997699
0.34429088 0.45300058 0.41537446 9669764
0.36387178 0.45183995 0.41453892 9471872
0.26553962 0.45606425 0.41352862 9340286
0.30574006 0.45913664 0.4131456 9931907
0.32569912 0.45889655 0.4121179 9735555
0.33442092 0.45722416 0.41193122 9406590
0.34449384 0.4570494 0.411421 9735555
0.34992772 0.45905152 0.4110778 10260872
0.35427555 0.45647302 0.41099221 9406334
0.27469078 0.45983043 0.41216379 9471871
0.28358635 0.46058396 0.41347378 9735044
0.29291129 0.46195272 0.41243845 9077114
0.35992432 0.45981517 0.41133207 10326664
0.37083614 0.46181169 0.41117901 9931904
0.38141423 0.46164182 0.41288179 9865343
0.39024287 0.46163908 0.41282183 9799551
0.39907148 0.46163633 0.41276175 10589324
0.40966585 0.461633 0.41268975 10260872
0.42108876 0.46137944 0.41173774 9931907
0.4301787 0.46182647 0.41112834 10392459
0.43989515 0.46262351 0.41244608 10721423
-0.30095392 0.47148791 0.41105527 10327179
0.44984484 0.47187045 0.41202241 10589838
0.45756245 0.47861806 0.41349667 10063495
-0.30589038 0.48740616 0.41525275 9932423
0.46088627 0.48561695 0.411421 9734530
0.46966788 0.49261442 0.41469687 9997702
0.47441357 0.49761286 0.41448444 8879221
0.47941333 0.50361121 0.41423434 6904148
0.51208049 0.50360107 0.41401249 7165005
0.5191673 0.50293219 0.41398829 10260363
0.50792527 0.50885248 0.4120279 5848887
0.48272222 0.51011026 0.4121545 5455675
0.49038094 0.51160789 0.41387159 3546394
0.49909601 0.50993836 0.41387242 4794660
-0.2126877 0.39399412 0.42007107 9865601
-0.20250309 0.39479128 0.41815859 10194566
-0.19386062 0.39540091 0.41831416 10260872
-0.18626291 0.39646819 0.41836399 10392458
-0.14720058 0.40346721 0.41601151 9931137
-0.13941014 0.40281191 0.41947526 10063236
-0.17909625 0.40581563 0.42053705 11181971
-0.1688948 0.40581241 0.42046779 11773595
-0.15869331 0.40580919 0.42039841 11576215
-0.14849189 0.40580609 0.42032915 11181456
-0.13834956 0.4061363 0.4202475 10984077
-0.13099547 0.40545574 0.41767603 9931907
-0.12883909 0.40619996 0.41984051 10984077
-0.12204445 0.40720955 0.41988581 9997700
-0.11900871 0.40786281 0.41838747 10589578
-0.10853741 0.4076269 0.42055529 11247249
-0.21960378 0.41182819 0.42058903 10787986
0.034992628 0.41267577 0.41918319 9735044
0.042912666 0.4125686 0.41762906 9537665
0.052893382 0.41210297 0.41670221 8879735
0.063726172 0.41220322 0.41728634 9142907
0.077433839 0.41342691 0.41709322 9669251
0.084296547 0.41338637 0.41879028 9735044
-0.25954977 0.41491202 0.41583079 10721680
-0.23001993 0.41608146 0.41964585 11051416
-0.087739028 0.41695407 0.42007118 10720648
0.020626402 0.41908696 0.4198249 10129026
0.030279821 0.41815069 0.41830951 9471098
0.04126795 0.41774729 0.41688055 10326409
0.051585358 0.41707733 0.41683596 9339771
0.06183926 0.41774085 0.41674083 9339258
0.070427433 0.41723815 0.41670161 9602174
0.079010941 0.41673568 0.4166624 10326667
0.089317225 0.4153991 0.41664368 10260616
0.099939138 0.41761819 0.41777617 10326922
0.10984822 0.4182258 0.41810793 10260872
-0.27058589 0.42456177 0.41620284 10655887
-0.086014308 0.42006984 0.42042178 9602942
0.0040979148 0.42364743 0.41765064 9405817
0.014997063 0.4238967 0.41604894 9274231
0.10767611 0.4209868 0.4194954 9734528
0.11944873 0.42092302 0.41828567 9405563
-0.27642506 0.42897621 0.42041939 11116181
-0.077516623 0.42578426 0.41852874 10851980
-0.066121913 0.42841783 0.41770881 8813427
-0.015559429 0.42918268 0.41898888 9471098
-0.0056636049 0.42567602 0.41902035 9471610
0.008796839 0.42775741 0.41757864 9997184
0.01677092 0.42475489 0.41677839 10062977
0.12293321 0.42622891 0.41754919 9405563
0.13047053 0.42738631 0.41590363 9010802
0.13180441 0.42610481 0.42023712 9406079
0.13763143 0.42830423 0.41867131 9406079
0.14082761 0.4277164 0.41582054 9602683
0.14576107 0.42704824 0.419002 9537665
0.15116324 0.42671314 0.41578871 9668735
0.16151203 0.42670992 0.4157185 9866370
0.16844311 0.42770782 0.4156329 9800575
0.18050826 0.42670408 0.41903907 9997954
0.18924099 0.42903474 0.41889578 9668990
0.19959061 0.42853144 0.42056841 9405563
-0.054614045 0.43159953 0.41657072 8879219
-0.032776617 0.43466845 0.41659361 9010805
-0.023240322 0.43417707 0.41569716 8813426
0.1487551 0.43186787 0.4156974 9603458
0.21003222 0.42986158 0.42045015 10721423
0.22051565 0.4315249 0.42032081 10063493
-0.067433022 0.43678096 0.41688985 10786700
-0.060738303 0.43894556 0.4184975 9602426
-0.018958742 0.43843248 0.41823167 9799803
-0.0083946157 0.4367626 0.41648883 10128768
-0.0012808681 0.43476048 0.41651732 10194561
0.23136835 0.43802145 0.41828531 9998215
-0.29240847 0.44955054 0.41911703 10064007
-0.28729653 0.44507721 0.41587621 10261386
-0.040807463 0.44743946 0.41629976 10392711
-0.031787448 0.44476989 0.41634089 9800573
0.25132537 0.44768205 0.41780144 9472383
0.2601918 0.44884601 0.41944748 9208953
0.27072856 0.44917598 0.41936392 9735039
0.28119886 0.44883969 0.41930479 9866368
0.29178685 0.44966951 0.41745454 9866368
0.30054533 0.44966677 0.41739506 9668989
0.30986205 0.44846383 0.41877347 9997955
0.31976122 0.44916072 0.41903156 9800575
0.37500948 0.44747368 0.4196822 9800837
0.38641092 0.44667616 0.41891879 9932423
0.39712465 0.44636634 0.42031366 10129802
0.40434605 0.44596925 0.41859466 10261388
0.41271234 0.44748071 0.41729087 10458767
0.2632322 0.45215014 0.41795093 9340286
0.31362116 0.45349947 0.417669 9669250
0.32341111 0.4538056 0.41656643 9669506
0.3304531 0.4504911 0.41891235 10063747
0.33273998 0.45222822 0.41688079 9669764
0.35282499 0.45052817 0.41720372 9471872
-0.29630655 0.45722368 0.41744381 10392972
0.28424838 0.45615616 0.41846234 9208698
0.29378709 0.45572308 0.41803294 9208442
0.30415639 0.45655754 0.4161225 9602943
0.35930037 0.45564857 0.4167797 10129029
0.36990848 0.45597866 0.41669565 9865344
0.3806935 0.4573088 0.41657442 10128516
0.39136642 0.45788851 0.41736025 10654860
0.40181831 0.45730224 0.41643089 10063237
0.4104951 0.45663276 0.41639596 10195079
0.41929451 0.45663002 0.41633612 10195079
0.4298538 0.45662668 0.41626447 10326665
0.44167286 0.4583731 0.41700107 10787217
-0.29951733 0.46370068 0.41619629 10064009
-0.30254287 0.46889153 0.41866022 9800837
0.4511849 0.46562007 0.41756564 10458253
-0.30509716 0.47776011 0.4181152 9932423
0.46273312 0.47761646 0.41885346 10458253
0.47283956 0.49061337 0.41834682 9602174
0.48167765 0.4976106 0.41925544 6838098
0.51085788 0.49860159 0.41962618 4795426
-0.30687186 0.49992481 0.41646975 9998215
0.4897427 0.50110817 0.41968733 3875614
0.50041181 0.50027144 0.41964191 4927012
0.4944368 0.50560653 0.41769475 3940633
-0.30777657 0.51068866 0.41650301 9735042
-0.30912668 0.52028835 0.41679889 9339769
-0.20849347 0.39063683 0.42538589 10852239
-0.2019985 0.39019802 0.42455453 10194309
-0.19132572 0.39038554 0.42507929 10392201
-0.18266428 0.39068332 0.42500609 10457738
-0.17374238 0.39158478 0.42524332 10523530
-0.23287702 0.39806941 0.42261058 10524044
-0.22293103 0.39591077 0.4206782 10260615
-0.16914934 0.39640275 0.42078561 10391688
-0.1607483 0.39589253 0.42211133 10260615
-0.15203169 0.39800528 0.42103797 9931394
-0.14316562 0.39857438 0.42381638 9997187
-0.25067627 0.40425947 0.42532176 10655630
-0.24138534 0.400929 0.42240912 10326666
-0.15638414 0.40280858 0.42558593 10984079
-0.1495972 0.40280643 0.42553979 11444628
-0.14111352 0.40280393 0.42548221 11378835
-0.13087593 0.40246728 0.42542392 11839386
-0.1207527 0.40279749 0.42534393 11049870
-0.11226905 0.40279499 0.42528635 11444630
-0.25224864 0.40779343 0.4213205 10655630
-0.19990459 0.40765551 0.42061037 10524298
-0.18929771 0.40581873 0.42060632 10787470
-0.11671969 0.4085758 0.4231953 10195079
-0.099239461 0.40933636 0.42187446 11247249
0.025289601 0.40892914 0.42424613 9076852
0.031865314 0.40924492 0.42292005 10063493
0.041748617 0.4095805 0.42230171 10458251
0.046488758 0.40722612 0.42207783 9274493
0.057553034 0.40899697 0.4219256 9142649
0.063942663 0.40779033 0.42261845 9471872
0.073211908 0.4070473 0.42263049 9998216
0.079262607 0.40923551 0.42205888 10194824
0.089488618 0.40923217 0.4219895 10391946
-0.26117778 0.41216591 0.42409438 10523788
-0.22665888 0.4128305 0.42230946 10919830
-0.21061304 0.40982535 0.4206019 10787729
-0.10766133 0.40983704 0.424658 9997700
-0.098807253 0.41295221 0.42444581 10063493
-0.090489961 0.41245487 0.42367369 10918027
0.023269853 0.4129943 0.4225412 9602683
0.051286552 0.40974417 0.42189056 9734529
0.069011867 0.40990546 0.42210525 9536380
0.089983307 0.41045418 0.42442876 9932423
0.094421782 0.41445389 0.42138618 9998216
0.099024579 0.40992942 0.42224199 9931139
0.1099308 0.41205934 0.42346245 9997700
0.1201758 0.41405609 0.42332548 9537149
-0.0934866 0.4162139 0.42275423 10129286
0.0047126324 0.41853288 0.42253464 9602683
0.014595335 0.41720751 0.42128557 9471610
0.13045587 0.41938618 0.42135662 9011317
0.13661397 0.41942993 0.42453521 9406079
0.15283872 0.41941419 0.4232648 9668991
-0.27122581 0.42126444 0.42374021 11050388
-0.24624234 0.42283645 0.42208213 10789015
-0.23971704 0.42003432 0.42076439 11051417
-0.080207877 0.42045167 0.42218119 10523270
-0.075770117 0.4241735 0.4206571 9010805
-0.072486632 0.42278257 0.42434222 10457220
-0.013321424 0.42274478 0.42468232 9734012
-0.0039432882 0.42032304 0.42394966 9470840
0.0031987266 0.42275909 0.42382807 9668987
0.01095186 0.42015663 0.42248732 9405303
0.11692228 0.42057434 0.42244655 9142649
0.12638883 0.42096522 0.42355758 9406079
0.14076123 0.4200497 0.42126364 9800575
0.14796317 0.41988245 0.42340642 9603457
0.16136606 0.42004326 0.42112368 9997954
0.17172061 0.42154005 0.4210009 9932161
0.1803312 0.42170408 0.4226585 10063747
0.18903473 0.42403474 0.4225207 9800319
-0.25078973 0.4258379 0.42131454 10789015
-0.057079993 0.42867985 0.42194635 9537149
-0.050527595 0.42909721 0.42350382 9340024
-0.00074187072 0.42859367 0.42077607 9931646
-0.28109938 0.43362549 0.42375666 10655887
-0.25939566 0.43098333 0.4223718 10657686
-0.069976114 0.42978182 0.4206292 10194049
-0.059784524 0.43144527 0.42396396 9339254
-0.042765684 0.43137768 0.42237848 9142645
-0.025313789 0.4327679 0.4236849 9141873
-0.023401523 0.42986646 0.42145437 9668476
-0.018263021 0.4314324 0.42368191 10063231
-0.0095408801 0.43051305 0.42192215 9405302
0.23162398 0.43168822 0.42335588 9668992
0.23975857 0.43368569 0.42531663 9866114
-0.26984343 0.43896881 0.42122692 10723481
-0.039903291 0.43943909 0.421817 9602426
-0.029352466 0.43826917 0.42062527 9602681
0.24120267 0.43908516 0.42095906 9932677
-0.2892049 0.44395605 0.42367965 10064009
-0.27736971 0.44284609 0.42506009 11051935
0.24910182 0.4418495 0.42208928 9669504
0.25962472 0.44234625 0.42491001 9603196
0.27011591 0.44267622 0.42482823 9932161
0.28054059 0.44233969 0.42476791 9734782
0.29108304 0.44316974 0.42292422 10260359
0.30154759 0.44316652 0.42285317 10063493
0.31187567 0.44199672 0.42456549 10063493
0.32067767 0.44266048 0.42448479 9866114
0.32967421 0.44465783 0.42436093 9931907
0.34293905 0.44339231 0.42538077 9406079
-0.28035185 0.44604722 0.42077953 10526105
0.28478238 0.44954851 0.42409045 9405821
0.29553688 0.44777635 0.42337507 9471358
0.30399761 0.44743195 0.42322749 9800322
0.31536397 0.44761959 0.42238957 9603456
0.33825701 0.44789973 0.42071325 9932423
0.34541336 0.44720367 0.42092472 9603458
0.35091296 0.4495261 0.42099363 10195334
0.35588512 0.44617167 0.4216463 9340286
0.36328951 0.44773975 0.42227942 9668735
0.41719389 0.44789889 0.42452377 10787218
0.42770872 0.4487659 0.4250657 10590097
-0.28842595 0.45004955 0.42208701 10658462
0.27401531 0.45100501 0.42227548 9471870
0.34090692 0.44998756 0.42060775 9931907
0.3697271 0.45044556 0.42180222 9997184
0.37975177 0.45164219 0.42204493 10523530
0.39020663 0.45123902 0.42233771 10260102
0.40073767 0.45130232 0.42191285 9668735
0.41109809 0.45046595 0.42187017 10129286
0.4215481 0.45012918 0.42181033 10392458
0.4303095 0.45012656 0.42175084 10260872
0.43877539 0.45202401 0.42198271 10853011
0.4491744 0.45895401 0.42192334 10721425
0.45859528 0.46961764 0.42151719 10326667
-0.30707934 0.48343888 0.42138106 9932423
0.46841657 0.48161474 0.42106408 10655376
-0.30769551 0.4907482 0.42086357 9932423
0.48007074 0.49061111 0.42309541 8680560
0.49136505 0.49260762 0.42536181 4467237
0.50037491 0.49260488 0.42530066 4795425
0.50938487 0.49260214 0.4252395 4663325
0.51890999 0.49459913 0.42511672 4927269
0.52115023 0.49919835 0.42062157 6178882
-0.31138277 0.51019263 0.42337972 9866114
-0.21247309 0.38806322 0.43027967 9996930
-0.20226127 0.3870565 0.43010575 10391688
-0.19297498 0.38670197 0.42977804 10523274
-0.18178499 0.38602641 0.43051428 10458251
-0.23306859 0.39435318 0.42922419 9931907
-0.22413206 0.3930327 0.42668444 10325895
-0.16350549 0.39222351 0.42637271 10063493
-0.14706182 0.39343241 0.4295705 10457994
-0.13854736 0.39646176 0.43016344 10589837
-0.1200221 0.39863077 0.43055385 10588808
0.039683219 0.39874783 0.42980081 10523785
0.049130086 0.39924493 0.42938322 10392455
0.059279174 0.39940837 0.42930883 9931393
0.079617672 0.39856878 0.42919689 10392460
0.090242751 0.39916065 0.42983025 10260872
-0.19836953 0.40098813 0.42988473 10721677
-0.18927664 0.40070775 0.42926604 10984850
-0.17962059 0.40044084 0.4292087 11116179
-0.16998529 0.40025738 0.42914933 10984592
-0.16091496 0.40009573 0.43006104 10984335
-0.12854376 0.402172 0.42631 10195079
-0.12036011 0.40391853 0.42843968 10260615
0.023412531 0.40459791 0.42891687 9668990
0.03446164 0.40286079 0.42831916 9998215
0.043568622 0.4031724 0.42714721 9406079
0.053058892 0.40285602 0.42740601 9208700
0.064983405 0.40169707 0.42775756 9931909
0.069416694 0.39990523 0.42922515 9470843
0.083959207 0.40358582 0.42969614 9932423
-0.25735509 0.4071373 0.42914993 10325895
-0.22063985 0.4071143 0.428307 10787987
-0.21051091 0.40582529 0.42670208 10853265
-0.20094293 0.4048225 0.42582124 10063493
-0.11309309 0.40599111 0.42888457 10063493
-0.098501675 0.40545729 0.42963547 9930876
0.02064169 0.40725365 0.42848557 10128512
0.028455107 0.40475121 0.42766124 9930878
0.10151528 0.40472856 0.42716497 9865601
0.10999054 0.40739265 0.42702383 10063493
0.12089241 0.40892258 0.42826289 10524044
0.13044184 0.40955284 0.42851883 10392970
-0.23003608 0.40983155 0.4297443 10722195
0.0060405941 0.41447452 0.42663699 9734525
0.094747208 0.41026774 0.42671138 9932423
0.10668807 0.4134486 0.42634839 9406079
0.11809924 0.41469827 0.42762858 9537665
0.12697259 0.41429344 0.42891461 9669251
0.14118554 0.41186026 0.4285782 9735041
0.14910182 0.41403356 0.42862171 9669250
0.15092555 0.41087976 0.42834038 9866368
0.16118142 0.41154352 0.42825037 10063747
0.17141697 0.41120675 0.42932647 9997954
-0.26901102 0.41720024 0.42656404 10918545
-0.24075019 0.4170014 0.42796558 10854038
-0.084685661 0.41702345 0.42939836 9273977
-0.077626757 0.41653422 0.42887002 9799546
-0.01590764 0.41953698 0.43014032 9536633
-0.0055164336 0.41585258 0.42970103 9141874
-0.00051566365 0.41816023 0.42880756 9602426
0.0071302936 0.41675785 0.42742985 9931391
0.1577435 0.41646639 0.4281823 9866628
0.17501469 0.41670576 0.4262895 10063747
0.18192449 0.41803697 0.42620081 10195078
0.19113788 0.41936746 0.42723852 9800322
0.19916031 0.41953161 0.42775065 10260874
0.20989852 0.41957 0.42896181 10261129
-0.073085897 0.42296985 0.42669576 9076598
-0.065021746 0.42456189 0.42706686 9668478
0.219855 0.42080298 0.4292863 10195336
-0.27690199 0.42548457 0.427468 10524044
-0.2598213 0.42900756 0.4305883 10722452
-0.25186276 0.42483822 0.42893833 10261901
-0.065836973 0.42478052 0.42767471 9799803
-0.057226799 0.4260253 0.42850119 9536889
-0.046449848 0.42534283 0.42822331 9076339
-0.035683058 0.42590144 0.42751569 9405048
-0.028928483 0.42776909 0.42870885 9405046
-0.022806192 0.42555156 0.42761856 9799805
-0.012532735 0.42576399 0.4272812 9997183
0.23058601 0.42668846 0.4273234 10063493
0.24181028 0.42868498 0.43029433 10260871
-0.28545982 0.43730929 0.42670375 10261387
-0.27052253 0.43684402 0.43042475 11315103
0.25918463 0.43734625 0.42854446 9603196
0.26964074 0.43767646 0.42846376 9733756
0.28006673 0.43767312 0.42839295 9141621
0.290454 0.43733659 0.42833203 10457481
0.3009187 0.43766668 0.42825133 10721166
0.31280926 0.43821052 0.429241 9734785
0.32178184 0.43766013 0.42984611 9602684
0.32970577 0.43965796 0.42938799 9931907
0.27570185 0.44375613 0.42821807 9602944
0.29534456 0.44371012 0.42724425 9734528
0.31228513 0.44301286 0.42696816 9603456
0.3256059 0.44260207 0.4268294 9735043
0.33501121 0.44293717 0.42630833 9932422
0.3527846 0.44244316 0.42690152 9537665
0.36065069 0.44247833 0.42697448 10327181
0.37419289 0.44274452 0.42767042 9866630
0.38553578 0.44287828 0.42812854 9669250
0.39648163 0.4436796 0.42832118 10129544
0.42036116 0.44175473 0.43036479 10129286
-0.29409504 0.44841316 0.42781478 10327179
-0.28773305 0.44684938 0.42965788 10526876
-0.28137255 0.44484738 0.4285118 10591897
0.38941535 0.44663933 0.42738909 10062723
0.40817553 0.44485393 0.42757565 10326667
0.43486819 0.44662526 0.42708033 11116183
0.44198 0.44712296 0.42876571 10063495
-0.29843658 0.45661786 0.42703635 9735042
0.45354688 0.45728603 0.42781645 10195081
-0.30266285 0.46161762 0.42954749 9537664
-0.30547833 0.46964625 0.42753834 9932422
0.46299303 0.46794966 0.42745227 10260874
0.47246134 0.47828022 0.427095 10391948
-0.30913043 0.48006442 0.42938405 9735043
0.47892171 0.48561147 0.42564946 9799555
0.48978961 0.48594144 0.42915457 4401957
0.50071871 0.48660484 0.42906255 4664352
0.51141107 0.48626807 0.4301948 4400666
-0.30992967 0.49015215 0.42644399 9735043
0.52022797 0.48979869 0.4302817 4729630
0.53125381 0.49792865 0.4297573 9666422
-0.31264153 0.50186002 0.42779452 9800834
-0.31531963 0.51198208 0.42984563 9735039
-0.31491458 0.52107954 0.42670637 9603197
-0.17290443 0.38278452 0.43554229 10194566
-0.22174454 0.38963607 0.43217748 9799551
-0.16883981 0.38667956 0.43147725 10194566
-0.16184279 0.38831964 0.43094391 9997187
-0.15217039 0.38928071 0.43289739 10129029
-0.23219395 0.39172843 0.43406504 10260359
0.032576919 0.39374998 0.43472332 10391942
0.039396089 0.3924146 0.43471259 10457735
0.049507115 0.39241138 0.43464392 10457736
0.059586443 0.39307478 0.43455762 10325895
0.069719821 0.39240506 0.4345066 10852496
0.07984852 0.39173523 0.43445557 10458251
0.088221878 0.3937327 0.4343453 10260872
-0.24163181 0.39747897 0.43150383 10326665
-0.14050689 0.39963689 0.43066317 11378835
-0.13087487 0.39850417 0.43096477 10721165
-0.109501 0.39936545 0.43118495 10457222
0.02205365 0.39950326 0.43294698 10457735
0.031593792 0.39880195 0.43207985 10392457
0.044426989 0.39760891 0.4333002 9537663
0.053707197 0.39806345 0.43221873 9142650
0.064881109 0.39689246 0.43312079 10129545
0.074254364 0.39832643 0.43236274 10458767
0.099448144 0.39901486 0.43170673 9931907
-0.25068039 0.40097561 0.43389767 10589837
-0.21742052 0.40282765 0.43278772 10853522
-0.20794958 0.4014248 0.43140668 11050899
-0.15078962 0.40030685 0.43071216 11510421
-0.11592617 0.40096024 0.43432766 9997700
-0.10126395 0.40145805 0.43316633 10062463
0.015128536 0.40175536 0.43462843 10589321
0.11007245 0.40139273 0.43229479 9866114
0.11939771 0.40247312 0.43305057 10919058
0.13043323 0.40271965 0.43381852 10129539
0.14064014 0.40471652 0.43369585 10129024
0.15083458 0.4047133 0.43362659 10194561
0.16102903 0.40471008 0.43355733 10129026
0.16952439 0.40470758 0.43349963 9405817
-0.090283416 0.40828815 0.43142062 10391427
0.0030267821 0.40962628 0.43191439 9405816
0.012483438 0.4072105 0.43097001 9865854
0.095019363 0.40525976 0.43145317 9603458
0.10200169 0.406652 0.43196231 9669251
0.11681195 0.40852705 0.43282253 10261388
0.13732503 0.40759531 0.43351525 9603457
0.14603193 0.4088203 0.43306953 9866628
0.15500708 0.40835908 0.43438607 9800835
-0.26954499 0.41370299 0.43533629 10391944
-0.26387858 0.41094258 0.43180913 10457481
-0.23685139 0.4128336 0.43092114 10722452
-0.096216567 0.4098852 0.43315166 9405563
-0.086970322 0.41384628 0.43435794 9010805
-0.081104808 0.41095188 0.43333071 10062462
-0.074515872 0.41278329 0.43494397 9865596
-0.012913207 0.41333118 0.43520373 9076080
-0.0061787381 0.41276208 0.43447977 9207668
-0.0039678901 0.41030744 0.4346177 9404789
0.0016869962 0.41050962 0.43363208 9667962
0.12888563 0.41006008 0.43206769 9537665
0.16518183 0.41275898 0.43356663 9603456
0.18163508 0.41020361 0.4315626 9800577
0.19111536 0.41220084 0.43229753 9668736
0.20059647 0.41369787 0.43304855 10392716
0.20578177 0.41469625 0.43298656 10853523
-0.076488681 0.41909614 0.43185788 8813426
-0.068955265 0.41915646 0.43173009 10128768
-0.024629617 0.41957334 0.43215829 9141875
-0.010167131 0.41892985 0.43147892 9536633
-0.24871218 0.42150381 0.43131274 10525073
-0.067302726 0.42080465 0.43192345 8945266
-0.058113761 0.42143717 0.4336105 9405816
-0.043669201 0.42089525 0.43218654 9602426
-0.034978352 0.42045894 0.43238169 9273462
-0.029362792 0.42226925 0.43438381 9602424
-0.019864881 0.41996625 0.43300492 9339254
0.22959933 0.42228881 0.43124503 9997700
0.23736292 0.42468646 0.43250531 10195079
-0.048986234 0.42821971 0.43089968 8944496
-0.038639866 0.42832771 0.43082589 9339253
0.25102368 0.43128219 0.43085009 9800061
0.26050636 0.43267933 0.43213469 9799805
0.27016139 0.43392625 0.43290108 9668220
0.27947831 0.43183997 0.43375796 9536636
0.28978828 0.43117025 0.4337042 9931394
0.30008888 0.4305003 0.43365043 9734270
0.31072026 0.43249705 0.43352717 9800063
0.32030478 0.43291059 0.43431908 10063749
0.330084 0.43465772 0.43507725 10787216
-0.2875343 0.43560246 0.43527073 10458765
0.27455389 0.43852714 0.43228167 9471356
0.28589389 0.43962088 0.43079394 9800321
0.2937673 0.43676725 0.43267995 10129286
0.30355173 0.43863836 0.43160385 9668735
0.32044941 0.43657568 0.43263799 9866628
0.33837554 0.43885234 0.43194622 10129287
0.34640375 0.43902567 0.43161577 9406079
0.35530844 0.4377704 0.43401176 9537665
0.36713311 0.43944231 0.43319291 9800837
0.37669897 0.43928805 0.4335447 9734786
-0.28775966 0.44284943 0.43559223 10592669
-0.27914715 0.44184676 0.43207461 10723224
0.35005859 0.44065157 0.43130809 10260613
0.36061159 0.44131473 0.43121809 10062977
0.37106329 0.44131151 0.43114716 10128770
0.38100871 0.44089201 0.43152636 10128515
0.39032724 0.44049624 0.43153447 9866113
0.39863577 0.44046131 0.43247157 9997699
0.41039395 0.44052175 0.43089992 9602941
0.41765678 0.44432345 0.4352625 10326667
0.42995173 0.44175163 0.43117172 10392459
0.4402262 0.44287339 0.43325526 10129288
0.42813513 0.4465082 0.43222994 10129289
0.43817902 0.44679585 0.43337518 8550516
0.44748494 0.44704273 0.43444604 7036249
0.44959646 0.44987062 0.43126541 10326667
0.46004638 0.45995072 0.43240064 10326667
0.46916425 0.46894768 0.43211263 10063239
-0.30822456 0.47381762 0.43223983 9800835
0.47640634 0.47461239 0.43310982 9865348
0.48131096 0.48036078 0.4311474 6969684
0.49218774 0.48094061 0.43284839 4204319
0.50129652 0.48160449 0.43277031 4138266
0.50895894 0.4836022 0.43266958 4467228
-0.31343994 0.49034837 0.43232077 9735041
0.52798063 0.49459627 0.43227273 4598815
0.53845561 0.50225973 0.43080491 10258817
0.54544121 0.5055908 0.43552095 6179653
-0.21173808 0.38362733 0.43897265 10457481
-0.20240313 0.38265076 0.43880826 10194823
-0.19265568 0.38225082 0.4370634 10063493
-0.18274802 0.38201502 0.43673569 10129029
-0.16294903 0.38311198 0.436894 10326408
-0.22215652 0.38474205 0.44044036 10062723
-0.15073514 0.38526013 0.44007844 10129286
0.039725889 0.38724783 0.43988246 10391942
0.049780924 0.3875778 0.43980616 10523786
0.059183333 0.38754168 0.43940765 10260359
0.069898047 0.38807169 0.43798023 10721423
0.079978675 0.38806871 0.43791181 10327179
0.090067185 0.38806537 0.43952066 10063494
-0.24050629 0.39385322 0.43663961 10326152
-0.13755667 0.39221838 0.43659014 9668735
-0.12865153 0.39219347 0.43895966 10128514
-0.11906146 0.39036849 0.44016737 10523014
0.034248941 0.39305082 0.43896347 9800835
0.043477576 0.39360073 0.43778056 9669249
0.052325498 0.39240471 0.43824476 9340286
0.062710308 0.39256862 0.43725425 10129802
0.075881191 0.39260629 0.43901569 10656146
-0.21987066 0.39899495 0.43855423 10656144
-0.21091357 0.39682558 0.43798476 10853778
-0.20064196 0.39615563 0.43624538 11576986
-0.19021884 0.39481905 0.4362101 11576986
-0.18009457 0.39481607 0.43614131 11050642
-0.1699703 0.39481273 0.43607253 10919056
-0.1591903 0.39580956 0.43681628 10721676
-0.15009749 0.39680651 0.43588418 11707800
-0.13959745 0.39480355 0.43586618 11312785
-0.13284793 0.39480129 0.4358204 11773080
-0.11996912 0.39640847 0.43869036 9668478
-0.1176615 0.39479652 0.43571717 10588808
-0.10921697 0.39479402 0.4367848 10391429
-0.099596776 0.3982909 0.44057435 10062463
0.014050191 0.39599434 0.44022411 9734785
0.01727855 0.39575472 0.43815118 10523526
0.023680827 0.39503887 0.43841738 10064007
0.08592999 0.39698926 0.43748444 9537665
0.11015411 0.39539257 0.43752831 9931904
0.12027895 0.3987228 0.43737847 11116692
0.13043416 0.39905289 0.43730134 9800830
0.1405981 0.39888313 0.43892616 10128768
0.15073732 0.39821342 0.43887359 10128768
0.16088615 0.3982102 0.43880457 10062976
0.17104721 0.39854029 0.43872744 9536892
-0.22803661 0.40063086 0.44037622 10459279
-0.10756106 0.40300754 0.43568772 9734528
0.0048954026 0.40465561 0.43670911 9537403
0.099909186 0.40257481 0.43610317 10064009
0.10609757 0.40150335 0.4380452 10326924
0.11512274 0.40279463 0.43806702 10524560
0.12694983 0.40290609 0.43800133 9866629
0.13557862 0.40272084 0.43758899 9932421
0.1497639 0.40368238 0.43755335 9800835
0.1679382 0.40437546 0.44014794 9406078
0.17816219 0.40435269 0.44000119 9537665
0.18176439 0.40041783 0.43933553 10458765
-0.26475918 0.40752378 0.43908542 10195334
-0.25962681 0.40574005 0.43615872 10392201
-0.23225966 0.40583208 0.43733495 10656659
-0.099938489 0.40527382 0.43837661 9076598
-0.095149226 0.40619484 0.44029826 9208184
-0.088855155 0.40578762 0.43862873 10194048
-0.080526628 0.40711835 0.44024044 9799290
-0.0073846518 0.40736428 0.43958443 9339254
-0.0004448682 0.4057602 0.43802816 9667962
0.16055225 0.40559509 0.43839997 9603456
0.19176513 0.40736726 0.43668193 9406079
0.20135048 0.40809765 0.43864125 10261385
-0.23986402 0.41003457 0.43886787 10788245
-0.025173688 0.41358426 0.43764085 9010287
0.17756946 0.41041091 0.4358986 9274493
0.21009763 0.41002813 0.43876284 10393226
0.21927641 0.41113642 0.43981165 10524298
-0.27561677 0.41864029 0.43776709 10392713
-0.24998561 0.41769484 0.43943328 10788245
-0.072628088 0.41641322 0.43694454 8813680
-0.067917727 0.41478112 0.43826753 10128768
-0.06430646 0.41657057 0.43733364 8682094
-0.056915306 0.41644636 0.43830675 9405047
-0.049628355 0.41944221 0.43974322 9141874
-0.044782914 0.4149529 0.43814534 9141621
-0.032677792 0.4161202 0.43881589 9207667
-0.021826008 0.41576687 0.43793005 9470838
0.23084208 0.41768852 0.43702167 10195076
-0.27920458 0.42388597 0.43631715 10458764
-0.2569336 0.42250648 0.43936402 10722452
0.24047916 0.42018536 0.43775386 10260356
0.25036538 0.42082527 0.44036967 9866111
-0.28401655 0.42941919 0.43793291 10590350
-0.26185665 0.42709127 0.43842131 10919831
0.25311223 0.42718151 0.43578261 9865598
0.2627269 0.42842844 0.43654925 10062977
0.26985547 0.42767635 0.43795639 10391944
0.27252966 0.42847374 0.44026703 9997700
0.27906927 0.42767349 0.43904608 10391688
0.28934839 0.42700365 0.43899101 9996930
0.31000882 0.42666391 0.43885809 9602429
0.32139567 0.42791036 0.43961555 9931907
-0.26847535 0.43064347 0.43993419 10788502
0.26647791 0.43058911 0.43797952 10129286
0.2733863 0.43330649 0.43632346 10129286
0.28286713 0.43279675 0.43655151 9931907
0.30324885 0.43323925 0.43672234 9537663
0.31468421 0.43353453 0.43704742 9735043
0.32631096 0.43391016 0.4388842 9800837
0.37764639 0.43269768 0.44012266 9800320
0.38993621 0.42980579 0.43997151 9997954
0.40030798 0.42980257 0.43990093 9866112
0.41125634 0.43020394 0.44055814 10129542
-0.28044552 0.4379901 0.43914598 10723225
-0.27169117 0.4348444 0.43569642 11381152
0.33294404 0.4350504 0.43732983 9800837
0.34292972 0.43560436 0.43754786 9471872
0.36435333 0.4348928 0.43960255 9866371
0.3858307 0.43516377 0.44044966 9800322
0.39565539 0.43737867 0.43920547 10195080
0.43110561 0.43662634 0.43781549 10195338
0.44087839 0.43762317 0.43859535 10458253
-0.29190361 0.44073632 0.43721169 10261386
-0.28906789 0.44134977 0.43912488 10592669
0.40682107 0.44143775 0.43572825 10458253
0.42653278 0.44458404 0.43719643 10260875
0.44088694 0.44462541 0.43988556 9667969
-0.2962943 0.44730595 0.43654197 10326922
0.45242128 0.44661978 0.43745071 10589839
-0.3013019 0.45136777 0.44036835 10064007
-0.30464736 0.45907381 0.43791193 9800835
0.46344692 0.45661631 0.43891579 9866116
-0.30728716 0.46554855 0.43587703 9932421
0.47347102 0.46694663 0.43804067 9667967
-0.31141272 0.47093609 0.43936211 10064007
0.48085031 0.47061089 0.44027942 6837841
0.48402983 0.47660998 0.43657607 4600108
0.4911629 0.47660783 0.43652743 4138782
0.50020397 0.47710493 0.43645519 4138266
0.51021212 0.47785178 0.43726236 4401178
0.51979405 0.47959879 0.44055468 4598043
-0.31667304 0.48103717 0.44052213 9800835
-0.3130739 0.48012725 0.43632942 10392972
0.52204579 0.48559812 0.43611985 4334358
0.53019792 0.48916712 0.43957967 5782575
-0.31694016 0.490536 0.43817741 9735297
0.54092926 0.49959233 0.43857998 6572352
-0.31930619 0.50212061 0.4378764 9669246
-0.32317311 0.50819898 0.44012815 9668989
-0.32465547 0.51399291 0.43898708 9536889
-0.32005087 0.51046872 0.43574983 9603196
-0.18941966 0.37922838 0.44259983 9997700
-0.17235795 0.37848046 0.44249123 10260359
-0.16109455 0.37965849 0.44435614 10195079
-0.22088072 0.38227788 0.44443065 10194309
-0.21575963 0.38092676 0.44382197 9734528
-0.20554781 0.38075772 0.44400007 10458251
-0.15033653 0.38163796 0.4455815 9865856
0.03158655 0.38375035 0.44504434 10589321
0.039959136 0.38374773 0.44498748 10720907
0.050022069 0.3834112 0.44492573 10655628
0.060937289 0.38249126 0.44403225 10326665
0.070142798 0.38223842 0.44313735 10655630
0.080179378 0.3822352 0.44306916 9734529
0.090232521 0.38206545 0.44467872 9800321
0.096892722 0.38372996 0.44460076 9800321
-0.23130369 0.38762525 0.44061762 10391688
-0.14123118 0.3873364 0.44175023 9734270
-0.13445836 0.38878515 0.44234234 9667965
0.029083146 0.38875106 0.4406386 10326149
0.032768041 0.38943282 0.44342822 9866628
0.044515874 0.38838139 0.44380254 9800835
0.053685687 0.38860968 0.44227034 9735044
0.063589111 0.38729051 0.44299358 10327181
0.073865339 0.38829175 0.44394034 9932423
-0.25027776 0.39390007 0.44474548 10326665
-0.24207801 0.38984123 0.44400209 10062723
-0.21862268 0.39382783 0.4431749 10392972
-0.20889494 0.39182487 0.44230968 10853264
-0.19975141 0.39232209 0.44139344 11445400
-0.1895735 0.39198557 0.4413324 11379607
-0.17946753 0.39198235 0.44126374 10984849
-0.16946447 0.39247921 0.44118398 10984849
-0.16005513 0.39260975 0.44145435 10919055
-0.14928073 0.39263979 0.44104332 11115663
-0.13905147 0.39196983 0.44098908 10523013
-0.10950949 0.39259413 0.44111091 10523015
0.011363691 0.39135554 0.44524997 10194821
0.019902302 0.38975385 0.44259948 10523528
0.082369834 0.3915619 0.44256192 10064009
0.10054439 0.38997903 0.44066387 9931649
0.11022859 0.39022592 0.4426977 9668220
0.12031866 0.39272276 0.44257778 10655370
0.13043126 0.39321962 0.44249874 9537401
0.14056313 0.39371648 0.44410759 10063745
0.15068039 0.39371327 0.44403881 9932159
0.16079767 0.39371017 0.44397014 10655370
0.17091492 0.39370707 0.44390136 10063748
0.17936666 0.39420441 0.44383413 10656144
-0.25314888 0.39915147 0.44097537 10327433
-0.10653771 0.39818361 0.44382185 9734528
0.0039623142 0.39831987 0.4422558 10063491
0.0093923118 0.39755717 0.44086176 10194562
0.094098568 0.3961443 0.44121021 9274493
0.10141371 0.39670256 0.44282883 10063495
0.11822555 0.39893666 0.44203633 9998214
0.12877466 0.39807263 0.44290727 9866628
0.13656487 0.39882115 0.44211465 9866628
0.14582846 0.39827326 0.44286746 9800835
0.15671866 0.39948729 0.44298357 9537663
0.1661181 0.39954367 0.44421691 9077112
-0.26049238 0.40194049 0.44484431 10392714
-0.23601541 0.40283337 0.44309503 10722452
-0.09880919 0.40133944 0.44481725 9076598
-0.090385683 0.40150252 0.44310111 10457220
-0.079892747 0.40278497 0.44542807 9733496
-0.015416825 0.40276495 0.4449901 9405047
-0.0070616691 0.40130129 0.44483465 9471098
0.0017653465 0.39992633 0.4421038 9931135
0.1846436 0.40015438 0.44321591 10129800
0.1917028 0.40267935 0.4416638 10129800
0.20178604 0.4030309 0.44350809 10327177
0.20867233 0.40469542 0.44342858 10327433
-0.086020239 0.40923217 0.44227082 9471356
-0.070947297 0.40878192 0.4422639 9799802
-0.024979198 0.4088743 0.44283289 8747116
-0.017675722 0.40919152 0.44139391 9536633
-0.27085292 0.41144982 0.44315273 10524298
-0.24506128 0.41183618 0.44295841 10854038
-0.076475881 0.41116849 0.44211906 9405562
-0.065036096 0.41042545 0.44348294 8944754
-0.061219744 0.41077915 0.44377762 9800058
-0.057092376 0.41092566 0.44298166 9207414
-0.050528266 0.41277578 0.44503206 9668216
-0.04108613 0.41185692 0.44198567 8944496
-0.038569264 0.41277209 0.44495088 9010287
-0.032305606 0.40972915 0.44307643 8878702
-0.02894784 0.41051915 0.44407541 9207667
0.22893314 0.41228917 0.44177383 10392711
0.24001431 0.4140189 0.44303221 10524296
-0.040947638 0.41860595 0.44084591 9536631
0.2614677 0.42250946 0.44325823 10129285
0.27174768 0.42334238 0.44263321 10326919
0.28049463 0.42467299 0.44254762 10195333
0.28895357 0.42333713 0.44251627 10063747
0.2992487 0.42316726 0.44072706 9997186
0.30952069 0.42266396 0.44238967 9931137
0.3182562 0.42366138 0.44231063 10129029
0.37525338 0.42464367 0.44534892 9997954
0.38042077 0.424642 0.44531387 9734782
0.38878921 0.42330614 0.44528013 9603196
0.39911774 0.42330292 0.44520992 9800577
0.40798011 0.42463341 0.44512659 9800321
0.28364849 0.426487 0.44260579 9471357
0.29485512 0.42794839 0.4424625 9537664
0.3111195 0.42931619 0.44241935 9998216
0.33156228 0.42908576 0.44112366 9997698
-0.28903049 0.43341771 0.44260794 10327433
-0.27457765 0.43284526 0.44269699 10460052
0.30468437 0.42987457 0.44141573 9537665
0.32611838 0.43125382 0.44463938 9603458
0.34157589 0.42998746 0.44202334 9668732
0.35104305 0.43050852 0.44244236 9799805
0.35791105 0.43159595 0.44269472 9800320
0.36825138 0.43057612 0.44308096 9931906
0.42085096 0.4308795 0.44189841 10590095
0.43026698 0.43245986 0.44252819 10195337
0.43917897 0.43362382 0.44302458 10326667
0.446343 0.4346216 0.44469291 10524046
0.41763127 0.43915978 0.44503051 10326666
0.45848814 0.43938938 0.44372696 7956064
-0.29730281 0.44434777 0.44416445 10327179
0.42776811 0.4414815 0.44377702 10720911
0.43759549 0.44341102 0.44259399 9996420
0.44899231 0.44180956 0.44158083 8878193
0.45587319 0.44375196 0.44340247 8681071
0.45969298 0.45081761 0.44151646 10260874
-0.30863577 0.46198705 0.44291955 10656144
0.46949399 0.45986453 0.44145006 9602431
0.47745037 0.46361199 0.4439792 8877938
-0.31380391 0.46924976 0.44384807 9800835
0.49002597 0.47177485 0.44197291 4073247
0.50073522 0.47193816 0.44189733 4006680
0.50937438 0.47326866 0.44240767 4006166
0.51565939 0.47460023 0.44352919 3743506
-0.32093847 0.49001053 0.4452948 9669504
0.53887999 0.49459293 0.44302505 5716013
0.54857451 0.50358987 0.44280332 8349279
0.55176026 0.50858891 0.44087559 7560021
-0.21224883 0.37735143 0.45036727 10392458
-0.20241639 0.37753668 0.44952756 10392201
-0.19279245 0.37670401 0.4483996 10063236
-0.18292212 0.37623492 0.44719034 10194565
-0.17181739 0.37536255 0.44802362 10260102
0.07040301 0.37623814 0.44992393 11445146
0.080397494 0.37623516 0.44985598 10589837
0.090375006 0.37706533 0.44977421 10260872
-0.23075274 0.38381854 0.44588894 10325895
-0.13799047 0.38384572 0.4467929 9734012
-0.12875345 0.38458708 0.44867283 9602685
-0.12074248 0.38117257 0.44988829 10852238
0.033547409 0.38340512 0.45015544 10195593
0.042727705 0.38436857 0.44832939 9735043
0.051830631 0.38377765 0.44769651 9603457
0.062937133 0.38351944 0.44826633 10326923
-0.23658189 0.38538554 0.4464367 10259589
-0.21935448 0.38820317 0.44959944 10656657
-0.2094506 0.3870751 0.4474563 10919571
-0.19849107 0.38682178 0.44654816 11313814
-0.18842292 0.38681856 0.44647986 11116435
-0.17745841 0.38656512 0.44724876 11248021
-0.16824079 0.38664547 0.4480229 10984849
-0.15830448 0.38730922 0.44794244 11247764
-0.14817098 0.3869727 0.44787997 10457220
-0.13808212 0.38680294 0.44613796 10325634
-0.12951705 0.38580027 0.44609934 10588806
-0.12131738 0.38609937 0.45008487 9602942
-0.11777904 0.38579658 0.44601971 10654601
-0.10934057 0.38759401 0.44659787 10457478
-0.10071582 0.3895413 0.45045215 10194307
0.0088650193 0.38775745 0.44982058 10524041
0.016392207 0.38575497 0.44846219 10063747
0.023877857 0.38587788 0.44879776 9998214
0.07756459 0.38588455 0.44906706 9866630
0.11364985 0.38572481 0.44780153 9207414
0.12035757 0.3863894 0.44774431 9668218
0.13110708 0.38711944 0.44900018 9734523
0.14052539 0.38821653 0.44925338 9800573
0.15058257 0.38721326 0.44920152 10195075
0.16067819 0.38804355 0.44911903 10852493
0.17077743 0.38870719 0.44903964 10326405
0.18131988 0.3894538 0.45021468 10063746
-0.11753749 0.39098945 0.44639152 9471356
-0.10854428 0.3946524 0.44714409 9537149
0.002359821 0.39394835 0.44788033 9997700
0.089446314 0.39132026 0.44595832 8945528
0.099298023 0.39263216 0.44691509 10063493
0.10652696 0.39360622 0.44681484 10326922
0.11569381 0.3920106 0.44837171 9866628
0.12638007 0.3923991 0.44778949 9800835
0.13718045 0.39315978 0.44790381 9669249
0.15612328 0.39431193 0.44850034 10129800
0.16730145 0.39394322 0.44929761 10458765
0.17741583 0.3945041 0.44787663 10195592
-0.25861496 0.39754787 0.44887191 10129286
-0.23096636 0.39616504 0.44771188 11183002
-0.096874349 0.39545682 0.44681257 9996927
-0.088576742 0.39738765 0.45032519 9930876
-0.079417415 0.39961794 0.45056468 9799545
-0.019030282 0.39836612 0.44983536 10655114
-0.0098509435 0.39776316 0.44843251 9865598
-0.0061792894 0.39538053 0.45008236 9866113
-0.0045153364 0.39476159 0.44844824 9470840
0.18758875 0.3948032 0.44848841 10392713
0.19300726 0.39670029 0.44707185 10195333
0.1962373 0.39947286 0.44577366 10392715
0.20241785 0.39869729 0.44781822 10129540
-0.091038458 0.4044731 0.44583446 9339770
-0.024793843 0.40416661 0.44799954 8945266
-0.01400944 0.40302995 0.44630116 9076853
0.20496209 0.40058163 0.44907123 10721423
0.21185614 0.4006944 0.44856709 10195076
0.22142017 0.40002492 0.45020312 10457990
-0.26766235 0.40610471 0.44747525 10195335
-0.24956387 0.40958753 0.44985443 10854294
-0.24239185 0.4058353 0.44760579 10722452
-0.08622507 0.4053829 0.44777912 9273977
-0.074547775 0.40526417 0.44902831 9076342
-0.06554497 0.40652516 0.4480992 8944242
-0.059922881 0.40611199 0.44862837 9536118
-0.054772399 0.40619019 0.44865781 9141621
-0.049916752 0.40777567 0.44853157 9931389
-0.045350753 0.40669027 0.4471516 8878961
-0.040518545 0.40752259 0.44932157 9141873
-0.035207413 0.40518382 0.44804043 9339511
-0.030979941 0.40576974 0.44843751 9273459
0.22925803 0.40702227 0.44664663 10392710
0.24031024 0.40888551 0.44790047 10392453
-0.27422613 0.41034463 0.44938678 10590091
0.25000593 0.41051582 0.44928449 10129540
-0.27763939 0.41645947 0.44653982 10458505
-0.25960732 0.41804066 0.44909161 10525330
-0.25263414 0.41483846 0.44636565 10854038
0.25395721 0.41668132 0.44631141 10261126
0.26099843 0.41676095 0.44830376 10458506
0.27196676 0.41847566 0.44752854 10129284
0.28168833 0.41950622 0.44778794 10260614
0.29183152 0.41816953 0.44774145 10523786
0.30139938 0.41786662 0.44802421 10260102
0.30970138 0.41846386 0.44727212 10523274
0.31996712 0.41966072 0.44826013 10391686
0.38120341 0.41914192 0.45055002 9602941
0.39131668 0.41813877 0.45049554 9800321
-0.28373489 0.42076054 0.45034617 10590091
0.27149385 0.42094865 0.44669658 9603199
0.28310731 0.42192426 0.44707161 9537665
0.32946351 0.4204078 0.44959348 9799805
-0.28667343 0.42725399 0.44794482 10261640
-0.27108195 0.42764428 0.44830877 10460051
0.30622736 0.42489424 0.44920379 9866630
0.31326407 0.42590621 0.44851321 9603458
0.3228178 0.427241 0.44979471 9406079
0.36487848 0.42760411 0.44900435 10195079
0.3737213 0.42672995 0.44952554 9735042
0.37891319 0.42941979 0.44581455 9997702
0.3859863 0.42752376 0.44996768 9405820
0.42391583 0.4266285 0.44843346 10392460
0.4317888 0.42712608 0.44923502 10195081
0.33629405 0.43034258 0.4479875 9537664
0.34462404 0.43062595 0.4460507 9669249
0.39802831 0.4323428 0.44734746 9537149
-0.29433593 0.43792382 0.44693464 10261641
-0.28604242 0.43684879 0.44616002 10395545
-0.2820254 0.43484762 0.44617206 10657690
0.40782905 0.43509534 0.44714803 10129287
0.43236762 0.43921629 0.44960636 10521991
0.44048071 0.43911627 0.44976181 7166036
0.45297399 0.43828633 0.44921917 10326667
0.45939052 0.4369438 0.45009595 6836558
-0.30073172 0.44290057 0.45051044 9998214
0.44449276 0.44105831 0.44693393 5850175
-0.30385113 0.44924501 0.44814104 10195593
0.46333629 0.44811645 0.44959193 10326669
0.47230607 0.45661357 0.44765538 8746865
-0.31204849 0.46077219 0.44963771 9866629
0.4814862 0.46561077 0.44745821 6639691
0.4890528 0.46760824 0.44737679 4467493
0.49953577 0.46693829 0.44908613 3677202
0.5111444 0.46874443 0.44974083 3743765
-0.31765646 0.47386482 0.44777721 9471871
0.52412516 0.4795976 0.44695884 4006676
-0.32089335 0.48196831 0.44886822 9537662
0.53595239 0.48359385 0.4504016 4925725
0.53288162 0.48559478 0.44680947 4137492
-0.32716405 0.49422136 0.44945949 9602941
0.54305899 0.4965916 0.44657546 4860704
0.54926401 0.49933973 0.45010978 7164488
-0.33226305 0.50426638 0.44961983 9273461
-0.32783669 0.50294101 0.4459998 9734012
0.55278403 0.50558853 0.4463746 8414557
-0.17205986 0.37327495 0.45525485 9996930
0.070562162 0.37273839 0.45496625 10787216
0.080550477 0.37206843 0.45490676 10655373
0.090510033 0.37239888 0.454835 9931137
-0.22182739 0.37840489 0.4519127 10063237
-0.15976176 0.3767803 0.45085341 9339000
-0.14992812 0.37715986 0.45226806 9536633
-0.14077783 0.37875143 0.45164722 9668219
-0.13178216 0.37925354 0.45328289 9733757
0.042898219 0.37961641 0.45460337 9866628
0.050288174 0.37896672 0.45168346 10853009
0.060383387 0.37707487 0.45164329 10655629
0.10036056 0.37884012 0.4513436 9996930
-0.24114144 0.38243774 0.45410341 10260615
-0.23085561 0.38013282 0.45284277 10194566
-0.2101109 0.38282529 0.45256215 10327177
-0.20079938 0.38232246 0.45166916 11050385
-0.19076279 0.38231948 0.45160097 10852748
-0.18072623 0.38231614 0.45153278 11050128
-0.17064267 0.38214639 0.45314139 10458505
-0.16074026 0.38281015 0.45306414 9734012
-0.15070018 0.38280693 0.45299596 10391685
-0.13992706 0.38240352 0.45158905 10325636
-0.1304267 0.38163391 0.45120198 10589322
-0.11706793 0.38400999 0.45490986 9602942
-0.1111201 0.38219467 0.451397 10589321
0.0031880126 0.38375917 0.45528489 10721423
0.010813801 0.38250688 0.45441157 11050643
0.020508161 0.38125375 0.45227093 10655884
0.029583877 0.38044396 0.4532854 10524043
0.040200096 0.38030329 0.45173198 11246996
0.053889729 0.37982932 0.4531464 10458508
0.064485863 0.37990919 0.45521778 10721937
0.072942518 0.38135436 0.45442444 9866630
0.080734991 0.38245681 0.45519131 10129288
0.10994442 0.3806012 0.45167071 9931136
0.120395 0.38172272 0.45283979 9734011
0.12959413 0.38146988 0.45361727 10260354
0.14048508 0.38271669 0.45436484 10721675
0.15052517 0.38271347 0.45429665 9734781
0.16056526 0.38271049 0.45422846 10063489
0.17062904 0.38337389 0.45415169 10260354
0.1773378 0.38370505 0.45410186 9865596
-0.0052458434 0.38903561 0.45504063 9866115
-0.00066792371 0.38947466 0.45187193 10260614
0.0043185861 0.38747755 0.45202333 10063494
0.013585186 0.38509813 0.45143312 10195593
0.084513634 0.3860828 0.4507466 9471615
0.094328053 0.38741723 0.45170671 9340028
0.10303144 0.387113 0.45299417 9932164
0.11864209 0.38776639 0.45256716 9471870
0.13665621 0.38769284 0.45451742 9669249
0.16641279 0.38845924 0.45485395 10064262
-0.25942901 0.39400771 0.4548952 10327179
-0.25144392 0.38990679 0.45195597 10787730
-0.22925633 0.39203122 0.45204371 11116952
-0.10468955 0.3903456 0.45504326 8616047
-0.097841613 0.39365342 0.45467991 9076598
-0.092088126 0.39378873 0.45243305 9865598
-0.027989218 0.39376882 0.45537025 10391942
-0.021014357 0.39143327 0.45535225 10852493
-0.010849113 0.3905969 0.45360833 10523528
0.14678498 0.38983622 0.45259231 10064007
0.15764439 0.39054087 0.45345658 10392972
0.17410268 0.39010218 0.45297641 10195333
0.19058269 0.39084378 0.45151323 10326661
0.19578615 0.39460066 0.45128161 10524044
0.20059635 0.39269784 0.45248014 10129026
0.21149513 0.39436117 0.45373505 10128768
0.21826468 0.39469245 0.45368475 10260354
-0.23854902 0.3995842 0.4508006 10459280
-0.092801161 0.39922217 0.45145887 9142391
-0.084699936 0.3993527 0.45336396 9142134
-0.076927148 0.39948168 0.45373899 9010036
-0.059058435 0.39944509 0.45381361 9733754
-0.032441549 0.39945856 0.45352012 10063493
-0.028610731 0.39956895 0.45191127 10260356
-0.016536141 0.39854839 0.45136672 8813681
0.21006845 0.3975499 0.45505756 10260871
-0.27028537 0.403528 0.45541853 10064007
-0.24612671 0.40283647 0.45334452 11248796
-0.068869613 0.40035287 0.45120567 9536373
-0.06431257 0.40135792 0.45359939 9076341
-0.056635492 0.4014453 0.45320576 9142391
-0.048979454 0.40010861 0.45373577 9799803
-0.041177012 0.40155903 0.45242423 8747117
-0.038123704 0.39997187 0.45400316 9734010
-0.023976797 0.40117601 0.45123667 9405563
0.21747553 0.39980164 0.45511121 10261127
0.22952744 0.40108886 0.45149165 10326147
0.23826844 0.40218619 0.45260459 10326148
0.24773444 0.40368333 0.45337087 10128770
-0.28026003 0.41346303 0.45503134 10195593
-0.25681478 0.41133991 0.45328981 10591636
0.25482923 0.41353372 0.45182604 10458251
0.2602908 0.41084602 0.45148557 10194820
0.26080653 0.411459 0.45408589 9866630
0.26986536 0.41267636 0.45225126 9799806
0.27154613 0.41227534 0.45527095 9998216
0.28112373 0.41400626 0.45301336 10391688
0.2913821 0.41400304 0.45294374 10457479
0.3017242 0.41466644 0.45286506 10260356
0.3119888 0.41466334 0.45279521 10523528
0.31883189 0.4146612 0.45274884 10523528
0.40439349 0.41463462 0.45558923 9800321
0.28283548 0.41735044 0.45269793 9800837
0.40105528 0.41883579 0.45076293 9800321
0.41038692 0.41913286 0.45206529 10195079
-0.26690996 0.42150953 0.45091325 10920345
0.29382145 0.41985193 0.45296639 9932423
0.30273333 0.42060569 0.45435292 9998216
0.34036827 0.42148796 0.45079511 9799805
0.35094002 0.42315128 0.4507007 9734012
0.36306614 0.42191806 0.45294219 9734527
0.37238294 0.42085806 0.45257705 9668991
0.41944614 0.421487 0.45197529 10589838
0.42924279 0.42222682 0.45396501 10195080
0.43884015 0.42362395 0.4552626 10063493
0.35677117 0.42678824 0.45085257 9602942
0.39376515 0.42636386 0.45399994 9931907
0.44161701 0.42862299 0.45115966 10195081
-0.29119003 0.43112031 0.45122033 10130054
-0.28808486 0.43184951 0.45319515 10132370
-0.27957165 0.43018022 0.45085388 10526102
0.41967374 0.43281177 0.45356923 10720911
0.43639141 0.43395391 0.45446521 7297365
0.44920039 0.43162075 0.45251304 10458253
-0.29671967 0.43591574 0.45403188 10261640
0.44981685 0.43781415 0.4522633 5519670
0.46722168 0.4352372 0.45161909 8351850
0.45914221 0.44111767 0.45232731 10260874
-0.30917305 0.4535524 0.45215851 9603458
0.46988878 0.45111433 0.45242792 9273467
0.48020837 0.46011117 0.45166367 7561307
0.49055877 0.46200791 0.45310098 4203806
0.50025773 0.46260491 0.45444351 4071962
0.50757957 0.46360269 0.45438343 3678231
-0.31622922 0.46693304 0.45108217 9669251
0.52060133 0.47059849 0.45185059 4072984
0.53047788 0.47919539 0.45120496 4663323
-0.32617366 0.48758104 0.45236939 9734528
0.54097551 0.48884216 0.45119923 4992032
-0.33401191 0.4965072 0.4539699 9339000
0.55880183 0.50878668 0.45065421 7889501
0.56572902 0.51258457 0.45348364 6049352
-0.21588457 0.37445834 0.45663625 10195079
-0.20170891 0.37267974 0.4570598 10128516
-0.19010776 0.37174454 0.45792884 10260102
-0.18089363 0.37247232 0.45659047 9931137
-0.16182142 0.37372556 0.45583302 9470842
-0.15214515 0.37314036 0.45759219 9405047
-0.1371989 0.37469497 0.45657223 9734012
-0.24026254 0.37764516 0.46029156 10458766
-0.23456949 0.37642124 0.45874888 9998216
-0.21009621 0.37757531 0.45972675 10524299
-0.19897074 0.37653628 0.45912844 10720651
-0.18950605 0.37681893 0.46001118 10786700
-0.17950803 0.37681594 0.45994335 10787213
-0.16997993 0.37706295 0.45945948 10655884
-0.15972051 0.37780979 0.45813245 9733756
-0.14971551 0.37780645 0.45806462 10259843
-0.13955909 0.37697008 0.45800573 10259843
-0.13002212 0.37580052 0.45762199 10786187
-0.12826544 0.37587073 0.45831341 9537149
-0.11937366 0.37579706 0.45621854 10522760
-0.10953227 0.37679413 0.45780355 10128002
-0.099966399 0.37964836 0.45937341 10193795
0.022089576 0.37663975 0.46012312 10458250
0.032306932 0.37586704 0.45990723 10589837
0.041717332 0.3751339 0.45994109 10655117
0.049705934 0.37499467 0.45924026 10918032
0.053452756 0.37566271 0.45875484 10853009
0.058606077 0.3751289 0.45942646 10919059
0.10379308 0.37472799 0.4580434 10523274
0.11044728 0.37505928 0.45799464 10260100
0.12043301 0.37705615 0.45790631 10325892
0.13110605 0.37691954 0.4591673 10457733
0.14046569 0.37871662 0.45942062 10589833
0.15047015 0.37838009 0.45935529 10128768
0.16048139 0.37837699 0.45928723 10194561
0.17097287 0.37842157 0.45992965 10260098
-0.2200073 0.38070336 0.46059662 10853266
0.0098192003 0.38127282 0.4563399 10327179
0.095798701 0.38300899 0.45830232 9537149
0.10628209 0.38343576 0.45845371 9734785
0.11434703 0.38396648 0.45783752 9340284
0.12517926 0.3842012 0.45794541 9735042
0.13527122 0.38459948 0.45895833 9603456
-0.25715092 0.38853875 0.45829445 10458251
-0.25031641 0.38489249 0.45744818 10524044
-0.22948664 0.38763133 0.45815927 10787730
-0.10968585 0.3847473 0.45823663 9142391
-0.10195299 0.38693491 0.45929867 9208184
-0.096137129 0.38728991 0.45591527 10325636
-0.09266787 0.38971129 0.45994824 9273977
-0.088072009 0.38962081 0.45750946 9930877
-0.078520976 0.38878456 0.46047908 10062719
-0.03074638 0.38826957 0.46049541 10326149
-0.020497004 0.38643315 0.45876747 10918286
0.1470692 0.38530234 0.45957786 10195593
0.17751014 0.38596907 0.45925027 10129283
0.18524323 0.38758865 0.45738822 10195076
0.19420727 0.38569978 0.45731586 10457220
0.20099097 0.38703111 0.45725602 9799546
0.21112335 0.3878614 0.45885557 10260354
-0.088838048 0.39409962 0.45713204 9010805
-0.034807168 0.39340571 0.45831269 9866114
-0.025372336 0.39395085 0.4568271 9668735
-0.015266547 0.3899087 0.45729643 9866114
0.19076893 0.38999715 0.45606679 10458505
0.19828275 0.39180508 0.4569512 10195078
0.20402256 0.39085558 0.46006006 10129286
0.22135144 0.39002469 0.45876652 10260354
0.23149574 0.39057711 0.46037143 10128769
-0.26728323 0.39859357 0.45877331 10261129
-0.24859941 0.39940861 0.46018094 10854038
-0.24120456 0.396835 0.45678061 10064522
-0.076679967 0.39499214 0.45695764 9470584
-0.070277311 0.39478198 0.45564479 9602165
-0.066038452 0.39703467 0.45750803 9207415
-0.055015169 0.39602628 0.45791847 9207414
-0.045286335 0.3949801 0.45814234 9339257
0.22437654 0.39854482 0.45889908 10129286
0.24047177 0.39768544 0.45687801 10457733
0.2497531 0.3992826 0.45815116 10457735
0.25322774 0.40415958 0.45945889 9735044
0.2599113 0.40125087 0.45912641 10392456
-0.27661765 0.40779105 0.45766526 10458765
-0.25939566 0.4083406 0.46016353 10525073
-0.25392234 0.40683892 0.45674056 10657429
0.26179683 0.40569904 0.45931369 9866630
0.27020472 0.40734306 0.45657641 9866370
0.28059369 0.40883973 0.45819253 10589580
0.29089907 0.4094477 0.45981985 10195077
0.30112654 0.40944448 0.45975035 10523528
0.31136945 0.40955248 0.45967919 10326147
0.32161322 0.40966025 0.4596085 10391940
0.37954068 0.40942004 0.45921665 10195079
0.39028955 0.40963915 0.45816821 9997700
0.39956787 0.40938619 0.45950776 10129286
0.27952212 0.41247395 0.45712966 9998216
0.33103445 0.41080025 0.46002191 10523527
0.33883744 0.41082171 0.4600516 10391942
0.35983652 0.41139856 0.45976168 10194563
0.36955807 0.41086772 0.45927185 10195078
-0.2860117 0.41860107 0.45866698 10129798
-0.26974723 0.41734377 0.46014041 10525843
-0.26282904 0.41484168 0.45669991 10460050
0.29754299 0.41510537 0.46046561 10392974
0.30651975 0.41679195 0.4603067 9866630
0.32391527 0.41934505 0.46013981 9932679
0.33165213 0.41946355 0.46026605 9538176
0.34139544 0.41665426 0.45599657 10062977
0.34996098 0.41665152 0.4559384 9668219
0.3568134 0.41664937 0.45589191 9931391
0.364584 0.41636863 0.46031004 9669249
0.37421298 0.41757968 0.45944577 9735042
0.38173437 0.41792193 0.4603278 10063493
0.42536086 0.41662815 0.45885259 10195079
0.43060631 0.41712657 0.45881301 10129286
0.31802723 0.42227986 0.45587796 10064009
0.32709309 0.42391363 0.4557175 9735043
0.33561686 0.42354169 0.45564479 9537664
0.34489852 0.42199996 0.45602065 9537663
0.35405692 0.42156485 0.45594972 9603456
0.38504252 0.4224073 0.45585674 9603456
-0.28942546 0.42482474 0.45583671 10524812
-0.28188789 0.42618087 0.45783442 10526358
-0.2945357 0.43004349 0.458911 10393226
0.42759186 0.43090525 0.45697695 10588298
0.4507724 0.43398657 0.45721143 4138275
0.45821613 0.43313304 0.45751995 4664619
0.47064579 0.43413225 0.45880693 5587004
0.46274552 0.4376165 0.46016914 9734530
-0.30291188 0.44083026 0.45886689 9932678
-0.30658072 0.44668165 0.45610183 10064007
0.47262004 0.44761351 0.45945019 9075831
-0.31160259 0.45205429 0.4602899 9472128
-0.31460208 0.45861748 0.45754558 9866630
0.4829371 0.45661035 0.45814294 7232341
0.49133024 0.45727447 0.46042603 3743255
-0.31812406 0.463128 0.45940799 9603458
0.52254361 0.46659794 0.45779425 4138777
0.53059632 0.46879533 0.46055669 4860702
-0.32127112 0.47171512 0.45787209 9471872
-0.32894319 0.48257807 0.45802373 9471614
0.54399282 0.48659137 0.45748919 4465946
0.55440485 0.49808815 0.45913368 5058342
0.56322217 0.50791883 0.45840186 6047810
-0.19972742 0.36905673 0.46164757 10062723
-0.19365168 0.36895338 0.46150202 10194309
-0.1688109 0.36890152 0.46394593 9404793
-0.16080594 0.36930993 0.46224731 9404792
-0.15070495 0.36844793 0.46280295 9997184
-0.14051217 0.36869875 0.46225768 9799805
0.070737295 0.36907163 0.46163839 11116181
0.08071366 0.36795738 0.46157938 10588810
0.090647317 0.36817637 0.46150953 9996416
-0.23187241 0.37229648 0.46434504 10063751
-0.22169068 0.37108091 0.46238178 9800064
-0.21123201 0.37002352 0.46173543 9733758
-0.20522732 0.37282386 0.46348661 9931391
-0.20024234 0.37282231 0.46345264 10391942
-0.17921546 0.36984745 0.46209854 9602172
-0.16534764 0.37281147 0.46321565 11511193
-0.15870103 0.37280956 0.46317047 10260356
-0.14873108 0.37280634 0.46310276 9997184
-0.13870093 0.37246993 0.46303731 10326150
-0.13157609 0.36994508 0.46369213 9536634
-0.1276591 0.37104979 0.46214277 10918032
-0.11857901 0.37129703 0.46124822 9864831
-0.10857975 0.37112728 0.46284336 9733245
-0.10220473 0.37279192 0.46278673 9799292
0.020780249 0.37275377 0.46527475 10523272
0.030750168 0.37275079 0.46520716 10983825
0.040738244 0.37241426 0.465141 10983825
0.051394481 0.37174407 0.46374303 10852239
0.061145283 0.37061611 0.46210653 11313303
0.10013898 0.37047926 0.46184176 10523015
0.11050968 0.37139252 0.46301144 10654600
0.12046807 0.37355617 0.46292883 10786185
0.12961498 0.37322 0.46370071 10391940
0.14044614 0.37471655 0.46445066 10523526
0.15043011 0.37471345 0.46438283 10326147
0.16041407 0.37471035 0.464315 10457733
0.16873403 0.37470785 0.46425849 10325890
-0.11874434 0.37808052 0.46095651 9602429
0.00034507961 0.3783156 0.46204096 11050644
0.011617159 0.37716737 0.46216875 10590094
0.075963765 0.37759581 0.46214861 10195336
0.086080752 0.37962797 0.46143359 9931908
0.094357371 0.3787035 0.46442837 10063493
0.18052614 0.37870398 0.46081406 9799290
-0.25082406 0.38012162 0.46374899 10064007
-0.22915855 0.38233128 0.46357352 11050388
-0.10456743 0.38083091 0.46345097 9471358
-0.097039811 0.38208249 0.46461886 9537151
-0.091195054 0.38253847 0.46179706 9930622
-0.083841391 0.38378611 0.46257442 9931391
-0.030059168 0.38210276 0.46556765 11115665
-0.025964016 0.38404611 0.4649784 9997702
-0.019920567 0.38093296 0.4638322 11313557
-0.0098166708 0.37998548 0.46209627 11050385
-0.00590934 0.38099614 0.46374112 10392972
0.0037276656 0.38000646 0.4616974 9932422
0.10236979 0.38009408 0.46359295 9800835
0.11735658 0.37997308 0.46336335 9603456
0.13633539 0.38076809 0.46498841 10064006
0.145068 0.38108364 0.46531779 9998212
0.16710794 0.38450697 0.46175784 10129284
0.19017641 0.37982622 0.46115619 9601911
0.20070037 0.38119796 0.46233064 10128513
0.2107521 0.38136151 0.46393555 10457735
0.22092108 0.38335827 0.46385521 10062977
-0.08358898 0.38817289 0.46245974 8944501
-0.069509618 0.38928154 0.46074933 9733754
-0.059423916 0.38927856 0.46068078 9536631
-0.049338244 0.38927558 0.46061224 10391942
-0.041302808 0.38938156 0.46196598 10063235
-0.039184518 0.3887817 0.4622367 9931907
-0.020440841 0.38802496 0.46069199 9734530
0.15628713 0.38527671 0.46085328 10063750
0.21086241 0.38963011 0.46381134 10326665
-0.26297125 0.3913894 0.46283168 10392972
-0.23846427 0.39050069 0.46132523 10327693
-0.075455613 0.39088407 0.46184653 9010293
-0.065137915 0.38974527 0.46407109 9142393
-0.055166133 0.39073589 0.46306747 9471356
0.21901971 0.39075235 0.46459216 9997700
0.22996382 0.39248589 0.46475428 9668735
0.24173799 0.39218524 0.46197742 9996670
0.25196266 0.39334849 0.46358818 10852494
0.25883058 0.39467981 0.46353394 10786446
0.22685423 0.39512721 0.46189982 10129286
0.24057722 0.39665309 0.46414477 9734529
0.24740891 0.39942828 0.46258587 9471615
-0.25623798 0.40283969 0.46359414 10459280
0.269696 0.40200976 0.46172172 10589837
0.28010067 0.40400663 0.463337 10721422
0.38721359 0.40464011 0.46260566 10326665
-0.27920866 0.40612689 0.46344727 10392972
0.27642164 0.40785161 0.46148723 10064009
0.28478274 0.40937439 0.46329421 10064009
-0.26540926 0.4118425 0.46358472 10393487
0.29247406 0.41146854 0.46343035 10327181
0.30255944 0.41200367 0.46548706 9735044
0.3356601 0.41370955 0.46425337 9603456
0.34913763 0.41115192 0.46111923 10128770
0.35626718 0.41193905 0.46491498 9800578
0.36411381 0.4110581 0.46534759 10458251
0.41041395 0.41029945 0.46070808 10195079
0.4204036 0.4124296 0.4609676 10129286
0.42989162 0.41362682 0.46226507 10260873
0.31457564 0.41712299 0.46128458 9866630
0.34447408 0.41666308 0.46106631 9603456
0.44013146 0.41919509 0.46118063 10129288
-0.2919316 0.42253569 0.46291226 10853777
-0.27775779 0.42204621 0.46083552 10525844
0.42890203 0.42436162 0.46364635 9667454
0.44821143 0.42162111 0.46438688 10589839
-0.29698002 0.42685226 0.46367973 10592926
-0.28973991 0.42709997 0.46060699 10526873
0.4389078 0.42862085 0.46094662 5388855
0.44806561 0.42790535 0.46416539 4664362
0.45176843 0.42736998 0.46117491 10524046
0.45843077 0.43212596 0.46210307 7364185
0.48196012 0.43608776 0.46241742 9073518
0.46879196 0.44111457 0.46271437 9931139
0.47661006 0.44461218 0.46526521 8351846
-0.30836046 0.44626406 0.46289188 9735555
0.4808217 0.45061103 0.46240932 7561305
0.48727638 0.45260897 0.46340996 4072991
-0.31669891 0.45724311 0.46452504 9669251
0.50100774 0.45838252 0.46152586 3545876
0.51078105 0.45917311 0.46195942 3480596
0.5193482 0.46109894 0.46197647 3547156
0.52656364 0.46159676 0.46487004 3941400
0.53662962 0.47259358 0.46476549 5255973
-0.3361924 0.47823873 0.4655264 9405820
-0.32659632 0.47633818 0.46106392 9340286
0.54023606 0.47934249 0.4611457 4926238
0.54990375 0.49158958 0.46190852 4597787
0.56006026 0.50091982 0.4633047 5651764
0.56915474 0.51158345 0.46259087 9665911
-0.19046336 0.36456195 0.46817142 10260102
-0.15960938 0.36451808 0.46838325 9404537
-0.15137559 0.36398211 0.46720964 9799805
-0.22065535 0.36676195 0.4694497 9865344
-0.21003288 0.36522117 0.46856385 9865087
-0.20108312 0.36481276 0.46788961 9996930
-0.18000063 0.36583093 0.46767861 9931137
-0.17006263 0.36728397 0.46919066 10392200
-0.15942436 0.36830953 0.46983463 11511193
-0.14946035 0.36813989 0.46866304 11379351
-0.13946703 0.3678036 0.46804589 10194308
-0.13038106 0.36700049 0.46831852 10654347
-0.12936305 0.36570361 0.46999675 9602171
-0.12103748 0.36646441 0.46627384 10259589
-0.10959118 0.36729422 0.46619135 10852239
-0.098567285 0.36867967 0.46905094 11444374
0.070071772 0.3659884 0.46911246 11312533
0.077516273 0.36573604 0.46823591 11707548
0.10149044 0.36622861 0.46889812 10391427
0.11106563 0.36701146 0.4703663 10654599
-0.24033558 0.37371543 0.46577924 10129802
-0.20972919 0.37095025 0.47016758 10787470
-0.19951686 0.36982206 0.47010201 10655884
-0.18908861 0.37015226 0.47003037 11116435
-0.1790905 0.36992696 0.46996266 11314328
-0.11938673 0.37327388 0.46609646 9273976
-0.10842787 0.3740429 0.46792322 9602944
0.014152763 0.37445274 0.46873099 10327179
0.022901712 0.3727217 0.4682079 10261386
0.034265526 0.37176958 0.46758479 10326923
0.044131476 0.37080351 0.46723992 10655632
0.05402118 0.37166718 0.46669239 10524044
0.064825363 0.37358072 0.46609432 10524044
0.073383801 0.37433341 0.46736223 10392458
0.095478095 0.37452701 0.47045797 10261130
-0.24974474 0.37669936 0.46782571 10129802
-0.23016086 0.37783161 0.46932977 10590608
-0.22004363 0.37582842 0.46772581 11050643
-0.09795887 0.37753692 0.46823436 10129288
-0.088677846 0.37703767 0.4668265 10326149
-0.079273783 0.37840965 0.46883816 10457993
-0.069819398 0.37944844 0.46918637 10721421
-0.059788875 0.37933436 0.4691183 11247765
-0.049759395 0.37922004 0.46904987 11182228
-0.039707132 0.37888351 0.46898288 10392456
-0.026807809 0.37720147 0.47029096 10721423
-0.020201528 0.37576643 0.46969873 11445401
-0.017580235 0.37702385 0.47013146 10787730
-0.0069368123 0.37526765 0.46947032 10392970
0.0048435912 0.37504891 0.46997398 10195593
0.085408628 0.37482968 0.46893662 10195079
0.10570775 0.37549689 0.46917707 10064007
0.11644498 0.37514284 0.4698146 10129542
0.12685199 0.37767902 0.46798342 10392714
0.20375833 0.37569693 0.46734542 10787470
0.21050391 0.37702814 0.46729523 10129284
0.22126631 0.37829152 0.46855015 10062979
0.23112556 0.37943843 0.47006434 10194821
-0.08823929 0.38206568 0.46631926 9536894
-0.079547964 0.38395193 0.46640307 9010807
-0.035241671 0.38411704 0.46682876 10260874
-0.015815908 0.38126209 0.46573347 10392716
0.15678988 0.38142744 0.46658498 10063234
0.17726731 0.38176444 0.46637541 9207668
0.18893962 0.38215473 0.46625131 9866370
0.19991063 0.38397661 0.46723038 10129286
0.20722793 0.38415709 0.46818644 10655630
-0.25925851 0.38488796 0.46640652 10327179
-0.24198294 0.38683525 0.46698099 11446173
-0.066636078 0.38585499 0.46784908 9471872
-0.054544039 0.38569382 0.46763855 9931907
-0.044953845 0.38551107 0.4671188 9800321
0.23043299 0.38812748 0.4693957 9668992
0.24294738 0.38618472 0.46704465 10061694
0.2521874 0.38808194 0.46831769 10260100
-0.26870528 0.39210811 0.4682315 10129286
0.25159237 0.39407173 0.46973473 10392974
-0.277228 0.39813617 0.46981937 10260872
-0.25075823 0.39483801 0.46699554 10590866
0.26073352 0.39605978 0.47040886 10195595
0.27097669 0.39767602 0.46681648 10260872
0.28011853 0.39938751 0.46916431 10326406
0.38122502 0.3994197 0.46944374 10523274
-0.25969145 0.40064088 0.46973377 10196108
0.26383168 0.40069214 0.46611911 9932423
0.27122146 0.40257862 0.46628481 9998216
0.29010284 0.40200344 0.47006029 10063233
0.30071086 0.40204194 0.47041279 10062464
0.31049722 0.40233043 0.46992165 10325893
0.32059872 0.40177181 0.4698531 10194306
0.33078945 0.40187982 0.46978348 10853006
0.34098098 0.4019877 0.46971411 10721677
0.35115674 0.40198448 0.46964508 10524298
0.3612954 0.40175918 0.4695763 10590091
0.37129635 0.40075603 0.46951038 10194563
0.39146671 0.39986101 0.46937484 10589837
0.40135694 0.40063563 0.46973103 10589837
0.41038719 0.40129951 0.470375 10458252
0.41990218 0.40302995 0.47053832 10195080
-0.2857976 0.40808275 0.46860713 9998214
-0.26432642 0.40784219 0.46701461 9932936
0.28043845 0.40513137 0.46791857 9932423
0.29664046 0.40732303 0.4683215 9865857
0.33543944 0.40742186 0.47041982 10063493
0.35217285 0.40629616 0.47040695 10129286
0.41142237 0.40663257 0.46583289 10129286
0.42013457 0.40762976 0.46577042 10458251
0.4311882 0.40919772 0.46812218 10721424
-0.26994786 0.40984395 0.47044915 10525329
0.32568574 0.41327026 0.46650976 10064008
0.34542519 0.41093805 0.46638423 9932164
0.37407935 0.41144338 0.46567589 9866628
0.43942201 0.41162375 0.46972066 10458510
-0.28931299 0.41550413 0.46571916 10064007
-0.28009543 0.41784719 0.47049063 10394513
-0.27356303 0.41684499 0.46702665 10788245
0.45078564 0.41962031 0.47032958 10984595
-0.29543352 0.42014316 0.46979862 10129800
-0.28802061 0.42168286 0.47053427 10394771
-0.29760146 0.42786923 0.46623701 10195592
-0.29321399 0.42585114 0.46883208 10592666
0.45163071 0.42675558 0.46860474 3679010
0.4596253 0.42908671 0.46894938 4072225
0.46155199 0.42961696 0.47002596 9997188
-0.30309469 0.4319028 0.46973127 9932677
0.47144577 0.43256631 0.46854085 5190960
-0.3049109 0.43852916 0.46632379 10064520
0.47162426 0.43811372 0.47053534 10062210
0.47996449 0.43578747 0.46684343 7428436
0.4909628 0.4383122 0.46659011 6047296
-0.31142452 0.44408515 0.47053546 9801348
0.47965735 0.44261137 0.47048122 7693146
0.48410243 0.44661 0.46870428 6310464
-0.31419718 0.45003632 0.46846825 9472127
0.51442534 0.45560053 0.46848971 3480595
0.52153867 0.45584837 0.4702 3349522
-0.32196587 0.46303478 0.46720344 9208699
0.53528869 0.46759406 0.46833664 5059366
-0.33910578 0.47456089 0.46899599 9340026
-0.33003637 0.47171846 0.46735698 9340284
-0.34402013 0.4773213 0.46787208 8747887
0.54627955 0.48159066 0.47003561 4336414
0.56776899 0.50658405 0.46989626 7099468
-0.22070342 0.36237946 0.47547299 9800064
-0.21212083 0.36176124 0.47343975 9601659
-0.2025736 0.36038879 0.4739303 10128003
-0.19510341 0.3607749 0.47308785 10852239
-0.18138319 0.36037555 0.47397035 10325895
-0.17004976 0.36099854 0.47364229 10457481
-0.16081774 0.36005107 0.4735598 10391944
-0.15016446 0.35983935 0.47239763 9799805
-0.14860407 0.36380628 0.47308081 11840158
-0.14046901 0.36178914 0.47325903 10128514
-0.13100043 0.36185744 0.47376615 10983568
-0.12026087 0.36213079 0.47123903 10983825
-0.11036503 0.36212781 0.4711718 11378583
-0.10775124 0.36438397 0.4754793 10590353
-0.10229262 0.36329189 0.4727667 11641755
0.071676821 0.36353794 0.47356576 11049359
0.081349976 0.36261001 0.47193056 11904925
0.090838663 0.36239865 0.47145325 10194048
0.10008515 0.36272898 0.47337157 10720649
0.10899964 0.36322632 0.47463268 10918028
-0.23066446 0.36635485 0.4730168 10128775
-0.11860547 0.36574271 0.47249717 10326667
-0.10981915 0.36862364 0.47166008 9471358
0.021091437 0.36897591 0.47192091 10720652
0.031943507 0.36900058 0.47256237 10786960
0.041065019 0.36781624 0.47192508 10918803
0.05267049 0.368251 0.47248012 10523531
0.063066877 0.36780384 0.47358185 11313046
0.12052748 0.36805621 0.47124547 10720392
0.13046758 0.3683863 0.4711774 10260354
0.14041974 0.36938336 0.47110814 10852491
-0.25098017 0.37253645 0.47549635 10326667
-0.24172097 0.36996856 0.47211462 9997701
-0.2267611 0.37283054 0.47360331 10590607
-0.21828476 0.37207797 0.47188514 11314329
-0.096671797 0.37184873 0.47234684 10392974
-0.087817781 0.37171212 0.47315937 9997443
-0.082197182 0.37278572 0.47262126 10654860
-0.028939405 0.37210253 0.47447413 10457993
-0.018316815 0.37216607 0.47418052 11313815
-0.0076029091 0.37244955 0.47418004 10656142
0.0027160854 0.37203041 0.47357351 10524557
0.012783473 0.37085775 0.47299653 10655886
0.024271792 0.3701748 0.4729026 10392460
0.07492625 0.37013212 0.47427779 10655374
0.085921682 0.37046638 0.47450405 10326665
0.095963657 0.37079111 0.47547203 10458251
0.11086059 0.37072864 0.47528857 10129286
0.15038244 0.37015811 0.47104126 10260355
0.1603436 0.37048808 0.47097296 9996668
0.17030202 0.37059632 0.47090489 10194046
0.18025608 0.3705931 0.4708373 10589063
0.19017886 0.3699235 0.47076946 10260354
0.19978121 0.37107316 0.47111744 11642522
0.21018304 0.37136152 0.47229427 10195077
0.21942681 0.37294212 0.47306424 10852752
0.22704159 0.37468973 0.47384685 10260872
-0.076678701 0.3791844 0.47162455 9340029
-0.066456087 0.37970868 0.47392517 10589839
-0.04662513 0.37931338 0.47261554 9997702
-0.037860133 0.37814811 0.47202104 10458253
0.14104022 0.37695184 0.47151202 10326149
0.14925456 0.37822762 0.47071201 10194563
0.15808307 0.37651137 0.47371954 9931391
0.16782087 0.37775794 0.47211581 10326406
0.17814022 0.37764254 0.47107261 9602684
0.18601626 0.37722686 0.47132236 9800321
0.19569995 0.37750879 0.47258598 9931907
0.20995742 0.37939456 0.47402018 10129800
-0.26236889 0.38405779 0.47225541 10129800
-0.23940527 0.38116768 0.47144967 10854036
-0.057163514 0.38086227 0.47258216 10524046
0.22001722 0.38115183 0.47409135 10064007
0.2403857 0.38097122 0.47137433 10325892
0.25022125 0.38268247 0.47286326 11180943
0.23942044 0.38740805 0.47331983 10656145
0.24821882 0.38884428 0.47495013 10261388
0.26130924 0.38930395 0.47068781 10918542
-0.25719938 0.39383999 0.47379011 10393485
-0.2494874 0.39000419 0.47093624 10590864
0.26947424 0.3926765 0.47088414 10589323
0.27740705 0.39417413 0.47353178 10589321
-0.28223315 0.40260366 0.4706623 9866628
-0.26634926 0.40284279 0.47384363 9867913
0.28299403 0.40232041 0.47374111 9865860
0.29189241 0.40318146 0.47514278 9800066
0.33434308 0.40229431 0.47551817 10260872
0.34521306 0.40172198 0.47558242 10326665
0.372347 0.40200594 0.47525793 10458765
0.42785069 0.40362743 0.47252315 10721425
0.30438325 0.40674725 0.47241312 9866373
0.31388098 0.40826944 0.47154778 9997958
0.3245706 0.4077833 0.4709962 10326922
0.34634727 0.40522662 0.47167546 10129286
0.3678208 0.40643755 0.4707182 9866628
0.37568316 0.40648618 0.47087878 10064007
0.38201457 0.40748826 0.47141963 10458765
-0.29295886 0.41265884 0.47231418 10261386
-0.27558324 0.41184559 0.47389787 10460050
0.44556811 0.41462186 0.47241801 10985109
-0.29971367 0.42043713 0.47451383 10590351
-0.29577535 0.42285195 0.47402459 10461335
0.45811871 0.42461804 0.47234672 10194309
-0.30021998 0.42628184 0.47060245 10461338
-0.30987275 0.42985633 0.47238535 10592925
0.46712244 0.43163541 0.47180778 7100499
-0.31652004 0.43485835 0.47415417 11448235
-0.30931294 0.43761089 0.47307175 10064520
0.49763137 0.44460574 0.47559792 3282705
-0.31757343 0.44854572 0.47472173 9538176
0.49100319 0.44900778 0.47075492 4663586
-0.31994608 0.45469716 0.47188097 9406334
0.50100785 0.45017627 0.47158509 3151119
0.50974673 0.45103064 0.47202951 3283474
0.51936191 0.45084897 0.47459549 3283987
0.53014672 0.45942906 0.47190422 3678485
-0.32801014 0.46462503 0.47129375 9274491
-0.3485257 0.46913901 0.47445148 9011316
-0.33841628 0.46584883 0.47487801 9077368
0.53955877 0.47009268 0.47363192 3547412
0.54325879 0.47709158 0.47184259 4270107
0.55155027 0.48758903 0.47179574 4204315
0.55655444 0.4925876 0.47176951 4006167
0.56186682 0.49858585 0.4717409 5125420
0.56637061 0.50158441 0.47534364 7296076
-0.19095027 0.35676125 0.47917265 10786446
-0.18201476 0.35695425 0.47889394 10523274
-0.17134869 0.3561565 0.47912711 10523787
-0.16203433 0.35558453 0.47870439 10326665
-0.15361711 0.35551825 0.47748452 10391943
-0.13825056 0.35668579 0.47947663 10721165
-0.13028586 0.35645905 0.47934586 10523789
-0.12918873 0.35702243 0.47952467 11313302
-0.11961017 0.35672286 0.4795664 10787475
-0.11917666 0.35613051 0.47945482 11510169
-0.1093806 0.35727289 0.47984105 11313305
-0.099870808 0.35868004 0.47933203 11247767
-0.15969729 0.36169842 0.47975045 11313814
-0.14948446 0.36002865 0.47967309 11313814
-0.098002903 0.36423197 0.47821969 10195595
-0.090975426 0.36207417 0.48022872 10721423
-0.24688691 0.36861458 0.47786647 10524044
-0.24056512 0.36606064 0.47796947 9997700
-0.22055101 0.36793974 0.48018664 10985621
-0.21090123 0.36711124 0.47917396 11051413
-0.20115644 0.36632255 0.47757059 10590348
-0.19052121 0.36681917 0.47667223 11248021
-0.18045187 0.36614946 0.47660285 11445657
-0.17045912 0.36581305 0.47653455 11380121
-0.091244809 0.36567524 0.47961468 9932423
-0.087980576 0.36712077 0.47597605 10391687
-0.079043485 0.36840978 0.47839898 10786446
-0.069008492 0.36898175 0.47949082 11050387
-0.058409862 0.36900058 0.47908741 10787472
-0.04846593 0.3689976 0.47902077 11050387
0.022963917 0.36651769 0.48032886 10589581
0.030448889 0.3660008 0.47930461 11774111
0.033979893 0.36638084 0.48010439 10458510
0.044201028 0.36645535 0.47847539 10458252
0.054321609 0.3664147 0.47818953 10260616
0.062171105 0.36625341 0.48030382 10720653
0.076799564 0.36634913 0.48011667 10589837
0.084363356 0.36602357 0.48053938 10655630
0.10605469 0.3677254 0.47985715 10195079
0.14041547 0.36571661 0.47772986 11116435
0.15101895 0.36631337 0.47898287 10391940
0.16028208 0.36621049 0.47925037 10128253
0.16954622 0.36630765 0.4788571 10523011
0.1801118 0.36603752 0.47746152 10523269
0.20159382 0.36569753 0.47731429 11116181
0.20990364 0.36636177 0.47726029 10720910
0.22040033 0.36754897 0.47955638 11050388
-0.079688422 0.37363008 0.47642571 10590353
-0.044957332 0.37357166 0.47883075 10458253
-0.036070891 0.3740392 0.47709793 10589838
-0.02633659 0.37318471 0.47681612 10260873
-0.01526239 0.37297693 0.47661465 10787730
0.11746936 0.37158754 0.47599262 9997700
0.12755269 0.37142804 0.47747809 10655370
0.13653131 0.37303808 0.47673053 10457735
0.14569885 0.37401631 0.47617894 9865598
0.15774645 0.37374738 0.47796792 9339254
0.17688997 0.37282088 0.47694141 10524044
0.18688828 0.37338498 0.47577161 9866114
0.19790798 0.37312332 0.47819752 10721937
0.20615664 0.37448218 0.47896677 10327179
0.23004204 0.3698 0.48044902 10590350
-0.25928748 0.37710801 0.47784239 10590095
-0.24142745 0.3761684 0.47814041 10656657
-0.062840275 0.37562433 0.47849709 10655632
-0.054744951 0.37535325 0.47723323 10195081
0.21407986 0.37563851 0.47893339 10261386
0.22954114 0.37873986 0.48020655 10656146
0.24212492 0.37568501 0.47707623 10984077
0.25177428 0.37784877 0.47923988 11510421
0.22824401 0.38205841 0.47579306 10392972
0.26099789 0.38112369 0.48030871 10852748
-0.27711439 0.38917056 0.47974151 9932421
-0.2685017 0.38538018 0.47659808 9866628
-0.25172251 0.38583818 0.47711438 11643552
0.24577525 0.38496831 0.47904223 11379869
0.25238881 0.38694778 0.47939318 11116440
0.27221927 0.38717571 0.48027092 10786955
-0.27958876 0.3941932 0.47651464 10063750
0.26444846 0.39257708 0.47862214 10524046
0.27976212 0.39110187 0.47975928 10655113
0.32998681 0.39290765 0.48033327 10851978
0.33958605 0.39232138 0.47984272 10720393
0.34972972 0.3925406 0.47977513 10589065
0.35991222 0.3929818 0.47970861 10720907
0.36990976 0.39231208 0.47963673 10457735
0.3800177 0.39230886 0.47956806 11049617
0.39016756 0.39252797 0.47950047 10458251
0.39990321 0.39276102 0.47985727 10589838
-0.28732955 0.3995128 0.47777241 9668992
-0.26248968 0.39484158 0.47888738 10065034
0.27065614 0.3953599 0.47728592 9866116
0.27682316 0.39894965 0.47598177 10063495
0.28952783 0.39667037 0.47683257 10062977
0.29816031 0.39913383 0.47848302 10391944
0.30997676 0.39799741 0.47669858 10720907
0.31994277 0.39666095 0.47662598 10062977
0.32670167 0.39665881 0.47658008 11378835
0.33411434 0.39830318 0.47980684 10326665
0.34185526 0.39842418 0.47997147 10260872
0.40442875 0.39663473 0.47605211 10524046
0.41132286 0.39729932 0.47600764 10589839
0.42259222 0.3986291 0.47678107 10655889
0.43156579 0.39962605 0.47926205 10919060
0.30483875 0.40240958 0.47715276 10063495
0.35572135 0.40036419 0.47697252 10326922
0.36401883 0.40119424 0.47611552 10524558
0.43906352 0.40342405 0.47991592 10721682
-0.29664272 0.40952769 0.47911268 10064007
-0.2723656 0.4063448 0.47728306 10723222
0.44320825 0.40895608 0.47696978 10919061
0.4493922 0.41237059 0.48007303 10852497
-0.28321874 0.414848 0.47736865 10591636
0.45301172 0.41711965 0.4775117 10720653
-0.30464014 0.42210367 0.47963482 9669505
0.4598209 0.42178419 0.4803533 9996930
-0.3057197 0.42881146 0.47569555 9735555
-0.30276257 0.42635408 0.48010463 9999500
0.46204895 0.42661682 0.47577256 9931139
-0.31113079 0.43279997 0.48005801 9669505
0.46988282 0.43047157 0.4791916 9800066
0.47430125 0.42997268 0.47973579 5256751
0.48256773 0.43339518 0.4761619 5717303
0.48932138 0.43435135 0.47677261 4599335
0.47477743 0.43661276 0.47572333 10523274
0.48128983 0.43761078 0.47846192 8482662
-0.31465012 0.44190374 0.4774124 9406590
0.49023858 0.44110802 0.47867852 4401443
0.52115399 0.44759861 0.4789483 2955537
-0.32328314 0.45287505 0.47762364 9340797
-0.32908255 0.45527008 0.47934574 9340540
0.53235716 0.45659509 0.47892672 2889742
-0.35784388 0.46664062 0.47887057 9472382
-0.34561419 0.46560159 0.47852236 8945526
0.55490893 0.48658803 0.47895557 4598047
0.56639528 0.50158441 0.47896856 5059627
-0.17887533 0.35208204 0.48559099 10589837
-0.16964519 0.35159162 0.48498398 10260872
-0.15921068 0.35086444 0.48492509 10260615
-0.14997977 0.35059431 0.48503405 10589324
-0.14038461 0.35168365 0.48384577 10260616
-0.12825866 0.35024801 0.48492211 10129288
-0.12122593 0.35014656 0.48464602 10590353
-0.22082776 0.35832182 0.48327655 9799808
-0.21132827 0.35689345 0.48157543 10128003
-0.20084536 0.35582843 0.4809826 10588811
-0.10318581 0.35679498 0.48292512 10919318
-0.093606867 0.35959652 0.48513287 9932423
0.081124336 0.35829058 0.4813928 11312787
0.091012061 0.35750976 0.48132008 10786956
-0.24017966 0.36162153 0.48540229 10589837
-0.22942293 0.36030379 0.48361188 10589839
-0.20797747 0.36382475 0.48339134 10985363
-0.1990253 0.36362186 0.4820084 10919313
-0.18971604 0.36331907 0.4816131 11182228
-0.17981276 0.36331585 0.48154587 11050642
-0.16990951 0.36331299 0.48147863 11182228
-0.08607354 0.36335209 0.48534685 10524560
-0.082418762 0.36328569 0.48253542 10721423
0.021552062 0.36375347 0.48513466 10851725
0.032135338 0.3633503 0.48373836 11905697
0.041393574 0.36285844 0.4816907 11642525
0.051283088 0.36307767 0.48162538 10588810
0.061194148 0.36285236 0.48155624 11049358
0.071145907 0.36140481 0.48147911 10588807
0.10084302 0.35972896 0.48126763 10326147
0.110706 0.36183682 0.48121315 10457477
0.12059817 0.36238924 0.48114902 10523013
0.13049559 0.36238649 0.48108178 10457477
0.1404099 0.36271647 0.4826681 11378837
0.14949366 0.36296383 0.48343366 10523526
0.16023704 0.36337712 0.48418969 10259841
0.17091212 0.3619571 0.48327976 10325890
0.17995892 0.36153761 0.48239034 10523270
0.18985316 0.36181238 0.48067433 10457991
0.19927551 0.3616983 0.48155278 10721423
0.20969743 0.36252847 0.48219556 10655630
0.2180029 0.36319247 0.48379594 11774111
-0.2299341 0.36954585 0.48073024 11248794
-0.038430013 0.36827198 0.48060459 10721166
-0.028826648 0.36836901 0.48153597 10391687
-0.018558526 0.36843267 0.48213071 11247509
-0.013442064 0.3693414 0.48401493 10656144
-0.0085481349 0.36765161 0.4820587 10655886
-0.0039911806 0.36861029 0.48440307 10327179
0.0030945302 0.36797252 0.48273295 10326409
0.012882261 0.36686936 0.48198301 10786959
0.09639129 0.36558071 0.48148507 10721423
0.11627535 0.36765388 0.48083621 9800320
0.12271514 0.36701158 0.48273009 9865598
0.14004426 0.3685222 0.48324114 9536633
0.14925995 0.36955073 0.48269683 9799805
0.15858233 0.36826625 0.48466152 10128770
0.1685164 0.3692793 0.48235303 10523787
0.17841034 0.36786464 0.48176521 9997957
0.1885909 0.36815277 0.48232621 10721937
0.19461238 0.3678315 0.48327154 11050902
-0.23742521 0.37183395 0.48098165 10722450
-0.075868852 0.37059394 0.48130244 10458510
-0.067050256 0.37057808 0.48354882 10589839
-0.05737447 0.37195233 0.48235184 10392460
-0.047137268 0.36990717 0.48351055 10326667
-0.038733445 0.37003115 0.48219186 10458251
0.20863312 0.37069371 0.48363405 10327181
0.21872404 0.37131742 0.4848817 10919318
0.23975255 0.37254277 0.48135132 10524298
0.24812026 0.37401655 0.48257321 11510421
0.23974679 0.37950853 0.48388141 11116697
-0.26539022 0.37993708 0.48090488 10392715
-0.24928001 0.38083759 0.48154503 11248794
0.24902901 0.3815259 0.48544019 11116183
0.26790392 0.38317707 0.48195058 11181456
-0.25863189 0.38924041 0.48119909 11051416
0.25845 0.38774708 0.48167175 10589839
-0.28516805 0.39273134 0.48270863 10261129
0.2891565 0.39317039 0.48187786 10786441
0.2993921 0.39416745 0.48181623 10983821
0.30951285 0.39416423 0.48174757 11049613
0.31951797 0.39332774 0.48167294 10654855
0.41042048 0.39263275 0.48105031 10655631
0.41998282 0.39322987 0.48132712 10655888
0.42770618 0.39462748 0.48263639 10919316
-0.26945427 0.39944378 0.48131436 10261901
0.28712285 0.39818004 0.48100787 10128518
0.30407602 0.39743868 0.48273247 10195079
0.31494379 0.39721647 0.48141295 10524044
0.32486776 0.39733747 0.48069984 10787216
0.35157564 0.39755657 0.48155457 10458251
0.36649531 0.39698091 0.48203045 10853523
0.37564829 0.39771405 0.48132187 10459021
0.38622585 0.39870384 0.48159009 10656144
0.39350396 0.39760402 0.48377794 10458765
-0.2948308 0.40286508 0.48212057 9932421
-0.27646044 0.40284601 0.48409325 10459280
-0.30236259 0.41429284 0.48276669 9866628
-0.28575718 0.41184881 0.48421103 10722452
-0.28010786 0.40984705 0.48074812 10591380
-0.29031202 0.41785029 0.48084766 10525586
-0.29730695 0.42235234 0.48091453 10262671
-0.3081761 0.4264808 0.48267704 9800835
-0.30991015 0.43018964 0.48102731 9999500
0.47931072 0.43361154 0.48261362 8615276
0.48136079 0.43079868 0.48226839 4927530
-0.31841695 0.43739262 0.4825713 9736071
-0.3274025 0.44236186 0.48119301 10066064
-0.32070601 0.44445255 0.48154682 9275004
0.50005758 0.44027188 0.48078555 3085585
0.51115537 0.44276825 0.48072845 3021074
0.52010882 0.44359878 0.48242062 2823951
-0.33400148 0.44686392 0.48125464 10461081
-0.32862163 0.44863322 0.48466939 9209211
0.52803731 0.44926313 0.48124653 2692365
-0.34664807 0.45386782 0.48487955 10723485
-0.34032619 0.45036581 0.48131233 10460826
-0.34856814 0.45923045 0.48400384 9340798
-0.33811131 0.45785227 0.48153347 9143163
-0.3577019 0.46257129 0.48527664 9406591
0.53712821 0.46109357 0.48068386 2560777
0.54315835 0.47009161 0.48070818 3875866
0.55094236 0.48092249 0.48133224 4533024
0.56021965 0.4925864 0.48075563 4466718
0.56527144 0.49758485 0.48256773 4335906
-0.1807825 0.34925595 0.49031943 10655630
-0.1636599 0.34781709 0.48965675 10392458
-0.13073613 0.34558693 0.4895708 10655889
-0.11926953 0.34519175 0.48997051 10327181
-0.10998271 0.34846058 0.49052137 10590354
-0.20738971 0.35389379 0.48587495 10588811
-0.19581836 0.35347453 0.48580927 10720653
-0.18916482 0.35308173 0.48606974 10457994
-0.13809219 0.35223177 0.48939651 11839903
-0.12885973 0.35190025 0.48965722 10984338
-0.10735726 0.3523716 0.48806113 10984854
-0.23303729 0.35726419 0.48966497 10984595
-0.18881527 0.35948542 0.4898172 11182485
-0.17893887 0.35948244 0.48975009 11050899
-0.1690625 0.35947934 0.48968297 11445400
-0.1587002 0.35703161 0.48958641 11248021
-0.14934608 0.35530654 0.48704439 10919056
-0.1418722 0.35480431 0.48616916 12037537
-0.09821371 0.35495237 0.48843211 10326924
-0.08964961 0.35678807 0.48911494 10918546
-0.079845406 0.35948506 0.48973387 10852753
0.080594741 0.35573533 0.489263 11445398
0.091109753 0.35506514 0.48787135 11313813
0.10143299 0.35558596 0.49015111 10523783
0.16958663 0.35795751 0.49024469 10983565
0.17915253 0.35690454 0.48860687 10851979
0.19050044 0.35720113 0.48804051 10589577
0.1995185 0.35669819 0.48879486 11116181
0.20988749 0.35726646 0.4894349 10984338
-0.21927643 0.36293951 0.49006218 11445402
-0.20916805 0.36204723 0.4899829 10918800
-0.19891977 0.36048856 0.4898954 11182228
0.017725809 0.36426857 0.48785573 11642527
0.025449326 0.36351588 0.48872453 11050906
0.03590671 0.36354318 0.49004906 10392459
0.045580607 0.36362842 0.48769671 10260872
0.054795399 0.36256078 0.48784393 10194309
0.065321185 0.36294535 0.48625642 10720653
0.075875707 0.36165205 0.48572308 10720653
0.086909629 0.3611404 0.48610634 10721680
0.093456715 0.36137822 0.48623651 10589837
0.10662071 0.36181286 0.48650044 10261126
0.11702431 0.36294547 0.48677546 10260613
0.12855861 0.36416748 0.4874956 11313044
0.15269352 0.36417642 0.48943788 9996671
0.17582053 0.36311927 0.48752147 9998214
0.18502966 0.36347225 0.4871462 10524558
0.19831504 0.36422995 0.48866981 10392974
0.21951739 0.36058107 0.49035138 11708318
-0.25721258 0.3691676 0.48800689 10984596
-0.24962926 0.36537448 0.48631495 10655630
-0.2403999 0.36812046 0.49026126 11050902
-0.23080045 0.36608174 0.48769456 11050902
-0.077400185 0.36477128 0.48779112 10129288
-0.064569719 0.36578014 0.48573643 10655630
-0.063391484 0.36645761 0.48956102 10392460
-0.05684071 0.36647323 0.487405 10524301
-0.048035018 0.36577514 0.48562425 11313560
-0.036539964 0.36676314 0.48832685 10457994
-0.025626266 0.36719039 0.48878461 10326151
-0.018097484 0.36702076 0.48872763 10523787
-0.0083293263 0.36576274 0.48866159 10918802
0.0015914798 0.36575964 0.48859411 10787216
0.0082053524 0.36575761 0.48854917 10524044
0.13709977 0.36509004 0.48848933 10523272
0.14446351 0.36534026 0.48791951 10194050
0.20924561 0.36540249 0.48925728 10590353
0.23228697 0.3659381 0.48951 10984593
0.23998515 0.36890796 0.49032253 11642009
-0.26031142 0.37216368 0.48562413 10984595
0.22839291 0.3739666 0.48631364 11116697
0.25027093 0.37268248 0.49030131 11115663
-0.26925921 0.37701443 0.48815185 10457995
-0.25205132 0.37883833 0.48823112 11050902
0.26176739 0.37701228 0.48916978 10918027
-0.27681518 0.38126186 0.48938662 10129287
0.25606245 0.38347998 0.48753232 10523276
-0.28787455 0.38920346 0.48967999 10524301
-0.27948332 0.3854163 0.48604697 9932421
-0.26198244 0.38684145 0.48725408 10788245
0.26355952 0.38593009 0.48955578 10589069
0.27490139 0.38567486 0.48695248 10720392
0.28250939 0.38617256 0.48774463 10588806
0.29115397 0.38686982 0.48886734 10588550
0.30043709 0.3886669 0.48848933 10785929
0.31051928 0.38866392 0.4884209 10851978
0.32060146 0.3886607 0.48835236 10654599
0.33046573 0.38715759 0.48826808 10457220
0.3405374 0.38715437 0.48819965 11115406
0.35045055 0.38615134 0.48812169 10720905
0.35965484 0.38704863 0.48773354 10786698
0.36890295 0.38614574 0.48799628 10720908
0.37896761 0.38614252 0.48792797 10787471
0.38909522 0.38647285 0.48786277 10524044
0.39935544 0.38746956 0.48780459 10655887
0.40999168 0.38813284 0.48899835 10853267
0.27194834 0.39084318 0.48601884 10260104
0.28180149 0.39374939 0.48574072 10129031
0.29161349 0.3946102 0.48603338 10392458
0.30546927 0.39229622 0.48779577 10326665
0.31234762 0.39212576 0.48626596 10655630
0.32769442 0.39244929 0.48660749 10260872
0.33600098 0.39252988 0.48602623 10392458
0.34604913 0.39325526 0.48634773 10458250
0.35646811 0.39312962 0.48782223 10590094
0.36435178 0.39255145 0.48683423 10655887
0.37659019 0.39284709 0.48721725 10524044
0.420012 0.3898522 0.48937196 10458766
0.42961904 0.39279345 0.4904719 11313819
-0.29644111 0.39916375 0.48777419 10327179
-0.27086923 0.3948442 0.48738164 10327694
0.39746407 0.39563027 0.48664445 10655632
0.43393835 0.39729217 0.48712415 11182233
0.44070461 0.39979008 0.48936313 10655889
-0.28207141 0.40484777 0.48924094 10985368
0.45130748 0.40922013 0.4894169 10128003
-0.30625883 0.41229406 0.49025816 9932164
0.45570862 0.41361883 0.48773366 10588811
-0.29368553 0.41585127 0.48942405 10064265
0.46208856 0.41895023 0.4894678 9273207
-0.31232649 0.42425361 0.48974556 9603199
-0.30313879 0.42485419 0.48785311 9340799
0.47156107 0.42624477 0.48759657 7034706
0.47998548 0.42905584 0.48947841 7562073
0.48213413 0.42755499 0.48789328 4861739
0.48861974 0.42520872 0.49037915 7758685
-0.31486452 0.43103197 0.48736173 9471870
0.49079382 0.43083015 0.48942715 3152405
0.50084597 0.43122974 0.48979658 2889491
0.50975311 0.43726853 0.48591238 3021076
0.52140081 0.4391984 0.48724383 2758158
-0.33997953 0.44753233 0.48945934 10525847
-0.33129144 0.44560209 0.48883778 9077625
0.53212035 0.44909504 0.48763949 2889743
-0.34447339 0.45331743 0.48825711 9735557
-0.33891273 0.45217624 0.48675185 9340799
0.54029876 0.45959249 0.48859066 3481621
-0.36326638 0.46526447 0.48874766 9604485
-0.36703056 0.4699637 0.48677772 9604228
0.54998428 0.47138968 0.49026948 4006938
-0.37257153 0.47568586 0.48764557 10328721
0.55241555 0.4775888 0.48605603 3677715
-0.37589681 0.48020378 0.48933321 9802635
0.56190616 0.48991922 0.48732239 4533283
-0.13067916 0.34187201 0.49505478 10458767
-0.1219519 0.34188381 0.49435455 10261386
-0.17094961 0.34818152 0.49080426 10260872
-0.15621027 0.34822968 0.49075657 9865344
-0.14670664 0.34620169 0.49140114 10458251
-0.13952699 0.34658983 0.49106103 10655630
-0.22982597 0.35447922 0.49491447 10787218
-0.22062704 0.35308757 0.49358708 9996930
-0.21065986 0.35167399 0.49242145 10654860
-0.19941199 0.35066846 0.49092358 10655117
-0.18984562 0.35031024 0.49127775 10326665
-0.14732105 0.35260597 0.49142939 11050642
-0.10104919 0.35279146 0.49133605 11247767
-0.09702944 0.35198644 0.49510199 9669251
0.082194358 0.35248473 0.49363738 11313556
0.091203474 0.35223177 0.49275309 10655625
0.099403605 0.35222927 0.49433571 10260354
0.17319104 0.35470656 0.49387306 11115152
0.18052542 0.35370424 0.49298745 11312788
0.18889397 0.35390165 0.49244148 11181458
0.1993681 0.35336509 0.4936747 11379353
0.20764375 0.35469583 0.49363905 10392201
0.041694466 0.35874715 0.49153537 11379351
0.05153231 0.35941091 0.49147683 10984079
0.056470767 0.35923865 0.49506778 10457481
0.063336238 0.35836402 0.49217874 10523529
0.072952993 0.3570613 0.49101716 11116178
0.086436361 0.35579208 0.49235886 10655629
0.09705396 0.35781398 0.49144047 10261127
0.1061817 0.35886326 0.49065024 10326919
0.11081053 0.35694805 0.49104112 10589319
0.11603143 0.3582187 0.4927482 10589578
0.12212323 0.35865954 0.49184638 10589320
0.12833253 0.35941961 0.49501783 11576216
0.13053247 0.35771969 0.49091774 11181200
0.14041473 0.35893884 0.49086672 11115664
0.15029608 0.35938039 0.49080592 10457733
0.15909994 0.35895196 0.49286824 10391686
0.16690467 0.35889986 0.49295932 10524044
0.17729992 0.35818031 0.49228936 10458765
0.18745373 0.35848764 0.4928779 10129801
-0.25023007 0.36137453 0.49490756 10852239
-0.24389267 0.36053243 0.49247485 10918802
-0.23597938 0.36383346 0.49348885 11314074
-0.22862449 0.36343113 0.49211282 11116695
-0.084238522 0.36061004 0.49066347 10458767
-0.076175071 0.35990527 0.49500233 10129545
-0.070524864 0.36119869 0.49067777 10919316
-0.067067988 0.36309257 0.49347478 10326667
-0.060758196 0.36222342 0.49227577 10327179
-0.056896888 0.36369577 0.4949345 10721680
-0.050889976 0.36244264 0.49221188 10984595
-0.040655099 0.36314765 0.49297804 11181718
-0.030609319 0.36310294 0.49318475 10260101
-0.018515879 0.36326578 0.49420565 10983567
-0.0080663506 0.36326268 0.49358422 11050388
-0.0042956187 0.36439338 0.49490553 9800835
0.0018369317 0.36325982 0.49351686 10918802
0.0068585337 0.36288658 0.49422961 10326666
0.01379369 0.36249736 0.49229652 10852753
0.021777263 0.36119786 0.49170238 10654603
0.025486371 0.36166623 0.49423462 11116439
0.031735808 0.36008349 0.49161988 11642268
0.045680683 0.36124578 0.49516982 10391688
0.14798965 0.36064246 0.49489635 10128002
0.19473208 0.3597298 0.49358267 10392974
0.20787005 0.36036578 0.49529916 11379869
0.22763272 0.36328939 0.49099439 10786700
-0.046416141 0.36682454 0.49066442 9932164
0.0037802444 0.36593559 0.49128157 9800321
0.2241528 0.36696163 0.49418908 11248283
-0.26646817 0.3714948 0.49215466 10721166
-0.24804899 0.37208715 0.4911862 10919316
0.23018378 0.37042752 0.4920482 11314076
0.23856534 0.37253299 0.4947018 10129288
0.25816733 0.37401345 0.49248451 11049357
0.2439989 0.37541178 0.49358386 10326667
-0.28342348 0.3826994 0.49228472 10195337
-0.25932586 0.38117412 0.49164265 10853523
0.25239408 0.37996855 0.49186093 10720912
0.27062029 0.38055125 0.49068385 11510165
0.28059644 0.38227311 0.4922294 10588293
0.29143918 0.38333634 0.49351186 10390659
0.30152509 0.38366666 0.49344867 10654087
0.31157219 0.38366345 0.49338025 10654599
0.3216193 0.38366047 0.49331206 10720392
0.33151957 0.38265756 0.49322933 10523013
0.34161016 0.38298753 0.49316603 10852491
0.35159975 0.38265112 0.49309295 10655112
0.36163983 0.38264802 0.49302477 11049870
0.3716799 0.38264492 0.49295658 10984591
0.38178137 0.38297513 0.49289316 10853263
0.391949 0.38363853 0.49283427 10524044
0.40199611 0.38363555 0.49276608 10853267
-0.26870269 0.38944355 0.49135464 10195593
0.27268094 0.38757005 0.49122649 10195080
0.30325904 0.38886097 0.49184352 10326665
0.31440061 0.38726869 0.49302202 10129285
0.32387114 0.3890405 0.491023 10524043
0.33221123 0.38886943 0.49167389 10590092
0.34052721 0.38894644 0.49110872 10458505
0.35161087 0.38958254 0.49247128 10655630
0.36580157 0.38828865 0.49310035 10655630
0.37423635 0.38829675 0.49254149 10524045
0.3861903 0.38939491 0.49179405 10655631
-0.29460934 0.39207235 0.49257153 9998214
0.28793257 0.39087823 0.49162561 10589839
0.29433328 0.38977376 0.49200386 10589837
0.3967343 0.39093879 0.49227852 10721681
-0.30126345 0.39703026 0.4945007 10392972
-0.27818817 0.3994464 0.49153262 11051159
-0.30307484 0.40377215 0.49201709 10261386
0.44665337 0.40362158 0.491072 10325383
-0.28867638 0.41024986 0.49104112 10130058
-0.31105846 0.41557506 0.49526447 9931651
-0.29943925 0.41925314 0.49189812 9340542
0.46959364 0.42310968 0.49198431 6310982
0.48289198 0.42431882 0.49350554 3612699
0.4917272 0.42168799 0.49548513 4534315
-0.31833649 0.42919806 0.49353224 9340027
-0.30920824 0.42802289 0.49137026 9340542
-0.31659803 0.4326084 0.49233824 9538178
0.51107818 0.43160167 0.49137896 2890257
0.51932049 0.43393245 0.49158925 2692878
-0.32922029 0.43793622 0.49443728 8879990
-0.32181543 0.43544689 0.49149054 9340541
-0.33871976 0.44261542 0.49434537 9933708
-0.32962051 0.44086245 0.49115115 9801864
0.52951181 0.44159582 0.49163204 2758414
-0.34797996 0.44711819 0.49358779 10592156
-0.33902639 0.44590083 0.49198407 9209212
-0.34975308 0.44987908 0.49363202 9735557
0.53810334 0.45159331 0.4928903 3416086
-0.35829517 0.45795706 0.49265581 9538691
-0.3691228 0.46865609 0.49430507 9802122
0.55894923 0.48158684 0.49142224 4730661
-0.15039587 0.34471527 0.49585849 11050132
-0.13933748 0.3430821 0.49649376 10195080
-0.1152314 0.3429592 0.49726933 10458767
-0.19909069 0.34677401 0.5005402 10589581
-0.1891318 0.34697917 0.49942952 10326152
-0.17948011 0.34640685 0.49843246 10655630
-0.17002225 0.34530953 0.49751097 10326665
-0.15993348 0.34530941 0.49640793 9865858
-0.14082482 0.34969285 0.4991954 11247508
-0.10807172 0.34473684 0.50009149 10458510
-0.099228583 0.34844545 0.49989635 9866630
-0.15916309 0.35266677 0.49984175 11379607
-0.15048635 0.35105684 0.49969393 11576986
-0.12989701 0.35007349 0.49883133 11444376
-0.11844961 0.35113052 0.50043219 11642269
-0.0986448 0.35179093 0.50058359 11050386
0.065506332 0.35386696 0.49786276 10918802
0.076391101 0.35230866 0.49637479 10984594
0.086583942 0.35276285 0.49676901 10590091
0.093741305 0.35313621 0.49621099 10392712
0.10602075 0.35387936 0.49784702 10984079
0.1166287 0.35422876 0.49934059 11313045
0.16982283 0.35092977 0.50037998 11510168
0.17860611 0.35201958 0.49938804 10984596
0.18944269 0.35059038 0.50024015 11247767
0.19931264 0.35158709 0.50019401 11050390
0.20921209 0.35280648 0.50015205 11444890
-0.2487427 0.35950902 0.49861795 11181461
-0.23933443 0.35660592 0.49589235 10524045
-0.21892077 0.35902801 0.5002194 11116439
-0.20905301 0.35782519 0.49933177 10919058
-0.20025668 0.35582235 0.49929756 11906465
-0.18948188 0.35531905 0.49798506 11643293
-0.17891484 0.35524443 0.49814647 10787214
-0.16814703 0.35531238 0.49784011 10852750
-0.16149262 0.35481039 0.4961465 11050642
-0.088333659 0.35476795 0.49631566 10853267
-0.079523288 0.35528484 0.49723798 11313559
-0.069012873 0.35538176 0.50012285 10787984
0.041487757 0.35517588 0.50040048 11510679
0.045474555 0.3594338 0.49969751 10457738
0.053570893 0.35573402 0.49960929 11049873
0.061652124 0.35474125 0.49791211 10918286
0.068214551 0.3547391 0.49786752 10786700
0.12686293 0.356195 0.49956542 11115666
0.13220589 0.35571924 0.49745065 11181456
0.13664386 0.35746959 0.49990207 10193796
0.14124122 0.35571638 0.49821001 10457733
0.15027656 0.35571352 0.49896973 10325890
0.15286829 0.35602 0.49957401 10918032
0.15847428 0.35571101 0.49727207 11838875
0.19941363 0.35592726 0.5001052 10919318
0.21973938 0.35694197 0.49975318 11840416
-0.23853475 0.36270919 0.50050181 10853523
-0.22912517 0.36133137 0.49958926 11445660
-0.050377302 0.36375883 0.49814254 9603456
-0.043666221 0.36435106 0.49906045 9537406
0.035716556 0.35986844 0.50003892 10194822
0.13799074 0.36041513 0.49565262 10588809
0.21797824 0.36329022 0.4963451 11445662
0.22954777 0.3615779 0.50018984 11248021
-0.26837808 0.36867848 0.49877769 10786446
-0.25826487 0.36474565 0.49739224 10720909
-0.24307698 0.36583558 0.49687034 10919316
-0.033846371 0.3649725 0.49845845 10063750
-0.024534175 0.36505428 0.49823767 10458765
-0.015382657 0.36500707 0.49598867 10327179
0.24090396 0.3660188 0.49910051 10984079
0.24986401 0.36746052 0.50016946 11247251
0.26005879 0.37012401 0.50015432 11115664
-0.27845207 0.37668827 0.49719149 10325896
-0.26154777 0.37717465 0.4982807 10590351
0.27234071 0.37667575 0.49687165 10457476
0.28083232 0.37800649 0.49850374 10720392
0.29091811 0.37866989 0.49844855 10785673
0.30085754 0.37800017 0.50003368 10851722
0.31092393 0.37844148 0.49997419 10786442
0.32090333 0.3782163 0.49990195 10984077
0.33087957 0.37799099 0.49982983 11444628
0.34095532 0.37843207 0.4997707 10918284
0.35089427 0.37798467 0.49969369 10918284
0.36053145 0.37827328 0.49921733 10589319
0.37101427 0.37864509 0.49790448 11247250
0.38099766 0.37841967 0.49949807 10918800
0.39117667 0.37930551 0.49944741 10392202
-0.28604645 0.38086298 0.50007588 10523789
0.2665374 0.38117185 0.4996199 9537665
0.27307695 0.38344517 0.49826986 9932165
0.30546227 0.38467517 0.49671203 10524299
0.32631966 0.38431957 0.49893337 10589835
0.33544055 0.38446537 0.50018698 10392458
0.36613643 0.38468781 0.49847811 10721423
0.3758446 0.38418236 0.4982639 10458251
0.38327491 0.3842645 0.49668831 11050388
0.40138909 0.38030222 0.49939817 11248026
0.41175136 0.38196567 0.49936181 10853268
-0.27198219 0.38684455 0.49739057 11248281
0.28242207 0.38626352 0.49632615 10392459
0.294209 0.38556674 0.4973734 10392458
0.34496489 0.38667408 0.4975031 10589837
0.3561675 0.38695088 0.49660522 10655630
0.42142272 0.38562945 0.49713677 10655888
0.42993405 0.38873783 0.49937493 11050389
-0.29744065 0.39028206 0.5005216 10261386
0.43857509 0.39362422 0.50025898 10458251
-0.28203994 0.39884773 0.49764401 10787730
0.44197345 0.39762309 0.49778217 10853009
-0.3055433 0.40110424 0.50049311 9932421
0.4487558 0.40190676 0.49999779 9864829
0.45452034 0.40811911 0.49789506 9075312
0.45993301 0.41081753 0.50029832 8614248
0.46330523 0.41661647 0.4962849 8615018
0.4713006 0.41914526 0.49890512 5981246
-0.31584686 0.42236033 0.49725991 9733758
0.48200452 0.42124525 0.49969274 4731435
0.4935019 0.4199169 0.49897748 7100756
-0.31225717 0.42685714 0.50000602 9406078
0.4897863 0.42660823 0.49628264 2691854
0.50013512 0.42660502 0.49621242 2823698
0.51057267 0.42693523 0.49614745 2890257
0.52139384 0.42859843 0.49897987 2495499
-0.3298344 0.43338671 0.50057501 8089705
0.52962083 0.43334582 0.50046176 2889999
-0.34861138 0.43820158 0.50043911 10789536
-0.33977833 0.43657616 0.50012511 9011576
-0.33877867 0.43786541 0.50002021 9736072
-0.32329172 0.4348605 0.49847943 9998729
0.53306502 0.43959489 0.49795967 3350293
-0.34891909 0.44216838 0.49933082 9472383
-0.33926722 0.44022384 0.496741 8880246
0.53753161 0.44309345 0.49973637 3613208
-0.35379839 0.44520488 0.5005278 9406592
-0.35750711 0.45323589 0.49684566 9472385
-0.36244547 0.45716038 0.49923342 9603971
0.5427559 0.45559183 0.49643797 3809560
-0.36568397 0.46319488 0.49673086 9670021
0.549263 0.45983985 0.49999505 4204318
-0.37128556 0.4676874 0.49958235 10130829
0.55377847 0.46958843 0.49661177 4138525
-0.37360114 0.47384802 0.49593705 9868172
0.56184602 0.47908595 0.49672562 6441538
-0.13016622 0.33955684 0.50267833 10984596
-0.15008801 0.34067789 0.50467581 11050388
-0.14022619 0.34038463 0.5041098 10261130
-0.11960756 0.34046307 0.50169784 10327181
-0.22046101 0.34872785 0.5027383 10785933
-0.20897543 0.34760311 0.50094587 10852753
0.074546948 0.34894386 0.50266641 10918543
0.081519641 0.34917942 0.50094348 10589064
0.086506926 0.34787145 0.50385922 10260356
0.091341563 0.3483986 0.50086206 10457478
0.095941983 0.34950593 0.50236315 10523528
-0.22964418 0.35033873 0.50399607 10655117
-0.19708666 0.35282138 0.50291079 11906465
-0.19053361 0.35281923 0.50286633 11643806
-0.18070403 0.35281625 0.50279945 11774622
-0.17087439 0.35281327 0.50273269 11445400
-0.10838512 0.35129383 0.50063986 11247767
-0.088001542 0.35104588 0.50265187 10721422
-0.077902131 0.35196903 0.50383693 10655372
-0.06993299 0.35153189 0.50447637 10589578
-0.06272649 0.35277966 0.50527483 10654860
0.043760862 0.35274664 0.50455147 11378837
0.051967937 0.35241082 0.50448817 11378837
0.063378915 0.35074678 0.50351888 10852494
0.072076418 0.35061279 0.50144571 10720651
0.1011166 0.35006204 0.50082928 10654600
0.10713813 0.35048941 0.50315791 10523786
0.11308494 0.35112336 0.50273043 10984080
0.1207388 0.35194507 0.50073391 10983820
0.13010818 0.35314837 0.50163203 11181198
0.1397707 0.35391691 0.50261372 10720904
0.15027413 0.35404697 0.50385779 10128255
0.15735365 0.3517653 0.50530928 10918804
0.16052899 0.35271052 0.50141567 11180944
0.166981 0.35125533 0.50354511 11116696
0.17789654 0.35140017 0.50295585 10853525
0.18849228 0.35415831 0.50081486 10919318
0.21591365 0.35469332 0.50342697 11379867
-0.061940543 0.35731807 0.50190228 10524300
-0.050211571 0.35744253 0.50200349 11247767
-0.040451758 0.35832837 0.50195509 10853009
-0.030679742 0.35921422 0.50190765 10457993
-0.010950992 0.3594301 0.50177807 10919058
-0.0004294306 0.3595604 0.50137991 11050131
0.0079441275 0.35887924 0.50228244 10853009
0.017141966 0.35840645 0.50227767 10919060
0.020473039 0.35735396 0.50152344 11181974
0.026225938 0.35863367 0.50135571 10853009
0.031380169 0.35645047 0.50175995 11905183
0.20884749 0.35816255 0.50086707 11511455
-0.26289439 0.36265281 0.50350028 11181204
-0.055315755 0.3606185 0.501679 9932421
-0.046327017 0.36206248 0.50359708 9406077
-0.037790172 0.36300614 0.50473505 9011319
-0.021634215 0.36102286 0.50344306 10458250
-0.014101082 0.3611621 0.50383168 10195079
-0.0052294894 0.35981753 0.50385278 10129286
0.21964788 0.36094216 0.50489599 11379869
0.22950622 0.36463812 0.50533324 10853524
0.23742683 0.36368659 0.50238198 11313044
-0.26944441 0.3649843 0.5051735 10852239
-0.24939516 0.36840907 0.50073713 10853523
0.23316599 0.36683062 0.50283736 11182232
-0.28268763 0.37459138 0.50539511 10062723
-0.27595311 0.37215069 0.50143355 10391688
-0.25737643 0.37244013 0.50105602 11445403
0.24114083 0.37096861 0.5012272 10655888
0.26986864 0.37324801 0.50110072 11050127
0.28041989 0.37400654 0.50342256 11115663
0.2904768 0.37467018 0.50336915 11181200
0.36369249 0.37464741 0.50287181 10852491
0.37034848 0.37464538 0.50282663 10984078
0.25232449 0.3756893 0.50072712 11379611
0.26089066 0.37834099 0.50165027 10524302
-0.26825207 0.38064364 0.50127643 11248024
0.27673575 0.38045827 0.50461787 10260872
0.28596172 0.38192466 0.50389022 10195077
0.2945337 0.38140896 0.50443929 10458505
0.3035838 0.38147548 0.50321966 10458505
0.31362998 0.38097075 0.50396711 10721677
0.32367837 0.38189402 0.50431424 10787471
0.36454889 0.38048008 0.50545174 10787472
0.38564792 0.38201275 0.50284225 10853523
0.41984907 0.38329652 0.5015685 10458251
-0.29339093 0.38565651 0.50286442 9932164
0.39683968 0.38620976 0.50148016 10853525
-0.30212814 0.39456645 0.50257343 10064007
-0.27770898 0.39064637 0.50152248 10787473
-0.28666481 0.40034905 0.50193065 10786960
-0.30986643 0.40695348 0.50341493 10063492
-0.29209271 0.40651754 0.50123185 10392202
-0.29692769 0.41151908 0.50135356 9273977
0.46431008 0.41451612 0.50461322 2887695
0.46630648 0.41461554 0.50307244 8021598
-0.31389707 0.41512182 0.50246507 9667964
-0.30168998 0.41618708 0.50146955 9208184
0.46488672 0.41600803 0.50066596 2953488
-0.30824858 0.42145589 0.50229484 9471613
0.49162635 0.4228076 0.50170642 2560268
0.49982926 0.42260507 0.50095898 2692624
0.5096401 0.42326882 0.50124997 2692880
0.51807606 0.42259946 0.5029003 2363913
-0.33041334 0.42939082 0.50434834 8484205
-0.32154202 0.42667726 0.50138038 9010034
-0.35066485 0.43111888 0.50466162 10855329
-0.33996308 0.43286577 0.50548941 9801866
-0.32926774 0.43186238 0.50539654 10196108
-0.3189888 0.43019262 0.50183386 9801093
-0.34938076 0.43858555 0.50268918 9406590
-0.32988599 0.4360626 0.50062472 9933193
-0.3591184 0.44861165 0.50258738 9472384
0.54272217 0.44909182 0.50157696 4007196
-0.36836773 0.46020237 0.50479656 9209213
0.55565363 0.46358779 0.50356501 4269082
-0.37681079 0.47254661 0.50443882 9275265
0.56021017 0.47125319 0.50133532 4138268
0.56652045 0.47658446 0.50378293 5981501
-0.20223081 0.34464553 0.50594229 11247767
-0.18765154 0.34410933 0.50776368 10194052
-0.17907235 0.34304193 0.50751418 10260358
-0.16912043 0.34205428 0.50709492 10458508
-0.15979594 0.34173098 0.50653452 9537150
-0.10731798 0.34166637 0.50888616 10063494
-0.097032271 0.34470931 0.5082503 10392459
0.083934724 0.34471372 0.50840372 10326149
-0.22781965 0.34795919 0.50955898 10062468
-0.2191487 0.34663907 0.50731939 11312534
-0.20868552 0.34497693 0.50612074 11312790
-0.14063126 0.3473039 0.5095951 11774110
-0.13027778 0.34780076 0.50953668 11115155
-0.086525343 0.34674695 0.50876969 10655374
-0.068520106 0.34744814 0.51008934 11115411
0.062916614 0.34721175 0.509978 10655114
0.073425218 0.34576538 0.5079847 10720650
0.081662752 0.34573486 0.50739723 10391685
0.091443241 0.34573188 0.50733083 10391941
0.096977577 0.34523025 0.50874668 10654860
0.10187595 0.34632865 0.50857884 11510421
0.1110094 0.34715441 0.50956243 11839899
0.12080757 0.34772268 0.51044399 10391426
0.16003758 0.34971049 0.51023287 11379094
0.16975088 0.3469297 0.51009065 11840417
0.17949906 0.34592667 0.5099985 11511709
0.18934733 0.34725705 0.50996691 11577246
0.19926228 0.34947625 0.50996 10853523
-0.23952124 0.35330322 0.50606138 11115668
-0.19970632 0.35194722 0.50986844 11314328
-0.1899952 0.35059705 0.50935906 11906465
-0.18008465 0.35014954 0.50928026 11313558
-0.17027375 0.35014644 0.50921351 11905695
-0.066727675 0.35462227 0.50649256 10853266
0.055529796 0.35240045 0.50709456 10523530
0.12856321 0.35183302 0.50758451 10589322
0.13061963 0.35049751 0.51045269 11839129
0.13873351 0.35258475 0.50848657 10523014
0.14899789 0.35249391 0.50837427 10654858
0.19147395 0.35181454 0.50801784 11050904
0.19996651 0.35299268 0.50895911 11708834
0.20922932 0.35202852 0.50996274 12103335
-0.24846351 0.35657695 0.50688988 10786959
-0.23883641 0.35883442 0.50942355 11116695
-0.23088187 0.35711756 0.50979751 11314073
-0.22160801 0.35607889 0.50724739 10853523
-0.21064392 0.35482565 0.50632447 10853523
-0.20408148 0.35482362 0.50627989 10985363
-0.052951999 0.35738376 0.5095014 9866628
-0.046560995 0.35477474 0.50849122 10062723
-0.041944019 0.35711566 0.50940114 10063493
-0.034537144 0.3594183 0.5099898 9932165
-0.029554585 0.35536936 0.5097031 10655630
-0.024593199 0.35890999 0.50993103 10392458
-0.020452822 0.35626653 0.50999254 10524044
-0.011546904 0.35620657 0.50951892 10457994
-0.0046424284 0.35573331 0.50966018 10589837
-0.00065639021 0.35526052 0.50983244 10983825
0.0030781613 0.35619393 0.50781673 10787473
0.018901614 0.35575262 0.50895327 11050902
0.028164594 0.35517827 0.51041931 11115925
0.037351124 0.35609129 0.50953478 10655887
0.047430832 0.35531107 0.50809437 10392201
0.21020761 0.35627523 0.50839084 12103848
0.22176628 0.35569134 0.50915605 12235174
0.22940122 0.35880008 0.51000828 10655115
-0.26766074 0.36199489 0.51014477 10524044
-0.25823689 0.35973576 0.50830573 10457481
0.23952349 0.361797 0.51001984 11049616
0.24909891 0.3628079 0.51039594 11905181
-0.27716923 0.36754408 0.50984842 10786446
-0.25208533 0.36683849 0.50797755 11116695
0.23653953 0.36623171 0.50917989 11248281
0.25305355 0.36568168 0.50672859 12694697
0.26017463 0.3664296 0.50959283 11774108
0.26986846 0.36812082 0.50998479 11050126
-0.26625544 0.37234297 0.51041609 10524044
0.25090036 0.37256935 0.50630456 10590351
0.25727427 0.3737649 0.50855654 10853523
0.28001612 0.37000659 0.50996763 10918028
0.29012582 0.37133673 0.50993508 11246736
0.30010062 0.37144497 0.50987035 11049100
0.31017905 0.37233081 0.50982505 11444115
0.32010081 0.37199441 0.50974804 11115919
0.33006603 0.37199107 0.50968033 11313297
0.34004813 0.37209919 0.5096156 11181454
0.34999657 0.37198499 0.50954515 10720904
0.35984904 0.37131527 0.50946039 10654856
0.36975202 0.37097886 0.50938445 11049614
0.37981188 0.37153128 0.50933141 10852236
0.38987878 0.37208381 0.50927705 10588809
-0.28872085 0.37885931 0.50784618 11444376
-0.27154195 0.37824455 0.509929 10524044
0.27240568 0.37715426 0.50903469 10984594
0.28293532 0.37894645 0.50926393 10458249
0.35559556 0.37891713 0.50973505 10919056
0.40051892 0.37563589 0.50597471 11050647
0.41129321 0.37706116 0.50831646 10590094
0.33420405 0.37998214 0.51059335 10655885
0.33764827 0.38206902 0.50627369 10589837
0.34572688 0.38257495 0.50643986 10589837
0.35561904 0.38156143 0.50615197 10787215
0.37500918 0.37978426 0.50570482 10590607
0.42108193 0.38025466 0.50970751 10392459
0.42885411 0.3833771 0.51015955 10260872
-0.28151157 0.38918093 0.5086965 10918288
0.43184164 0.38695958 0.50716132 10524044
0.4400866 0.3906236 0.50986153 10063493
-0.29108444 0.3991839 0.5089938 10457480
0.44518858 0.39662209 0.50619155 9602172
0.45102489 0.39842024 0.50890106 9470842
0.45800656 0.40221825 0.51031142 8943471
-0.30075014 0.40918687 0.50929087 9273977
0.46348879 0.40728298 0.50973529 7561817
0.46993098 0.41118577 0.50930709 7099982
-0.30992067 0.41718975 0.50953811 9735042
0.47600368 0.41481653 0.50617033 3677722
0.48296869 0.41654506 0.50723451 5323315
0.49222663 0.41683832 0.50739032 4337192
0.50137818 0.41777137 0.50804752 2692622
0.51170659 0.41788712 0.50969452 2956050
0.5199309 0.41931322 0.50918561 2363913
-0.33084488 0.4243305 0.51038152 8616045
-0.32367763 0.42374399 0.508452 8286566
-0.31874621 0.42015961 0.50625449 9075569
-0.34922501 0.42726853 0.51026946 9604745
-0.33001295 0.42686251 0.50989932 10261901
-0.32254738 0.42686024 0.50870019 10064520
0.53270298 0.42759493 0.50981504 3219220
-0.34901324 0.43201521 0.50745708 9538176
-0.33874577 0.43026951 0.50584263 9077370
0.53718472 0.43126026 0.50988239 3416086
0.54262865 0.43825868 0.51003522 3613465
-0.35761291 0.44155076 0.50655061 9275004
-0.36340037 0.44730774 0.50916153 9538176
-0.36576921 0.45337799 0.50684565 9406591
0.55177367 0.44992235 0.51029116 4204060
0.55366701 0.45658854 0.50694138 4269852
-0.37485284 0.46449605 0.50840777 9340801
0.55944169 0.46025327 0.50934273 4861220
0.56479323 0.47058502 0.5072127 5913653
-0.38297188 0.47535101 0.50878161 9341057
-0.3917163 0.48388627 0.50900823 9209985
-0.15600717 0.33917907 0.51231498 10984597
-0.14969724 0.33875254 0.51072139 11379355
-0.13981041 0.33717158 0.51206309 10391945
-0.1284655 0.3371754 0.51243299 11115925
-0.11827985 0.33862224 0.51141614 10524045
-0.2183603 0.3440223 0.51400548 11049361
-0.20848262 0.34291235 0.51251704 11378325
-0.19880009 0.34237018 0.51111346 11115410
-0.18990874 0.34177783 0.51304775 10259844
-0.17887405 0.34136024 0.51203638 10589324
-0.16922837 0.34002009 0.51262313 11050902
-0.13798136 0.34380308 0.51535088 12102306
-0.13147035 0.34380105 0.51530677 11575962
-0.077754833 0.34378436 0.51494187 9799805
-0.069616117 0.34378174 0.51488656 10391688
0.062231068 0.34374097 0.51399094 10918286
0.071107931 0.34230974 0.51249355 11049872
0.081819743 0.34140137 0.51216239 11115922
0.086475119 0.34200051 0.5139423 10786958
0.09155155 0.34223178 0.51211971 10391941
0.09601251 0.3423709 0.5139156 11576474
0.1004853 0.34322897 0.51290244 11246993
0.11106335 0.34372583 0.5136593 11840156
-0.22933978 0.34597686 0.51536578 10260104
-0.1600996 0.34839323 0.51073164 11116436
-0.15009025 0.34730676 0.51063746 11181717
-0.12064386 0.34846428 0.51073998 11312790
-0.10911203 0.34897581 0.51233572 11181459
-0.098165251 0.34923521 0.51197177 10655114
-0.088128172 0.34767643 0.51185995 11313301
-0.078760378 0.34735611 0.51085538 10260100
-0.073197864 0.34919026 0.51179141 10524558
-0.058929972 0.34911194 0.51169938 10589068
0.056675278 0.34855774 0.51149327 10326149
0.10680947 0.34569326 0.51120049 10721165
0.11663237 0.34793165 0.5110423 10853264
0.1241703 0.34932247 0.51106101 10655629
0.14572349 0.34814814 0.51466554 10721423
0.15798035 0.34767309 0.51275927 11511454
0.16856192 0.34709182 0.51294786 11182490
0.17816824 0.34854952 0.51086074 11116698
0.18816024 0.34971407 0.51283699 11183003
-0.24323601 0.3511478 0.51351756 9931907
-0.22650868 0.35283044 0.5129407 11709086
-0.21921223 0.35242823 0.51156968 11380122
-0.21001884 0.35232547 0.51117676 10787730
-0.06499844 0.35092059 0.51295525 9866628
-0.055603646 0.35334352 0.51439458 10129800
-0.049737729 0.35077551 0.51209205 10523274
-0.039600186 0.35160592 0.51327509 10326152
-0.030664513 0.3522698 0.51405317 10260872
-0.02006478 0.35276631 0.51481503 10326665
-0.014716456 0.35322312 0.51528257 10195079
-0.0102352 0.35276332 0.51474828 9799551
-0.00040559619 0.35276034 0.51468152 10522761
0.0062098713 0.3529245 0.51409084 10655118
0.015487781 0.35312667 0.51427406 10787731
0.026899343 0.35358384 0.51524526 10919316
0.032359764 0.35275021 0.51445895 10654347
0.039989028 0.35263672 0.51112705 11247251
0.043867718 0.35223177 0.51455015 10524044
0.048789751 0.35096446 0.51238817 10852751
0.14018793 0.34998146 0.51255959 9734015
0.1965045 0.35075107 0.51381379 11183003
0.21727519 0.35469285 0.51063663 12037797
0.0096095707 0.35525718 0.51099354 11378583
0.019052846 0.35519889 0.51133806 10852496
0.22242212 0.35902062 0.51548749 11577502
-0.27302945 0.36389902 0.5121066 11050388
-0.24748942 0.36200348 0.51113135 11050902
0.23095316 0.36234632 0.51466519 11840418
0.25621444 0.36368075 0.51326233 11970974
-0.25991496 0.36884096 0.51069897 11050645
0.2418139 0.36751989 0.51164263 11906211
-0.28577107 0.37355164 0.51195699 10720653
0.25364596 0.37119511 0.51281804 11445403
0.2644372 0.37429383 0.51152629 11050644
0.39986834 0.37213615 0.51087445 10787475
0.40848738 0.37363353 0.51252252 10656144
-0.2920143 0.37766257 0.51373178 9602172
0.29359007 0.37842861 0.511805 10524041
0.30502725 0.37754503 0.51205796 11116180
0.31506139 0.37736073 0.51358014 11116180
0.32459116 0.37811866 0.51252216 11050643
0.34384534 0.37916651 0.51221758 10655884
0.36683396 0.37711194 0.51100069 10655887
0.38025576 0.37748376 0.51196462 10985111
0.38658977 0.37849429 0.51258558 11116697
-0.2956591 0.38268974 0.51127869 9931650
-0.27849647 0.38251331 0.51298195 10326664
0.39366031 0.38022617 0.51311105 10853524
0.40334398 0.38411215 0.51514393 11312792
-0.30271286 0.38684264 0.51552266 10589837
-0.30469665 0.39353481 0.5111255 10458251
-0.2879357 0.39218286 0.51330036 10260871
0.44793454 0.39362124 0.51284367 10195079
-0.29736856 0.40151909 0.51361054 9537149
-0.31138885 0.40519801 0.51159328 10457481
0.46225381 0.40894678 0.51248413 3216402
-0.31515342 0.41314033 0.51061648 9865085
-0.30816314 0.41035584 0.51420099 9537663
0.47161019 0.41216269 0.51080948 3282708
0.47902787 0.41321161 0.51184207 4664356
0.4825924 0.41173056 0.51249021 4993582
0.49032697 0.41460815 0.51317424 2889743
0.49671519 0.41170624 0.51359481 3877670
0.50059158 0.41460493 0.51310462 2495499
0.50743467 0.41460279 0.51305813 3350808
-0.32009596 0.41737571 0.51379126 8681324
-0.36088297 0.42287222 0.51231128 10856098
-0.33677784 0.42286471 0.51558799 9735557
-0.32890603 0.42087546 0.51508051 9406076
-0.31874678 0.42002586 0.51252383 9867141
-0.35654455 0.42537084 0.51062018 10592927
-0.35110399 0.42687276 0.51279551 9143419
-0.33963397 0.42534795 0.51122946 9998728
-0.33917493 0.42729405 0.51079351 9604229
-0.35878533 0.43330088 0.51309949 9406590
-0.36786997 0.44350353 0.51511258 9406591
-0.3621068 0.4399195 0.51219302 9603969
0.54793787 0.44259015 0.51186424 3941402
-0.37001985 0.45181194 0.51379806 9275006
0.55987859 0.45358661 0.51385063 4861219
-0.37332523 0.45754746 0.51139182 9275007
0.56574553 0.46158472 0.51404649 4531741
-0.38086474 0.46630314 0.51303726 9406594
0.57001108 0.47008339 0.51249272 5849143
-0.39356065 0.47991064 0.51280338 9603973
-0.1879214 0.33959523 0.52039677 10523273
-0.17813838 0.33898512 0.51902038 10853009
-0.16951972 0.33763006 0.51817781 9997958
-0.15995392 0.33711269 0.5167554 10260616
-0.14995974 0.3358815 0.51630372 11115924
-0.13996917 0.33511272 0.51624876 10720397
-0.13296059 0.33534399 0.51572031 11378583
-0.1167204 0.33614793 0.52052492 10260359
-0.10755941 0.33741251 0.52020246 10260616
-0.098292284 0.3389813 0.51886624 10063493
0.068604171 0.3377389 0.5198465 11246995
0.080384091 0.33648518 0.51851124 11181971
0.092153482 0.33801737 0.51917499 10721164
0.10140987 0.33906212 0.52007312 10720649
-0.086089991 0.34241536 0.51651233 10063750
0.066700324 0.34340826 0.5163371 10523785
0.076568723 0.34111884 0.51707941 10721422
0.10263353 0.34219816 0.51574725 10195334
0.11112942 0.34083691 0.52006859 11839641
0.11994865 0.34300879 0.52054948 10655111
0.17166404 0.343707 0.52041 11774880
0.17946377 0.34348229 0.51969773 11379867
-0.23824504 0.34811726 0.5163992 10720911
-0.22896209 0.34972027 0.51940829 11314071
-0.21880162 0.34827271 0.51929408 11511965
-0.20905629 0.34849182 0.51923543 10656400
-0.19913059 0.34793308 0.51915008 11774622
-0.18952596 0.34694412 0.51864654 11905950
-0.17987859 0.34641603 0.51701623 10787471
-0.1687476 0.34621277 0.51693469 11379353
-0.15952289 0.34580973 0.51881653 11576986
-0.11877086 0.34579709 0.51853973 11444376
-0.10984089 0.34604433 0.51930207 11115666
-0.10027475 0.34639147 0.5197373 11050129
-0.091907673 0.34603873 0.51918012 10918543
-0.07610736 0.34572986 0.51632756 10129543
-0.067339517 0.34713951 0.51826221 9800835
-0.063048206 0.34721306 0.52039117 9998214
-0.055197664 0.3457773 0.51810783 10589069
-0.047917195 0.346275 0.51888937 10786446
-0.039077021 0.34743896 0.51968187 10721423
-0.02937522 0.34826949 0.51964325 10326665
-0.019642914 0.34893301 0.51959914 10392458
0.047491919 0.34818819 0.52040499 10720908
0.055809002 0.34582582 0.51859719 10655114
0.12412336 0.34622183 0.51853579 10851465
0.12808564 0.34654835 0.51856226 10720910
0.13066842 0.3476086 0.52016896 11707287
0.13818064 0.34776476 0.51702303 9799808
0.14853561 0.34600344 0.51850659 11642782
0.15937659 0.34697381 0.51840001 11511195
0.1671247 0.34568706 0.51958209 11643295
0.17899059 0.34626356 0.52024525 11972263
0.18976672 0.34620145 0.5193134 12432298
0.19813511 0.34892741 0.52016288 11840419
-0.24773654 0.35194543 0.51837999 11379610
-0.033108778 0.35369459 0.51752597 10260873
-0.024577314 0.35449722 0.51570874 10655630
-0.0034935041 0.3523393 0.51584703 10655888
0.03698615 0.35194483 0.51820201 10524044
0.14049424 0.35005 0.52018541 11904923
0.15030766 0.35026911 0.52012628 10128254
0.20348351 0.35200205 0.51929826 12104105
0.20928881 0.35191742 0.51978356 12235176
0.21929131 0.35446993 0.51980263 11774368
-0.26739341 0.35815838 0.51966351 10786960
-0.25707507 0.35633925 0.51818877 10523787
-0.2500459 0.35883787 0.52031296 10787984
-0.24206182 0.35608533 0.51806003 10722191
-0.041777842 0.35523656 0.51693922 10063494
0.21120991 0.35501412 0.51687211 11775139
0.21637581 0.35654476 0.51844758 11709088
0.22969317 0.35643891 0.51938814 10326151
0.23931955 0.35857502 0.51980597 11115409
0.24929322 0.35968295 0.51977688 11510680
-0.27688593 0.36127356 0.52059287 10786959
0.25948569 0.36290196 0.51981789 11378837
0.26749146 0.36367717 0.52045101 11444628
-0.28745317 0.36891511 0.51971525 10128516
-0.26176456 0.36617485 0.51795202 10655887
0.2438148 0.36660293 0.51829308 12103076
0.25211176 0.36748472 0.52012306 10984081
0.27217945 0.36592582 0.51900822 11576214
0.27978641 0.36734012 0.51983124 11312784
0.2898505 0.36844817 0.5198012 10654341
0.29983172 0.36877838 0.5197441 10850950
0.3095966 0.36744204 0.51963121 11574929
0.3190234 0.36678615 0.51913112 10983305
0.32941216 0.36715809 0.51783246 10260353
0.3394205 0.36765495 0.51778144 10523013
0.34916672 0.36648515 0.51767689 10457221
0.35839134 0.366249 0.51727623 10194049
0.36903879 0.3666456 0.51589364 10588808
0.37896657 0.36664262 0.51582628 10654601
0.39046833 0.36613896 0.517937 10655114
0.40029281 0.36723605 0.52000147 11050644
0.26755497 0.37228277 0.5170626 11049872
0.27651697 0.37342849 0.51809222 10918288
0.31351781 0.37449721 0.51832479 10919056
0.32812572 0.37411943 0.51890844 10589321
0.35526305 0.37419239 0.51694578 10853008
0.36585242 0.37293246 0.51764899 10787731
0.37529898 0.37398246 0.51651043 10392974
0.40946966 0.37003317 0.51970321 10392971
-0.28003442 0.37784711 0.51998407 10260872
0.28672361 0.37526348 0.51746696 10720653
0.29494748 0.37593368 0.51684898 11049618
0.30152971 0.37623051 0.51607853 11181461
0.33710286 0.37497059 0.5183112 10523528
0.34688741 0.37592795 0.51694459 10721164
0.38499573 0.37549844 0.51834804 10524558
0.42172453 0.37712923 0.51670235 10392458
-0.29886562 0.3811399 0.51840657 11050388
0.43109229 0.37987664 0.51964837 10129028
0.43880075 0.38262406 0.52011043 10128772
-0.29003513 0.38885024 0.51854831 10129286
0.44197977 0.38695636 0.51716274 9865344
0.44999397 0.38949564 0.51985127 10062723
-0.30943972 0.39794591 0.51567537 10325638
-0.30077985 0.39785352 0.51917237 9340540
0.45539576 0.39661887 0.51626104 10194309
0.46174172 0.39961699 0.51744133 8746863
-0.31328109 0.40369204 0.51849169 9799038
0.45016003 0.40336087 0.51648456 5123885
-0.30950654 0.40635625 0.5183571 9537663
0.45816171 0.40570727 0.51698023 4005404
0.47387061 0.40706339 0.51867419 4533029
0.48077652 0.40901104 0.51920706 3217425
0.49245879 0.40925995 0.51820451 3481626
-0.31585854 0.41072956 0.51592284 8812910
0.48953271 0.41127506 0.51990706 3087122
0.49977395 0.41127172 0.51983756 2363914
0.5104301 0.41282406 0.51981884 3219222
-0.34081358 0.41958395 0.51667839 9669506
-0.33072111 0.41819623 0.51999193 9998471
-0.3239983 0.41486076 0.5187059 9603456
0.52340358 0.41659775 0.51643497 2890257
-0.36025894 0.4228721 0.51976126 10592153
-0.35907337 0.42307785 0.51983911 9472383
-0.34965241 0.42160967 0.51822048 9736070
-0.33983853 0.42036572 0.51940173 10064521
-0.36848554 0.42520788 0.52046162 10724255
-0.35634786 0.42487088 0.51577514 10526616
-0.35118046 0.42486921 0.5157401 10197391
0.54211003 0.42809203 0.51839834 3678744
-0.36681062 0.43377569 0.5191763 9472384
0.55133915 0.43908909 0.51956707 3546129
-0.37588555 0.44585291 0.52051336 9867143
-0.37687773 0.45543304 0.51651937 9472385
0.56416285 0.45608523 0.51917273 4597789
-0.38571429 0.46641698 0.51665026 9603973
0.57048744 0.46558324 0.51767308 4005656
-0.40094683 0.47774866 0.52018911 9604487
-0.39325917 0.47527388 0.51677638 8945787
-0.15872532 0.33248046 0.5254671 10391945
-0.14659142 0.33127204 0.52484065 10524044
-0.13780284 0.33109131 0.52507633 10194822
-0.12886907 0.33332172 0.52287775 10786702
-0.12134708 0.33318773 0.52511758 10129286
0.07241822 0.33373776 0.52332395 11839388
0.080519781 0.33298519 0.52324158 11115922
0.090206631 0.33323231 0.52318484 10853006
-0.20724148 0.33914164 0.52291387 11838875
-0.19806927 0.33891359 0.52148014 10786187
-0.090332948 0.3388311 0.52066213 9800321
0.078611217 0.33859256 0.52275676 10656144
0.087347433 0.33842388 0.52342743 11116695
0.097294465 0.33884075 0.5237146 11379353
-0.22829127 0.34283176 0.52466053 10786446
-0.2181676 0.34118095 0.52317888 11246738
-0.20465246 0.34382382 0.52557069 10787470
-0.19814149 0.34382167 0.52552646 10523527
-0.18751162 0.34356847 0.52463132 10918027
-0.17803651 0.34324399 0.52304393 11379607
-0.16902477 0.34238425 0.52295142 11379354
-0.15879276 0.34230939 0.52235669 11510939
-0.14900774 0.34213987 0.52187771 10655116
-0.13916987 0.34169224 0.52179569 11444376
-0.12937659 0.34146705 0.52172154 11641755
-0.12024259 0.34236911 0.52262014 11378839
-0.11083626 0.34339467 0.52361661 11248021
-0.1012963 0.34379175 0.52405483 10919056
-0.089977689 0.34318808 0.52346808 11511193
-0.080869667 0.34171596 0.52147681 10260872
-0.072231106 0.34067956 0.52326876 10523788
-0.066497944 0.34352699 0.52497464 9866628
-0.05993671 0.34066775 0.52158374 11247511
-0.049755283 0.34160903 0.52335471 10260102
-0.038546018 0.34310547 0.52441806 11313560
-0.02878348 0.3431026 0.52435178 10853009
-0.019089753 0.34376624 0.52431029 10918802
0.052530941 0.34374395 0.52382368 11313044
0.058732528 0.34207919 0.52264589 10457992
0.064214356 0.34126297 0.5228011 10722191
0.10799164 0.34052506 0.52285749 10853008
0.11802847 0.34402075 0.52072757 11708318
0.15933029 0.34411755 0.52514523 11906211
0.16939573 0.34442094 0.52364022 11577247
0.17594799 0.3444567 0.52495676 12761522
0.18600586 0.34370258 0.52291709 12300455
-0.054540999 0.34934381 0.52153867 9997958
-0.02247479 0.34962156 0.52111131 10260872
-0.011866847 0.34902659 0.52133065 10129286
-1.2458861e-05 0.34876028 0.52109188 10326407
0.0072395564 0.34925082 0.52302295 10261387
0.18902382 0.34748438 0.52224332 11709347
-0.23799509 0.35183409 0.52084905 10919313
-0.044702269 0.35030618 0.52198535 9800322
-0.034380786 0.35028389 0.52153283 10063493
-0.00095196965 0.34977582 0.52278084 10589839
0.0096204411 0.35086837 0.52109975 11379096
0.018386444 0.35088983 0.52226573 10524044
0.028322836 0.35158029 0.52155 10918288
0.039053824 0.35108152 0.52090842 11510424
0.22589101 0.35469022 0.52304727 10720653
-0.26103517 0.35501269 0.52546483 9339000
0.22144066 0.35646573 0.52524728 11116438
-0.25798333 0.36284021 0.52068633 10261641
0.23356712 0.36111453 0.52305871 11379097
0.24347332 0.36287311 0.52410334 11049618
0.32232693 0.36366025 0.52272052 11246736
0.32893145 0.3636581 0.52267557 10654600
0.34048936 0.36365476 0.52259713 10325892
0.35204726 0.36365095 0.52251858 10194050
0.36250332 0.36304775 0.52110475 10391429
0.37162429 0.36231163 0.52233464 11049616
0.38156322 0.36253074 0.52227563 10128002
0.39095128 0.36323884 0.52422029 10852237
0.39830133 0.36363664 0.52550679 11050642
-0.28497088 0.36532393 0.52290255 10392201
-0.26933485 0.36912945 0.52077395 10721680
0.26276854 0.36875764 0.52220958 10852239
-0.2956484 0.37418678 0.5212689 10062980
-0.27628338 0.37284604 0.52212983 10655630
0.2721073 0.3703759 0.52319342 10589067
0.28709224 0.37226322 0.52495617 10917775
0.2960988 0.37226716 0.52548534 10983311
0.30565774 0.37259808 0.52350646 10984079
0.3161543 0.37124625 0.52488822 10457735
0.32560888 0.37130633 0.5236631 10128515
0.33385354 0.37126449 0.52305442 10259844
0.34375528 0.37122956 0.52284509 10260615
0.36783049 0.36992279 0.52336186 10458509
0.3771345 0.37109402 0.52525622 10326665
0.38411218 0.37323514 0.52398342 10655631
0.41943744 0.37323037 0.52108067 9931905
-0.30252737 0.37699369 0.52541894 9866113
0.39261597 0.37643662 0.52434915 11642527
0.39863455 0.37952855 0.52334028 11181976
-0.28837001 0.38218322 0.52307576 9932164
0.4104405 0.38351682 0.52501196 11247771
-0.3052032 0.38474646 0.52124113 10194823
-0.29869539 0.38985291 0.52368265 9669505
0.45923784 0.39361778 0.52175969 9010550
-0.31284335 0.39634076 0.52293569 9734013
-0.30953646 0.40085629 0.52327806 9867140
0.45240837 0.40051904 0.52293068 6112835
0.4616164 0.40220001 0.52379888 3348502
0.4690969 0.401948 0.52085799 5916478
0.47767997 0.40461209 0.52316064 5323571
-0.32026306 0.407599 0.5228762 8615789
-0.31882772 0.40914491 0.52190679 9932420
0.48439467 0.4076201 0.52066344 4072479
-0.34875834 0.41454342 0.52165252 9208955
-0.33925682 0.4106783 0.52543706 9406077
-0.32759979 0.41186193 0.52433246 9801090
-0.32310545 0.4132953 0.52077729 8682094
0.5204522 0.41374162 0.52076 2495499
-0.32859498 0.41503313 0.52118438 8748144
-0.37719324 0.42721048 0.52173108 10658721
-0.36714125 0.42637935 0.52317101 9603969
-0.37092739 0.43260995 0.52393728 9801350
0.54673582 0.43209055 0.5219627 3348750
-0.37221634 0.4400045 0.5209766 9735557
0.5573104 0.44458726 0.52233273 5058084
-0.38205093 0.45019165 0.52321035 10064522
0.56095278 0.45108619 0.52078968 4466203
-0.3852278 0.45739928 0.52194482 10327694
0.5696336 0.46258357 0.52288324 4400153
-0.39267457 0.46939269 0.52100867 9406593
-0.4005979 0.47277418 0.52424103 9801608
0.57585829 0.47158161 0.52315873 4269082
0.58122116 0.47757986 0.52333528 4663840
-0.15074843 0.32889083 0.5292775 10786446
-0.1437723 0.32844213 0.53059262 9734528
0.079082318 0.32862464 0.52953011 11708315
0.090344593 0.32914892 0.52947491 11181716
-0.16871637 0.3342388 0.52766377 10391945
-0.11326056 0.33439329 0.52622181 10260872
0.069700778 0.33198848 0.53013712 11181202
0.10117335 0.33210388 0.52992731 11313046
-0.22550738 0.33926311 0.52992827 9404793
-0.21989459 0.33810368 0.52852088 10983310
-0.20360014 0.33689025 0.53036422 11773082
-0.19577032 0.33668199 0.53019434 10457478
-0.17808193 0.33559111 0.529383 10260873
-0.14953449 0.33680657 0.52979904 10853010
-0.13901371 0.3362321 0.52993625 11116438
-0.12839003 0.33630005 0.52963561 11050131
-0.11882026 0.33713034 0.5296039 11247508
-0.10532362 0.33491626 0.52815396 10194310
-0.097112916 0.33556226 0.52888376 10063236
-0.086608849 0.33660665 0.52795655 9932421
-0.080415122 0.33721378 0.53004056 10984338
-0.07794676 0.33739844 0.53015059 10853523
-0.070095725 0.33611539 0.52761477 11115411
-0.06038148 0.33611229 0.52754885 10852239
-0.04916466 0.33710876 0.52859038 10523018
-0.038839586 0.33791533 0.5293234 11115924
-0.028264711 0.33860233 0.52904767 10918802
-0.018473858 0.33809927 0.53058034 11248280
-0.0088188741 0.33887413 0.53054577 11051156
0.05875865 0.33883801 0.52966005 10852751
0.066509455 0.33612171 0.52786618 10787215
0.076069504 0.33656231 0.52712339 10656401
0.08472205 0.33681276 0.52794331 10656144
0.1047371 0.33572772 0.52641422 11247251
0.11185891 0.33692542 0.52770764 11510421
0.12094407 0.33950046 0.52969414 11247505
-0.23777694 0.34452203 0.52598435 10259847
-0.22040495 0.3418285 0.53047711 10853780
0.00078730134 0.34031549 0.53054017 11380121
0.047882859 0.34373167 0.52799791 10326662
0.12016166 0.34109285 0.53023559 11642781
0.12949438 0.34317699 0.52927238 11313044
0.13933557 0.34416404 0.52710456 10457481
0.14919019 0.34392348 0.52735728 11445403
0.16972914 0.34248558 0.52948731 11972257
0.17947054 0.34203783 0.52940303 11708829
0.18734741 0.34350219 0.53006154 11774366
-0.24653521 0.34707418 0.5277819 11049618
-0.23891836 0.34895948 0.52884775 11379866
-0.23124886 0.346082 0.52827865 10787986
-0.20838106 0.34582487 0.52566904 10393226
-0.055370234 0.34520343 0.52645475 10391946
-0.041658707 0.34547535 0.52797598 9537149
-0.032605805 0.34502271 0.52743298 9997700
-0.024284864 0.34522191 0.52708203 9866114
-0.013428355 0.34546903 0.52816182 9668737
-0.0039874478 0.34784713 0.52641898 10458253
0.0077930451 0.34725645 0.52826375 10129800
0.010814501 0.34675685 0.52829415 11182742
0.020107603 0.34812906 0.53032488 11905696
0.038920704 0.34749833 0.53017217 11313044
0.047009889 0.34607902 0.52829415 11181458
0.13316207 0.34596887 0.52906412 11839384
0.14053194 0.34793916 0.52990919 11444625
0.15032621 0.34793583 0.52984208 10193788
0.15959722 0.34599641 0.52876955 10589062
0.18143144 0.34501269 0.5272283 12564656
0.19184275 0.34570065 0.52865583 11971746
0.19923428 0.34658733 0.52945632 11510937
0.2011897 0.34889153 0.53007275 11972005
-0.25645554 0.35170129 0.5290404 10325895
0.2092379 0.35002866 0.52952939 12168610
0.21350966 0.35328093 0.52766079 11313817
0.21919495 0.35213676 0.52954954 11708060
0.22718847 0.35388985 0.52956742 11839646
-0.27544641 0.3577036 0.52865189 10260358
-0.26750946 0.35603455 0.52638334 10128259
-0.25981075 0.35869792 0.53024477 10590348
-0.25127468 0.35600498 0.52851921 10524555
0.22846176 0.35707274 0.52817398 11641755
0.23325613 0.35700205 0.53002006 11576731
0.23937005 0.35835269 0.52966887 11972001
0.35128576 0.35865131 0.53056258 10391429
0.36111546 0.35839799 0.53048605 10720394
-0.28599411 0.36104265 0.52886742 9734782
0.24940979 0.36023858 0.52967924 11906208
0.25953171 0.36267975 0.52970964 11839644
0.26911283 0.36355165 0.53009421 11773337
0.32043597 0.36166075 0.52925307 11707288
0.33119369 0.35973445 0.53036386 10852494
-0.29326594 0.36753061 0.52619833 9997700
-0.27994072 0.3683472 0.5297336 10326664
-0.27112311 0.36634436 0.52684289 10260872
0.27366486 0.36702147 0.52812177 11378837
0.28011939 0.36604837 0.52929586 11904666
0.28969336 0.3665593 0.52966458 11378320
0.29920107 0.36654237 0.52918583 10456704
0.30720913 0.36566499 0.52730554 10982536
0.32584393 0.36635342 0.5298838 10193796
0.33552465 0.36616173 0.52971452 10128260
0.34524661 0.36594597 0.52954549 10129286
0.35547781 0.36665109 0.52750844 10326666
0.36474285 0.36650756 0.52807897 10392458
0.40532988 0.36563447 0.52884382 10786700
0.41211715 0.36643234 0.53015202 10325636
0.42004573 0.36871341 0.53052276 10589064
0.28471765 0.37004438 0.53014046 10391687
-0.3056342 0.37493232 0.5299738 9471356
-0.28913388 0.37718347 0.52736038 10722193
0.43251228 0.37662604 0.52577907 9865344
0.4411979 0.37812343 0.52855593 9996930
0.44919428 0.38145426 0.5291943 10129031
-0.31110445 0.38757244 0.52677757 10260870
-0.30257156 0.38885418 0.52787715 11709599
0.45315272 0.3866196 0.5260269 10391690
0.46076605 0.39033154 0.52948183 9405822
-0.31852174 0.399694 0.52698284 8418152
-0.31169069 0.39685693 0.52823085 11709599
0.44502127 0.39600983 0.52663988 9470075
0.45197442 0.39690009 0.52918333 6639695
0.47037828 0.3988643 0.5272314 5456186
0.47169098 0.40351358 0.52579838 3217173
0.48008665 0.4021112 0.53026015 3481111
0.48648196 0.4042559 0.52684945 3809562
0.49236235 0.40439096 0.52766544 3613979
-0.34207934 0.4058924 0.5305627 9669249
-0.32992086 0.40921667 0.52658015 9011574
0.48499915 0.4066098 0.52658683 3086609
0.49194363 0.40710762 0.52826053 2956050
0.50121629 0.40717617 0.53038865 2561294
0.50999826 0.40935221 0.52950436 3219222
-0.35997647 0.41317967 0.5276888 9998727
-0.35111466 0.41034821 0.52626091 9208698
0.52038771 0.41148761 0.52994901 2692878
-0.34935439 0.41811875 0.52883083 10064777
-0.34079811 0.41626599 0.52844959 10393228
-0.33421639 0.41486397 0.52561873 10853777
-0.36966014 0.42297521 0.52755493 10196108
-0.35984677 0.42137197 0.52944964 10328722
-0.36958271 0.42573205 0.52967662 10526617
0.54521424 0.42659107 0.53040379 3349009
-0.38482559 0.43287972 0.53004068 11120040
-0.37872961 0.4302111 0.52990431 10856611
0.54905659 0.43192318 0.5305987 3480338
-0.37783754 0.43568006 0.52667528 10064522
0.55153704 0.43658903 0.52729911 3875094
-0.38608718 0.44623831 0.52847582 10130315
-0.3932817 0.4582887 0.52892286 9932423
-0.40250048 0.46853068 0.52999014 9932937
-0.3947531 0.46564904 0.52599365 9735557
0.5756076 0.47058168 0.53023154 5058082
-0.4077259 0.4779841 0.52595431 10394005
0.58126962 0.47757986 0.53047293 5387047
-0.15702009 0.32928815 0.53081816 9865344
-0.13335979 0.32819524 0.5310877 10984595
-0.12743668 0.32832816 0.53208345 10787216
-0.17146456 0.33243456 0.53436583 10195079
-0.16471431 0.32998672 0.53270859 10391688
-0.15053079 0.33380702 0.53453511 10985111
-0.1406447 0.33280388 0.53442448 11116697
-0.13095544 0.33280089 0.53435868 11576989
-0.11973736 0.3332974 0.5343042 11576986
-0.11794271 0.33050767 0.53235608 10260616
-0.11174556 0.33379498 0.53427166 11708572
-0.10793666 0.33251992 0.5331319 10457482
-0.10104886 0.3330498 0.53559917 9799551
-0.096057631 0.33286956 0.53440899 10129286
-0.077808522 0.33378449 0.53404111 11642268
-0.069602124 0.33278194 0.53232616 11049618
-0.059823759 0.3321121 0.53223079 10983825
-0.050930552 0.33202592 0.53297442 10983825
-0.040599518 0.3334395 0.53377396 11575962
-0.03094309 0.33376995 0.53372282 11116181
-0.024478877 0.33376792 0.53367883 11708318
0.062787794 0.33374086 0.53308612 11180945
0.08606308 0.33389226 0.53414983 11379610
0.11045817 0.33347598 0.53194338 11510936
-0.22776151 0.33699432 0.53551441 10983825
-0.21665394 0.33560649 0.53463441 10194309
-0.20743588 0.33569029 0.53341347 10523271
-0.19866943 0.33526757 0.53360969 10720652
-0.18704346 0.33649853 0.53070599 11248023
-0.18037698 0.33906618 0.53212506 11643036
-0.1702261 0.33821312 0.53129071 12037281
-0.15993711 0.33758786 0.531519 11050130
-0.10884007 0.33804396 0.5307861 11313814
-0.099723928 0.3393468 0.53118271 10721677
-0.089921989 0.33889928 0.53109843 11247766
0.097850032 0.33568493 0.53410107 11182231
0.11014611 0.33851567 0.53233689 11182488
-0.22935042 0.34299818 0.53329915 11051414
-0.21092352 0.34173492 0.53085262 11445915
-0.20028606 0.34202245 0.5316512 11314071
-0.18990231 0.34115246 0.53186971 11050898
-0.064218037 0.33989146 0.53084284 9800323
-0.053218268 0.34057549 0.53219575 10721423
-0.044784792 0.34076419 0.5324356 9866114
-0.034481533 0.34030119 0.53256255 10524044
-0.024755413 0.34028092 0.53348666 10589837
0.00976157 0.34195724 0.53250104 11050900
0.016786931 0.34375504 0.53383344 11905697
0.031075208 0.34471157 0.53371185 11116695
0.042830821 0.34374705 0.53365654 10457222
0.048295017 0.34106389 0.53297597 10326406
0.050488304 0.34224465 0.53136927 10852237
0.13216089 0.34285989 0.53554219 10128514
0.16111745 0.34264353 0.53391749 11444888
0.16960807 0.34242526 0.5330835 11643297
0.17896008 0.34309772 0.53282052 11774883
-0.24825251 0.34486511 0.53488451 10786959
0.0078697708 0.34551492 0.53510863 10590351
0.018387636 0.34651962 0.5333882 10590094
0.028528487 0.34815732 0.53080195 10919058
0.038598489 0.34588292 0.5306384 10392714
0.19039342 0.34587672 0.53154045 11906213
-0.26587003 0.35426059 0.53151339 10194308
-0.24678433 0.35150352 0.53159219 10392712
0.2094574 0.35007539 0.53184634 11445146
0.21503456 0.35058287 0.53417438 11181974
-0.28623968 0.35708633 0.53487331 9668733
-0.27741402 0.35554186 0.53311735 10589578
0.37094289 0.3580896 0.53205377 11444373
0.38091341 0.35864213 0.53201061 11049616
-0.29549009 0.36325791 0.53216213 10195079
-0.27835622 0.36284664 0.53336447 10655114
-0.26909789 0.36170104 0.53089708 10392456
0.24383041 0.35985842 0.53142554 11050645
0.25488874 0.36216453 0.53172034 11247767
0.27616259 0.36367455 0.53294128 12694182
0.30258065 0.36366633 0.53276187 10127739
0.31090403 0.36252096 0.53076881 10983050
0.32612288 0.36275926 0.5350545 10194309
0.33491954 0.36164621 0.53501564 10391688
0.34162217 0.35998753 0.53068429 10852494
0.3663092 0.36416605 0.53528804 10524044
0.39118958 0.36074999 0.53203267 11049615
0.40104118 0.36263588 0.53246123 10589064
0.40936866 0.3636333 0.53423804 10786187
-0.30444515 0.36692443 0.53498751 10261386
0.26521859 0.36577693 0.53155297 11379353
0.29535219 0.36954358 0.5327248 10391429
0.3036443 0.3685067 0.53094906 10259843
0.30582762 0.36603418 0.53541535 10062465
0.31514531 0.36774877 0.53095573 10588809
0.38066274 0.36911479 0.53370291 10787216
-0.28980967 0.37045017 0.53242618 10788243
0.38849357 0.37210503 0.53235322 11379354
0.4298687 0.37196019 0.53114802 10129029
0.43925181 0.372224 0.53419966 9799553
0.44711822 0.37462154 0.53558654 10392460
-0.31278157 0.37760392 0.53481203 10459022
0.39960092 0.37624779 0.53230959 10787218
-0.2993387 0.38025323 0.53154701 11051671
0.40809929 0.37980691 0.53087777 9997703
0.41669291 0.38296166 0.5312925 8944246
0.45585364 0.38361886 0.53259045 10129802
-0.31361061 0.38484541 0.53179783 10195848
-0.31749064 0.3938587 0.53490597 10327433
-0.30956879 0.38985613 0.53188294 11117462
0.45376423 0.39408913 0.53375083 8088167
0.46958423 0.39428118 0.53183621 6706769
-0.3229745 0.39863792 0.53165561 9471354
0.46550059 0.3986744 0.53246135 2559756
-0.33090997 0.39988282 0.53518385 9208440
-0.32701671 0.40286174 0.53534108 10590091
-0.32020476 0.40045968 0.5311287 10787727
0.47311643 0.40101925 0.5311591 2888721
0.48241815 0.40197626 0.53136879 3744281
0.49134183 0.40460792 0.53326267 2823438
-0.35815811 0.40581945 0.53336638 10195593
-0.35113853 0.40552357 0.53150672 9537663
-0.32998765 0.40869597 0.53105658 10459019
-0.33851552 0.41236535 0.53239423 10524557
-0.37712619 0.41957548 0.5350104 10261901
-0.37776184 0.42664185 0.53097802 10261901
-0.38389564 0.43213513 0.53340918 10459280
-0.38712764 0.43697539 0.53318912 10723995
-0.39229381 0.44201306 0.5352934 10261901
0.55639637 0.44125429 0.53092974 4598045
-0.39347732 0.44895545 0.53385359 9866887
0.56262755 0.45058587 0.5312708 4597530
-0.40173653 0.46107486 0.53410906 9998217
0.56890237 0.4599171 0.53161293 4663323
0.57414854 0.46558216 0.535353 4992288
-0.41038433 0.47350994 0.53534454 10065808
-0.41097894 0.47719625 0.53218025 10329494
-0.41637191 0.48297313 0.53415877 10856098
0.5891822 0.4879109 0.53143305 5322024
-0.14841372 0.32430997 0.53664654 10458251
-0.16752332 0.32853177 0.53893179 10523531
-0.15742636 0.32589474 0.53692812 9799551
-0.13815796 0.32474771 0.53564352 10655630
-0.13026139 0.32638398 0.53851253 11181973
-0.1203439 0.3277978 0.54050094 11379608
-0.06882488 0.32755938 0.54014152 11378583
-0.059628747 0.3274931 0.53915757 11444376
-0.049535863 0.32760909 0.53840667 11180948
-0.03950765 0.3278977 0.53955609 11707548
-0.030262018 0.32799175 0.53990024 11313304
0.06882558 0.32729438 0.53955334 11180944
0.078432664 0.32523587 0.53662533 11839644
0.091445245 0.32513192 0.53637177 11839645
0.10212071 0.32647875 0.53852981 10918032
-0.17693329 0.33388868 0.53645831 10261129
-0.10990054 0.33006695 0.54024678 10655116
-0.08689224 0.33169797 0.53886384 10655373
-0.077049486 0.332122 0.5382126 11115925
-0.064448573 0.33462599 0.53734297 9866115
-0.0202074 0.33036652 0.53962344 11839649
-0.0095558558 0.33026305 0.53986937 11576475
0.056251504 0.33436707 0.53831953 10655371
0.060756832 0.33207467 0.54055876 11575703
0.067833602 0.33241287 0.53772241 11379865
0.076938525 0.33213297 0.53610259 10261128
-0.23687685 0.33847049 0.53682417 10391688
-0.1926327 0.33587804 0.53658217 11906211
-0.18911141 0.33523646 0.53870064 11445660
-0.18080252 0.33641639 0.53938705 11313812
-0.17194131 0.33581367 0.53800446 10524039
-0.056910254 0.3362495 0.53613621 10326665
-0.040161721 0.33580592 0.53695744 9931907
-0.032371752 0.3356612 0.5383181 11248024
-0.022396455 0.33739427 0.53878862 10721425
0.0028023557 0.33625951 0.53684026 11511193
0.011313034 0.33704236 0.53913099 11313303
0.04860216 0.33739796 0.53960544 10457735
0.057321981 0.33607593 0.53754133 11444117
0.12294777 0.33652201 0.53862792 10786699
-0.24641901 0.34033027 0.53912002 10852495
-0.012066642 0.34131375 0.53737777 10392459
-0.0017157957 0.34463349 0.53561443 10787474
0.020379549 0.3397539 0.54012376 11445146
0.030006526 0.34141758 0.54013938 10984336
0.038235825 0.34170142 0.53784114 10787213
0.11964425 0.33996657 0.54036528 11511193
0.13068521 0.34088114 0.53985471 10523014
0.13978752 0.34201649 0.53851515 10128259
0.15064454 0.34240356 0.53874356 10851979
0.16033624 0.34141055 0.53990525 11510165
0.18777932 0.34292617 0.5380637 11774368
0.19206391 0.34369543 0.53865308 11906211
-0.25697079 0.34798971 0.53751892 10655117
-0.25013345 0.34928241 0.54023594 10721677
-0.24165505 0.34623519 0.53830212 10787471
0.14054501 0.34571663 0.53634006 11049354
0.14869541 0.34571412 0.53628474 11377806
0.20033914 0.34586492 0.53811508 11379607
0.20093578 0.3453553 0.53963214 11445660
0.20912966 0.34725073 0.53920799 11839644
0.21101354 0.34773758 0.53903741 11839904
0.21906808 0.34935895 0.53924233 11905180
-0.27549922 0.35168853 0.54018921 10523528
-0.26605779 0.35010818 0.54006177 10194308
0.22391149 0.35237351 0.53589386 11576989
0.2290975 0.35224488 0.53931338 12366245
-0.29372692 0.35818699 0.53629714 9734528
-0.28033844 0.35834721 0.53812498 11511964
-0.26981977 0.35601071 0.53795022 10524811
-0.25975278 0.35517421 0.53620487 10392712
0.23363875 0.35557118 0.53579074 11840161
0.23943985 0.35631672 0.53772956 11906210
0.24487846 0.35691157 0.53881472 11708832
0.24940696 0.35946074 0.53952378 12037280
0.31050918 0.35804847 0.53979689 11048845
0.32085678 0.35726061 0.5369603 12168353
0.34100133 0.35565439 0.53872031 11445144
0.34756842 0.35565236 0.53867573 10128770
0.36234438 0.35564783 0.53857547 10720651
0.37137973 0.35564509 0.53933507 11115152
-0.28865355 0.35984984 0.54055053 11578015
0.25939167 0.36056867 0.53950995 11839386
0.26945257 0.36223212 0.53952068 11839386
0.27905774 0.36329857 0.53992039 11839129
0.30015802 0.36155596 0.54001194 10719878
0.31654781 0.36252895 0.53698307 11444376
0.34694991 0.36001447 0.53977698 10655630
0.35712051 0.36099902 0.53812224 11247767
-0.31058925 0.36843243 0.53849524 11446944
-0.29270416 0.36685112 0.53693599 12104357
0.27512628 0.3653951 0.53932565 10786700
0.28301817 0.36567238 0.5362888 11970972
0.28770941 0.36630431 0.53744584 10720392
0.29629356 0.36617485 0.53697926 10194048
0.37499696 0.36619464 0.53647023 10918802
0.38878983 0.36894992 0.53951114 11379355
0.42523894 0.36562827 0.53862983 11445400
0.43199995 0.36629298 0.538616 10457738
-0.30199859 0.37585393 0.53739053 11446427
0.41050434 0.3772352 0.53711432 10128774
0.45371655 0.37786952 0.53818983 9997959
-0.31994891 0.3821651 0.53866631 9668993
0.45973665 0.38211766 0.54002458 10458510
-0.32082421 0.38961568 0.5357694 10063749
-0.31167924 0.3858569 0.53789121 10919570
0.46318153 0.38611653 0.5376814 10392462
-0.32667947 0.39257327 0.53869802 9800321
0.45330673 0.39047816 0.53995615 9470590
0.47073376 0.3912392 0.53997451 6640206
-0.32114682 0.39485994 0.53834695 11050642
0.47599101 0.39799753 0.53909606 3743514
0.48085156 0.39932552 0.53939122 3282963
-0.36068755 0.40258399 0.53902537 9932421
-0.3499139 0.40085474 0.53721088 10195593
-0.33988971 0.40015545 0.53694433 9800835
0.4906809 0.40183023 0.53992862 3086096
0.50076896 0.40310493 0.54034537 2561292
-0.36921534 0.40562013 0.54011363 10129800
-0.33954009 0.40899065 0.53865761 10327178
0.50974476 0.40660205 0.53747827 2692878
0.51985127 0.40772381 0.53958935 2956307
-0.37191123 0.41146901 0.53683895 10327694
-0.37893519 0.41572633 0.53898209 10196108
-0.35973841 0.41862193 0.53921252 10328462
-0.34954357 0.41486874 0.53598791 10459791
0.54082191 0.41959241 0.5399552 2955792
-0.38759792 0.42777982 0.53935939 10327437
-0.37084854 0.42647532 0.53936929 10461336
-0.39094621 0.4345732 0.53817207 10392974
-0.37726596 0.43121067 0.54030818 10527130
-0.3819702 0.43487886 0.54049963 10856353
-0.39757794 0.44826689 0.53846091 9866887
0.56180388 0.44758597 0.53990132 4992544
-0.40473458 0.4596993 0.53996211 9867402
0.56826997 0.45758405 0.54032737 4794909
0.5804261 0.47458032 0.53926378 4728860
-0.41760203 0.47966555 0.53916246 10724512
0.58611411 0.4815785 0.53954285 5255460
0.59224296 0.48990992 0.53988308 5716783
0.59787226 0.49657479 0.53654009 8745319
-0.14580283 0.31955424 0.54309422 10984595
-0.15773529 0.32269636 0.54298693 10129286
-0.13729116 0.32036451 0.54307252 10918802
-0.1270494 0.32234576 0.54358631 10655630
-0.057049476 0.32377806 0.54309183 11246997
-0.049027689 0.32377544 0.54303735 11641499
-0.04261028 0.32377353 0.54299372 11246484
0.071848311 0.32373813 0.54435545 11444114
0.079769395 0.32223561 0.54248565 11510420
0.09015137 0.32218674 0.54230326 11707802
0.10099593 0.32372895 0.54442483 11773595
-0.14967889 0.32969549 0.54079205 12366763
-0.13977876 0.32847038 0.54066664 10919059
-0.11535313 0.32704929 0.54137522 10457481
-0.10559029 0.32937768 0.54072922 10391945
-0.09533634 0.32930878 0.54074317 10721423
-0.23869988 0.33379927 0.54504377 10852239
-0.22605452 0.33256903 0.5448454 11049618
-0.21628892 0.33150795 0.54479104 10918545
-0.20555764 0.33269301 0.54333442 10655628
-0.19604003 0.33362868 0.54229552 11049874
-0.18566406 0.3339974 0.54280001 10589578
-0.17762727 0.33250085 0.54235297 10391942
-0.1692318 0.33295551 0.54200727 10852492
-0.15973169 0.33158746 0.54095167 11115924
-0.098920383 0.33069089 0.5408172 11378582
-0.073918067 0.33063284 0.54155689 10984596
-0.062591009 0.33033422 0.54359144 10589837
-0.053430475 0.33040133 0.54304069 10918802
-0.044711001 0.33111838 0.5419448 10261129
-0.035128005 0.33166376 0.54306263 11248282
0.00043967218 0.33126011 0.5410611 11379095
0.0095650759 0.33325735 0.54311913 12234662
0.053157359 0.33374384 0.54284829 10786187
0.057808679 0.33134297 0.54357368 10984079
0.062952466 0.33049133 0.54240638 11313044
0.078021064 0.33029059 0.54345649 10984849
0.086569734 0.33094743 0.54545468 11774366
0.098434769 0.33376792 0.54466575 10985108
0.11135497 0.32989231 0.54064244 11510681
0.11964776 0.33300892 0.54235917 10852493
-0.22943544 0.33927599 0.54179496 11050644
-0.21918061 0.33716169 0.54162556 11445401
-0.20946074 0.33715859 0.54155976 10985105
-0.19976678 0.33726671 0.54149896 11445656
-0.19038185 0.33694437 0.54101461 11511191
0.10418921 0.33547738 0.54350144 10458765
0.10912079 0.33671883 0.5424909 10853523
0.16969551 0.33929113 0.54071325 11642779
-0.25504887 0.34342507 0.54248101 10720909
-0.2468411 0.34383693 0.54539114 10655114
-0.23874232 0.34183434 0.5430662 10326150
-0.0015928686 0.3412092 0.54422122 10919316
0.0082427841 0.34136584 0.54482871 10524303
0.01806411 0.3426905 0.54307622 10589837
0.028045086 0.34267727 0.54202014 10063492
0.037997689 0.34048536 0.54179269 10721164
0.1417772 0.34202638 0.54329735 10259074
0.15129344 0.34040943 0.5453971 11248025
0.161825 0.33983067 0.54415244 12038311
0.17043597 0.34048286 0.54304653 11248539
0.17945424 0.33978775 0.54067153 11642522
0.1809174 0.3403708 0.54339272 11708833
0.19126023 0.34151211 0.543001 11511198
0.19834661 0.34369877 0.54236704 11708318
-0.26068568 0.34556702 0.54460841 11049618
0.22228956 0.34657231 0.54548186 12235432
-0.29654077 0.35459951 0.54304498 10590093
-0.28582507 0.35144368 0.54178649 9734525
-0.27873293 0.35284677 0.54278558 11051414
-0.26862478 0.35184363 0.54266876 11511707
-0.25872397 0.35150722 0.5409475 10524298
0.23393631 0.35065547 0.54350644 11775138
0.23586838 0.35468712 0.54266769 12891822
0.24494636 0.35369983 0.54447716 11708575
0.31463981 0.35466269 0.54541403 11641496
0.32153296 0.35380343 0.54297811 12366502
0.33082509 0.35332432 0.54195327 11379864
0.34082699 0.35432115 0.54357785 11511193
0.35100114 0.35390154 0.54225618 10918799
0.35994595 0.35379162 0.54271716 10721163
0.36961225 0.35384551 0.54368573 11444374
0.3786234 0.35464278 0.54497939 10918286
-0.30449796 0.35737434 0.54497188 10524558
0.25383505 0.35856643 0.54060215 11576732
0.3147831 0.35955444 0.5413602 11642268
0.32223317 0.35632649 0.54445523 10787218
0.32686752 0.35774866 0.54272288 10655631
0.33606082 0.35853377 0.54184633 10457995
0.38094229 0.35592774 0.54080838 11246738
0.39074603 0.35808352 0.54178709 10983823
-0.2947886 0.36285177 0.54337639 10854038
0.26509997 0.36125961 0.54289824 11840158
0.27078006 0.36409107 0.54102761 12300709
0.28936818 0.36317042 0.54108244 11246991
0.30553129 0.3606427 0.54306108 10654860
0.37734693 0.3628557 0.54406911 10984595
0.40096703 0.35985819 0.54180771 10983566
0.4110513 0.36085489 0.54178876 11049359
0.42056251 0.36100474 0.54214376 11115922
0.43119192 0.36245981 0.54338509 11313560
-0.31445277 0.36649194 0.54405326 11117467
-0.29946682 0.36965314 0.54108208 11643553
0.38783124 0.36483684 0.54556721 10918802
0.39890349 0.37080947 0.54139298 10787216
0.40905967 0.37264708 0.54329807 11116181
0.44943878 0.3724542 0.54211766 10523789
-0.32342935 0.37905684 0.54511398 10457738
-0.31749457 0.37518445 0.54111093 9866630
-0.30905455 0.37945607 0.54160196 11380379
-0.32553333 0.38484827 0.54298419 10392458
-0.33191362 0.38991323 0.54549688 9537405
-0.31903929 0.3902593 0.54217035 11050900
0.46225649 0.39328042 0.5423066 3612701
-0.34720963 0.39642575 0.5424909 9998214
0.46981013 0.39513102 0.54294878 3349786
0.48285586 0.39764681 0.54066139 3941146
-0.3663649 0.40040389 0.54448038 10129800
-0.32902327 0.40036252 0.5420267 10655630
0.51081151 0.40410188 0.54245049 2627599
-0.37742299 0.4097003 0.54323381 9998216
-0.33438492 0.4048641 0.54227 10458765
-0.34956652 0.41186884 0.54132766 10196620
-0.38532007 0.41906849 0.54344791 10327181
-0.36755311 0.42287436 0.54332024 10658712
0.54960328 0.42958978 0.54086453 3810842
-0.39323092 0.43228927 0.54402548 9998216
0.55529904 0.4372547 0.54119748 4138520
-0.39633936 0.43996719 0.54238147 10064009
-0.38923228 0.44088104 0.54081112 10856611
0.5609563 0.44458619 0.5450049 4926495
-0.39803088 0.44788375 0.54350752 10921892
-0.40223202 0.45118526 0.54282457 9932425
0.56711882 0.45358434 0.54541761 4992288
-0.40964547 0.46394339 0.54437 9670023
-0.41215143 0.46929052 0.54147607 10131602
0.57448369 0.46658197 0.54070812 4728603
-0.41836032 0.47366706 0.54510683 10790048
0.59698379 0.49357513 0.54182416 5718324
-0.15765047 0.31892219 0.54920405 10589580
-0.14776993 0.31782404 0.54687458 10853009
-0.13834271 0.31593612 0.54927725 11116438
-0.16768038 0.32459083 0.54738313 11116181
-0.1380215 0.32167795 0.55034012 11313814
-0.12873569 0.32124463 0.54985183 11642779
-0.11875584 0.32219806 0.54773837 10984337
-0.1095367 0.32134977 0.5497275 10786958
-0.06956128 0.32178167 0.54948145 11707804
-0.21239585 0.32944575 0.55031139 11576216
-0.17715877 0.32807806 0.54959315 10260870
-0.16852695 0.32770136 0.55047768 11774622
-0.15904099 0.32623819 0.54941624 11445401
-0.14867267 0.32480636 0.54697579 12431527
-0.14225057 0.32480434 0.54693228 11511193
-0.10242828 0.32536724 0.54683548 10983825
-0.09512756 0.32500938 0.54761261 11050388
-0.08949662 0.32628813 0.54665309 11049872
-0.084465958 0.32536879 0.54760391 10128774
-0.076561622 0.325542 0.54721397 11247252
-0.066852354 0.32742599 0.54730624 10918802
-0.057881124 0.3277103 0.5471223 10787216
-0.047481738 0.32632974 0.54783076 10524046
-0.039572142 0.32650104 0.54916912 11906213
-0.031925537 0.32863477 0.55001873 11248281
-0.026652748 0.32476857 0.54614705 11050388
-0.019661287 0.32556644 0.54742628 12562857
-0.011270354 0.32516375 0.54734808 12234405
0.0010266363 0.32675996 0.54954571 11379353
0.059566066 0.32686678 0.54848617 11378323
0.06733387 0.32845631 0.54788655 11115665
0.075935982 0.32784036 0.54817086 11642265
-0.23698133 0.33122399 0.54929858 10654860
-0.22750562 0.33039621 0.54960245 10325895
-0.020098383 0.3339422 0.5465681 11182231
0.010843029 0.33005694 0.55003542 12234662
0.057650447 0.33001259 0.5497039 10457735
-0.25612772 0.33919409 0.54934329 9865344
-0.24702573 0.33606043 0.54709905 10589067
-0.23923412 0.33797732 0.55059904 11313558
-0.22855046 0.33599773 0.54972702 11576473
-0.21880862 0.3358281 0.54803365 11576218
-0.20909828 0.33582512 0.54796761 11182227
-0.012331286 0.33621755 0.54738468 10721680
-0.0024778857 0.33865848 0.54882342 11248282
0.020665115 0.33642069 0.54644209 11444890
0.030357426 0.33675078 0.54639393 10852237
0.038672026 0.33635977 0.54821497 10918288
0.046463411 0.33481112 0.54751247 11050388
0.11021842 0.336108 0.54888493 11576732
0.1317127 0.33643368 0.54846567 10588549
0.1401591 0.33913055 0.55004627 10260102
0.14083524 0.33835295 0.55014843 9732984
0.15026465 0.33804706 0.55050868 11312273
0.15107745 0.33864704 0.55041999 11840420
0.15931574 0.33862105 0.54868764 12235178
0.17358299 0.33778194 0.55018145 11840162
0.13156642 0.33977619 0.54828435 9930879
0.20737283 0.34374204 0.54579955 12498348
0.21405415 0.34420004 0.54675072 12235433
-0.29274684 0.34960619 0.54683524 10787470
-0.2862103 0.34838417 0.54616159 10787470
-0.28004032 0.34844723 0.54976529 10787987
-0.27815199 0.34789458 0.54606491 10787470
-0.27003068 0.347644 0.54769772 10721679
-0.26617736 0.34664991 0.54597646 10457481
-0.26143837 0.34724131 0.54696602 10195077
0.20991175 0.34594527 0.54647809 11511191
0.22015339 0.34644189 0.54888052 11773595
0.22880262 0.34661511 0.5485025 11906211
-0.28713334 0.35184935 0.5493409 11774883
-0.29223272 0.35710087 0.5488314 11643554
0.24253939 0.35568503 0.54595667 11247251
0.24960585 0.35643283 0.54882199 11444629
0.2577979 0.35756937 0.54816157 11576216
0.29973984 0.35853592 0.54959279 10654599
0.30782375 0.35677269 0.54816312 10720137
0.31570017 0.35477307 0.54781026 11905697
0.33765987 0.35592094 0.54860646 10721423
0.3470434 0.35515478 0.5494253 10918802
0.35583308 0.35631862 0.54797012 11181974
0.36571354 0.35793784 0.54780537 10853010
0.39032149 0.35563913 0.54823643 10983566
0.40017772 0.35563615 0.54899043 11049102
0.41002277 0.35563305 0.54810268 11114638
0.42080739 0.3561298 0.54887801 11576731
-0.31211996 0.36021224 0.54755968 10130313
-0.29794466 0.36251941 0.54997796 11314333
0.26929709 0.36012116 0.54930311 11773335
0.27920359 0.36034015 0.54924804 11575699
0.28134081 0.36338702 0.54777628 10062720
0.28948072 0.36185077 0.54884058 11049100
0.2963098 0.36246482 0.54576772 10062464
0.3720623 0.36095169 0.54588288 11050388
-0.3027418 0.36752096 0.55027407 11906470
0.41011953 0.36862436 0.55024987 10985111
-0.32029384 0.37057462 0.54810184 10721681
-0.3114531 0.37710693 0.55000836 11511455
0.46090347 0.37818864 0.54995424 10523277
-0.32860142 0.38388208 0.54866666 9536891
0.47169426 0.38861397 0.54838437 5126196
-0.35017949 0.39383546 0.54833037 10129800
-0.33964807 0.39228359 0.54753608 9800834
0.47989234 0.39361134 0.55039817 4203036
-0.3594549 0.39489415 0.55008477 10064007
0.48325503 0.3967239 0.54733163 4006684
0.48970571 0.39777496 0.54819578 3085582
0.50056732 0.398855 0.54944867 2429706
-0.37237597 0.4035621 0.54597121 9537665
0.5107125 0.40037957 0.54988724 2758671
0.52110338 0.40272358 0.55037051 3021587
-0.37877804 0.40551296 0.54992086 10327437
-0.34916916 0.40736869 0.54886538 10656657
-0.34022996 0.40553251 0.54687291 10130056
-0.3719624 0.42587569 0.5486576 10065807
0.55192065 0.43018904 0.55056268 3679254
-0.39930755 0.43741277 0.54916137 9800837
-0.38191131 0.43487874 0.54917043 10856093
-0.4009603 0.44388488 0.54644531 10524560
0.56654912 0.45158461 0.54882878 4992542
-0.41247025 0.46066681 0.54955953 9209474
0.57294858 0.46124914 0.54929227 4992029
0.58480781 0.47707883 0.54826766 4728600
0.59348428 0.48590949 0.55046004 4927523
-0.12932289 0.31649116 0.55418164 9865857
-0.12412698 0.31872597 0.55226046 10128260
-0.05959601 0.31919542 0.55086833 11378583
-0.049171515 0.31806126 0.55118984 11773598
-0.17200145 0.32336774 0.55237609 10984595
-0.16459429 0.32083598 0.55157453 11577246
-0.15645415 0.32380882 0.55339366 11445657
-0.14814946 0.32230619 0.55164725 11247252
-0.11568398 0.3204594 0.55320162 10456968
-0.10626296 0.32239929 0.55159372 10654860
-0.099908628 0.32129148 0.55126363 11378838
-0.096329011 0.32258275 0.55171949 10786703
-0.090454616 0.3222883 0.55125469 11312787
-0.085766338 0.32161322 0.55335242 9733760
-0.080790572 0.32195202 0.55117053 11378581
-0.073585413 0.32185569 0.55442315 10721423
-0.063026749 0.32169273 0.55510908 10984596
-0.054188408 0.32230452 0.55390126 11181976
-0.044452734 0.32323506 0.55329698 11379868
-0.038915776 0.32010582 0.55077988 11707548
-0.029788563 0.32176974 0.55125004 11510169
-0.0204025 0.32248095 0.5533101 11181204
-0.0099107865 0.32290652 0.55326372 12168612
-0.0029562502 0.32376125 0.55449015 12695470
0.060973566 0.32324138 0.55429333 11970460
0.069846787 0.3214052 0.55172056 11773336
0.079487689 0.32040229 0.55159813 12102813
0.090250932 0.32055047 0.55124301 11181201
0.10122843 0.32242885 0.55188769 11509909
0.11041662 0.32405952 0.55374008 10984077
-0.21515393 0.32798329 0.55537611 10852237
-0.035618685 0.32484522 0.55449337 11577246
0.050241012 0.32866147 0.55065554 11575960
0.093985036 0.32938281 0.55530697 11445400
0.11198746 0.32589224 0.5506224 10720906
0.12110052 0.32950047 0.55183834 10786698
-0.2514711 0.33314553 0.55402595 9602172
-0.24610454 0.33175364 0.55270809 10457481
-0.23766571 0.33383408 0.55452055 12300455
-0.23111725 0.33349875 0.55445677 11379353
-0.21906486 0.33325687 0.55297595 11313815
-0.20661145 0.33136645 0.55240959 10786956
-0.19685891 0.33136263 0.55149227 10786956
-0.18687281 0.33096614 0.55076116 10392198
-0.17866421 0.32992688 0.55066913 11379350
-0.023620779 0.33059683 0.55073684 11050645
-0.016010234 0.33182946 0.55351156 11116695
0.020965135 0.33275381 0.5510903 11379351
0.030620394 0.33325079 0.55105323 11510167
0.040413473 0.33419088 0.55400401 10457738
0.041160133 0.33108082 0.55139309 11444374
0.050369021 0.33195737 0.55238599 10392201
0.10185038 0.33193925 0.55376929 11379353
0.10981837 0.33405748 0.55384868 10457994
0.12950549 0.33291999 0.55327147 10720905
0.13727975 0.33371773 0.55520576 10260354
-0.00061540457 0.33486894 0.55551714 11708833
0.0086792316 0.33646503 0.55459815 9865858
0.019664345 0.33915308 0.55175155 10721166
0.028657695 0.33807138 0.55134302 10721166
0.12013243 0.33806768 0.55062443 10326406
0.1596781 0.33725622 0.55084342 11905179
0.16138041 0.3366386 0.55491334 11643039
0.16968338 0.33670774 0.55192429 11708057
0.171413 0.33637956 0.55508214 11379353
0.17943899 0.33759359 0.55190974 11708058
0.18251327 0.33712819 0.55283195 11510939
0.19257259 0.33788648 0.55193919 11313560
0.20218199 0.33949521 0.55074579 11774625
-0.27627438 0.3437598 0.55351168 11313560
-0.26725256 0.34269729 0.55260366 10523530
-0.25864491 0.34126928 0.5527665 10786958
-0.24910438 0.34028187 0.55171651 11181716
0.1895891 0.3404285 0.55082148 12168867
0.19882669 0.34197119 0.55084628 11050386
0.20932469 0.34313992 0.55274981 11905179
0.21217217 0.33987871 0.55147594 12103590
0.21875334 0.34344247 0.55360824 11839388
0.22533099 0.34219387 0.55500287 11774111
-0.29473513 0.34592798 0.5545817 10457482
-0.2857573 0.34476092 0.55234474 10589323
0.22976336 0.34927228 0.55060464 11905437
0.23344058 0.34502044 0.55442184 11774111
0.24045876 0.3475596 0.5549255 11576732
-0.3071824 0.35404506 0.55139607 11510938
0.23901287 0.35238627 0.55071765 11379351
0.24623293 0.35314074 0.5518797 11576474
0.30486301 0.35466579 0.55532449 10851462
0.30656704 0.35392383 0.55510277 11839390
0.31156039 0.35278872 0.55229825 11048586
0.31687087 0.35155275 0.55545622 11971748
0.32080281 0.35154977 0.55175513 12563623
0.3275243 0.35277894 0.55487841 11511196
0.33064204 0.3516579 0.55169541 12037794
0.33661839 0.353771 0.55287546 11444889
0.34056944 0.3523213 0.55166584 11643036
0.34851423 0.35291603 0.55275923 11379352
0.36020476 0.35220399 0.55152577 11379607
0.3700307 0.35220101 0.55145901 12168353
0.37994027 0.35264245 0.55141622 12299682
0.38994023 0.35347274 0.55303615 11115408
0.39985126 0.35383645 0.5533188 10983822
0.40971279 0.35396674 0.55293173 11905181
0.41878513 0.3534303 0.55316621 11642782
0.42626786 0.35462812 0.5544998 11840418
-0.31390625 0.3577266 0.55521005 10984851
0.25589857 0.35504797 0.55233091 11642525
0.26661804 0.35877302 0.5514937 11379350
0.37690288 0.3558214 0.55555338 10984083
0.38191077 0.35931733 0.55120093 10918804
0.43053955 0.35737684 0.55093437 11708833
0.27619991 0.36074117 0.55130666 10325893
0.28479344 0.36075202 0.55226582 10720394
0.39015114 0.36017874 0.55337197 11049620
0.39802963 0.36315218 0.5521099 11049876
0.40418896 0.36601403 0.55116946 10524046
0.45098558 0.36928704 0.55189234 10721425
-0.30719876 0.37135568 0.55216819 12103592
0.45699051 0.37361851 0.5537644 11247769
-0.32597858 0.3770999 0.55344599 10720907
-0.31705776 0.38185874 0.55280286 10590096
0.46758008 0.3831152 0.55090374 6706000
-0.34028184 0.38863817 0.55473489 9668991
-0.33433622 0.38678065 0.55397683 9274231
-0.32143441 0.38786009 0.5506373 10129543
-0.32717055 0.39286175 0.55346566 10590094
0.46444547 0.39104882 0.55325466 5060917
0.47462156 0.39470509 0.55089146 3678493
0.48893324 0.39460865 0.55309361 3414546
0.49568278 0.3946065 0.55304784 2560777
-0.36871445 0.39765587 0.55097479 9998214
-0.3308903 0.39661303 0.55115861 10918802
0.48369539 0.39533535 0.55388862 3940894
0.49137497 0.39765218 0.55266482 4402729
-0.33854872 0.40106538 0.55229098 10854036
-0.38517374 0.41046706 0.55301601 10327694
-0.35668215 0.41087094 0.5512262 10196877
-0.38838273 0.41817322 0.55101842 10064522
0.54334283 0.4195917 0.55072564 4008477
-0.39272261 0.42254201 0.55468625 10196108
-0.36786208 0.42137447 0.55098456 10197391
0.5476687 0.4225904 0.55430526 3613719
-0.39598221 0.43021849 0.55167609 9735557
-0.37769037 0.43012753 0.55150086 10526614
-0.40119222 0.43584195 0.55558783 9801350
-0.40373132 0.4413158 0.55353063 9932680
-0.3950519 0.44288293 0.55488509 10658719
-0.38904744 0.44054773 0.55123812 10790303
0.5598259 0.4405866 0.5517717 4729372
-0.40040687 0.4481701 0.55170029 10724258
0.56511277 0.44658509 0.55556732 4992540
-0.41208491 0.45294252 0.55470246 9604486
-0.40630683 0.44991711 0.55063492 9472387
-0.41999468 0.46523002 0.55230242 10263190
0.58041543 0.47133031 0.55066818 5320736
0.58947128 0.48057738 0.55199248 5188895
0.59760839 0.48957482 0.55062348 6375226
-0.1564965 0.31464925 0.55795878 10523273
-0.14611083 0.31290236 0.55612046 11050131
-0.13650596 0.31390277 0.55622989 10524044
-0.16665906 0.31849137 0.55887133 11510939
-0.15024072 0.31860712 0.56008118 11642522
-0.14091063 0.31680408 0.56042725 10984078
-0.13049763 0.31592575 0.5579471 11971744
-0.11879136 0.31599703 0.55715495 11774624
-0.11383402 0.31680253 0.55965799 10918031
-0.10816013 0.31591871 0.55859298 11708574
-0.10403977 0.3176637 0.55865043 10852239
-0.09933532 0.31633666 0.56011647 11971230
-0.091900997 0.31722608 0.55934042 10786959
-0.085625492 0.31817833 0.55847496 10523788
-0.080412738 0.31703523 0.55847269 11707805
-0.075970478 0.31888738 0.5590294 11839905
-0.070336796 0.31628206 0.55716246 12761006
-0.066271879 0.31848779 0.55960244 10984854
-0.060552172 0.31477907 0.55860013 11445146
-0.17550808 0.32134417 0.56016845 11050390
-0.16996732 0.32156315 0.56016105 11050386
-0.16060671 0.32081011 0.55965048 12169379
-0.2460196 0.32799652 0.5590592 10589324
-0.23722857 0.32774273 0.55779284 11049618
-0.22979811 0.32849827 0.56059617 10918800
-0.22649956 0.32828572 0.55620617 10720909
-0.22005525 0.32816187 0.5605095 10918544
-0.21045253 0.32838121 0.5604592 10326148
-0.20746666 0.32738104 0.55694848 10194050
-0.20061314 0.32760039 0.56034297 10062975
-0.1915648 0.32706013 0.55823451 11576472
-0.18567237 0.32666638 0.55764478 10853521
-0.18173623 0.32581666 0.55769676 11445143
-0.17429566 0.32481435 0.5567835 11248021
-0.030750493 0.32573989 0.55657393 11314074
-0.022990609 0.32630029 0.56026512 11774368
-0.013144428 0.32929733 0.55975169 11445403
0.011349915 0.3264493 0.56032199 11708062
0.021296425 0.32908693 0.5605436 11707801
0.030970542 0.32891729 0.56046706 11378323
0.04836629 0.32474533 0.55955261 12759723
0.059812337 0.32699183 0.55879754 11313557
0.068029068 0.32528797 0.55782348 11839388
0.077308767 0.3248488 0.55752641 11707802
0.086760156 0.32728484 0.55607849 11576729
0.12329429 0.32705548 0.55919033 11642007
-0.25547755 0.33159795 0.55996507 10853010
-0.0091546196 0.33228472 0.55677027 10721937
-0.0033814772 0.33106664 0.56021887 11839904
-0.26553297 0.3383905 0.55747837 10194309
-0.25889683 0.33659807 0.55584866 9404793
-0.25111043 0.33583811 0.55796379 11708830
0.018230846 0.3361949 0.55763537 10852495
0.030145219 0.33568397 0.55630583 10918288
0.12358727 0.33636883 0.55940288 10062464
0.13141921 0.33569935 0.56011754 10523017
0.14041607 0.33614066 0.55923277 12037026
0.14703506 0.33571473 0.55849618 10457222
0.1510648 0.33664575 0.55705363 12037541
0.15998217 0.33571067 0.55840832 11707800
0.17292927 0.33570662 0.55832022 12563111
0.18091781 0.33606735 0.55900162 11839902
0.18616289 0.33588257 0.55995995 11839904
0.1943208 0.3355203 0.55827338 11708318
0.20292962 0.33491471 0.55905026 11774111
0.21142051 0.33678499 0.55762619 11774111
-0.28306466 0.3401691 0.558909 9668222
-0.27476946 0.33985797 0.55916971 9997444
0.22065461 0.33983877 0.55838329 11708318
-0.28940761 0.34868351 0.55953389 11511454
-0.31086409 0.35291365 0.55904585 10655884
-0.30368224 0.35039106 0.55561167 10919057
0.25011635 0.35259178 0.56033391 11576215
0.35730177 0.35086456 0.55963212 11971491
0.36715519 0.35349956 0.5563187 11444890
0.38971451 0.34988943 0.56059259 12234146
0.4195191 0.35163024 0.56050462 11971747
-0.29876974 0.35885313 0.55900615 11314076
0.25902408 0.35568002 0.55569571 11115150
0.2682789 0.35645893 0.55833668 11049357
0.28060997 0.35621873 0.56035799 11444114
0.28860125 0.35723749 0.5597952 10917259
0.29754058 0.35599151 0.55750042 11048843
0.38513958 0.35589758 0.5576579 10720655
0.39929879 0.35938206 0.55895895 11707550
0.43308571 0.3556259 0.559439 12300714
-0.31925201 0.36282447 0.55818719 11379610
-0.30850461 0.36925617 0.55968922 11248283
0.41753608 0.36718729 0.55805939 11972006
-0.32285127 0.37026921 0.55636638 10787472
0.46388519 0.37721625 0.5602625 7627099
-0.33023971 0.38142553 0.55703861 10129026
-0.34894168 0.38784149 0.56058043 10393228
0.4734942 0.3866134 0.55609459 3677722
0.48114759 0.38861111 0.5590995 3939863
0.4910126 0.38938573 0.55949956 3480594
-0.3688044 0.39320579 0.55688566 9735555
-0.35909259 0.39093128 0.55732626 10064009
0.50110352 0.39097992 0.5599522 2494985
0.50942147 0.39280239 0.56026405 2429193
-0.33988503 0.39764348 0.56038088 10853779
0.49194843 0.39686731 0.5583182 4074021
0.51143193 0.39660159 0.55643541 2823951
-0.34887758 0.40103534 0.56026834 10392971
-0.38795125 0.40858403 0.56027287 10261901
-0.35128331 0.40486935 0.555978 10196106
0.54035413 0.41092589 0.56050783 2692362
-0.39924014 0.4293628 0.5596332 9932936
-0.38008267 0.42767826 0.56019217 10592921
0.55259305 0.42758885 0.55801159 4007961
-0.40576133 0.438862 0.56037766 9867656
-0.3972801 0.43938354 0.55993086 10855842
-0.3892085 0.43613103 0.55969554 10922144
0.56351584 0.44108549 0.56048566 4993053
-0.40957734 0.44571903 0.55752677 10459280
-0.41669807 0.45015028 0.55927402 10065294
0.57072699 0.45358327 0.55944473 4993053
-0.42072263 0.45848945 0.55715078 10460312
0.57160056 0.45658305 0.55609852 5058333
-0.42643937 0.46176079 0.55707818 10724255
0.58091116 0.46791342 0.55786902 5715493
0.59151542 0.47832671 0.55988985 5584682
0.59852445 0.48657468 0.55764121 8020051
-0.15788934 0.3133643 0.56373757 10786187
-0.14989766 0.31034425 0.56181997 10720907
-0.14250121 0.3108106 0.56309384 10655632
-0.13682327 0.31380287 0.56542689 11642009
-0.13203156 0.31210604 0.56413537 11971746
-0.12573056 0.31360605 0.56396407 10720910
-0.11971543 0.31301966 0.5624271 11708574
-0.11630058 0.31464699 0.56404275 11378838
-0.10993318 0.31299439 0.56455368 11773853
-0.10544384 0.31446841 0.56373185 10983823
-0.096826367 0.31395903 0.56513387 11510423
-0.089043356 0.31378809 0.56510228 11049616
-0.078550123 0.3127847 0.5641678 11247254
-0.069801755 0.31278196 0.56331199 12563627
-0.060252778 0.31277898 0.56324714 11576732
-0.052422918 0.31377664 0.56326085 11708575
-0.054869346 0.31750992 0.56535679 11643039
-0.050240405 0.31882527 0.56169814 10985109
-0.047785275 0.31477514 0.5609042 12234919
-0.038475804 0.31699446 0.56178051 11577246
-0.029081488 0.31865814 0.56182343 12103334
-0.019594291 0.31965521 0.56182343 11510683
0.070029773 0.3182942 0.56112856 11773595
0.079624757 0.31806901 0.56104845 12036510
0.08920145 0.31851056 0.56101257 11839131
-0.23637822 0.32394508 0.56553811 10523273
-0.22531676 0.32452074 0.56449848 10457222
-0.21523422 0.32334223 0.56461042 10720394
-0.20515287 0.32373253 0.56378704 10260356
-0.19612437 0.3237808 0.56293339 10852750
-0.1873019 0.32324401 0.56298977 11050130
-0.1796025 0.32281604 0.56182939 11444630
-0.043126293 0.32014468 0.5626809 11050902
-0.033305533 0.32298723 0.56240672 10985109
-0.026079932 0.32404283 0.56489092 11050388
-0.010061542 0.32031897 0.56180269 11970977
-0.00062620046 0.3222051 0.56185991 12366248
0.0056620599 0.32375863 0.56352335 11774111
0.051682826 0.32307771 0.56263214 12365221
0.060321603 0.32096401 0.56136686 12892076
0.069031321 0.32308689 0.56515259 11444630
0.10035425 0.32081249 0.5610866 11509651
0.11154608 0.32283691 0.56114036 11839130
0.12010242 0.32422307 0.56224352 11510421
-0.24760324 0.32578853 0.56463391 10983568
0.04042523 0.32704774 0.56125051 11707033
0.050206359 0.32949808 0.56073648 11116180
0.09134835 0.32542613 0.56549436 11708572
0.10325576 0.32968441 0.56243473 11181972
0.13083285 0.32949761 0.56143922 10984077
-0.25847155 0.33334056 0.56432635 11445400
-0.2500017 0.3318378 0.56255668 11905951
-0.23989362 0.33016816 0.56076747 11379865
0.0015863761 0.33190981 0.56235474 12103076
0.010505995 0.33255807 0.56523889 10391688
0.019747769 0.33329454 0.56442457 11246741
0.029510824 0.33259752 0.56274742 10852239
0.040726747 0.33173743 0.56094009 11115925
0.11304569 0.33311692 0.56141347 10918543
0.14052904 0.33171681 0.56151682 11181456
0.15064633 0.33308855 0.56194168 11378579
0.15994537 0.33321062 0.56309897 11642008
0.16197906 0.33443061 0.56478935 11708318
0.16924338 0.33370796 0.56185704 12103073
0.17250845 0.33410802 0.56431729 12103076
0.17720085 0.33370546 0.56355399 11511193
0.18283571 0.33376423 0.56457549 11905697
0.19097546 0.33341482 0.56290394 11839904
0.19954182 0.33339909 0.56276709 11510939
-0.28539407 0.33817127 0.5645085 11511196
-0.27659172 0.33680406 0.56403095 9997700
-0.26963022 0.33846906 0.56148773 12037538
-0.26500309 0.33545318 0.56254596 10787216
-0.26098654 0.33650795 0.56076854 11379606
0.18922344 0.3374795 0.56156021 11379607
0.19904469 0.33925405 0.56160718 11773339
-0.29604185 0.34322146 0.56210548 11050134
-0.29361212 0.34060064 0.56532902 11379353
-0.28563905 0.34334889 0.56352836 11379868
-0.27901232 0.34147206 0.56133229 11116695
0.21003699 0.3404223 0.56190425 12103330
0.22132888 0.34229174 0.56132776 11708572
0.22796005 0.34238818 0.56364053 11510681
0.23380645 0.34260133 0.56461507 11116181
-0.30340064 0.34636238 0.56534404 11049874
0.23244183 0.34606317 0.56141442 11642266
0.24148312 0.3474336 0.56286317 11313301
0.24842124 0.34923819 0.56220824 11181459
0.32050616 0.34899405 0.56141442 12563111
0.36958396 0.34931234 0.56110209 12365732
0.37986767 0.34834245 0.56129485 12036767
-0.29498208 0.35285178 0.56255609 11445662
0.25785533 0.35299495 0.56155306 11049614
0.26422885 0.35440961 0.56299335 10918030
0.27046603 0.35467651 0.56376153 10654599
0.27868021 0.35467389 0.56534642 11970972
0.29508623 0.35466877 0.56523508 11642007
0.29685947 0.35272816 0.56356126 11311761
0.30182907 0.3530418 0.56221169 11510163
0.30712897 0.35117629 0.56232816 11970976
0.31091198 0.35055271 0.56157869 11444370
0.3184253 0.34974459 0.56449825 12168869
0.32815799 0.34972826 0.5644154 12037283
0.33049405 0.35021344 0.56142491 12431782
0.33864793 0.35087958 0.56249446 11708062
0.34053132 0.3516548 0.56145149 12234402
0.34913921 0.35098901 0.5610202 11773853
0.35991091 0.35009316 0.56121725 12299939
0.36458668 0.34977987 0.56105536 12563627
0.38011658 0.35240689 0.56198162 11707806
0.38932842 0.35345355 0.56399959 11773599
0.39976498 0.34983626 0.56125742 11707804
0.4101043 0.35029963 0.56089061 12432041
0.4284724 0.35377017 0.56145972 11839906
-0.31572106 0.3560355 0.56406349 10787471
0.27614483 0.3568286 0.56082159 10917773
0.39689943 0.35568109 0.56462222 12037028
-0.30485579 0.36385491 0.56330734 11577248
0.40683287 0.36108389 0.56139189 11774627
0.44060031 0.3597348 0.5612945 10918291
0.41660208 0.3649464 0.56363732 12235176
0.45058772 0.36728719 0.56171459 11049619
-0.31795824 0.37952569 0.56102842 10063751
0.47011349 0.38178113 0.5608415 4534314
0.4761526 0.38361254 0.56259531 4334621
-0.36880305 0.38908151 0.56271881 9867398
-0.35885966 0.38861814 0.56163961 10064521
-0.32871693 0.39029101 0.56222886 10524558
0.4751609 0.39255682 0.56217712 3283994
0.48571822 0.39402142 0.56210619 3809823
-0.33448535 0.39486411 0.56206197 11379867
-0.38692838 0.40017214 0.5649305 10328207
0.52937108 0.40139595 0.56066817 2560522
0.53572547 0.40459409 0.563546 2560263
-0.3925209 0.41095546 0.56553715 10459537
-0.39595562 0.42085066 0.56307453 10196108
0.54870927 0.42009011 0.56102246 3942169
-0.40366587 0.43244758 0.56422156 10064522
0.55819297 0.43183711 0.56255239 4598042
-0.41339335 0.44361916 0.56418365 10065549
-0.42621675 0.45334211 0.5646196 10855840
-0.42168388 0.45185652 0.56263441 10460567
0.57814795 0.46258095 0.56228834 5058077
0.58709466 0.4725782 0.56224734 4991770
-0.14655393 0.30863205 0.56731147 11115924
-0.13717592 0.30929652 0.5697729 11511453
-0.15552193 0.3105804 0.56874996 10523271
-0.094918884 0.3116664 0.57035512 11116438
-0.082144074 0.31454375 0.56659871 11972005
-0.19493729 0.31924668 0.56952041 11115665
-0.18502748 0.31842962 0.5684554 11049873
-0.17454094 0.31622139 0.56883699 11379353
-0.16761035 0.31603625 0.56793076 11246995
-0.15948835 0.31569865 0.56889552 11379093
-0.1515466 0.31580737 0.5672546 11378836
-0.073782526 0.31514588 0.56730205 11313562
-0.064827837 0.31591514 0.56626552 11445661
-0.046142735 0.31477466 0.5680657 11972004
0.079730585 0.31673554 0.57054156 12562597
0.08932326 0.31606594 0.570427 11904923
0.10047232 0.31739584 0.57044643 11640980
0.11163705 0.31928113 0.57050604 11509138
-0.24630582 0.32240298 0.57004935 10523018
-0.2358582 0.32090393 0.57043487 10391687
-0.22963268 0.32183161 0.56979424 11577245
-0.22603229 0.31989625 0.57026631 9536120
-0.21889046 0.32103863 0.56965882 10260101
-0.20769131 0.32096162 0.56989819 11510937
-0.19887933 0.32219699 0.57001215 11643292
-0.18943214 0.32115236 0.56947547 10457735
-0.02375322 0.32261732 0.57059115 11313560
-0.017192418 0.32441238 0.56925493 11773855
0.060315076 0.32454756 0.56828314 11379350
0.079446137 0.32203677 0.56737465 11708059
0.12123151 0.32127836 0.570584 11904922
-0.25633448 0.32790306 0.56732529 10918288
-0.24904081 0.3269625 0.56987947 11971744
-0.23845121 0.32483438 0.56685299 11511450
-0.20794621 0.32482484 0.56664568 11773595
-0.20312965 0.32482329 0.56661302 11840156
-0.010231534 0.32674196 0.56785625 11708062
-0.0010366902 0.32906154 0.56756312 11839391
0.09875717 0.32691434 0.56567866 12037282
0.13246305 0.32671931 0.56768304 11708570
0.14093997 0.32784167 0.57051772 11181713
0.0056922347 0.3297905 0.56932968 10325382
0.14326182 0.33364871 0.56813425 11248026
0.15373877 0.33445135 0.56647128 11774112
0.17746316 0.33370534 0.57044762 11972258
0.20478088 0.33180609 0.5702607 11971490
0.2082886 0.3340483 0.56562048 11708318
-0.27121741 0.33624449 0.56913263 11248278
0.21428351 0.33508566 0.56793195 11971490
0.22363241 0.33871785 0.56703979 11576732
0.2353112 0.3456873 0.56829947 11049872
0.24956292 0.34864596 0.56894952 10720907
0.30975875 0.34940687 0.56673962 12761006
0.3202295 0.34784022 0.56936806 12366248
0.35822567 0.34640339 0.56922942 11971490
0.36834615 0.34696308 0.56737012 12300455
0.37905949 0.34723797 0.56839913 11970976
0.39232326 0.34613851 0.57012051 11970718
0.40175828 0.34641352 0.57048422 11839389
0.41182241 0.34774378 0.5705108 12103075
-0.31201711 0.3513228 0.56666523 10590091
0.28008583 0.3543103 0.56695968 10852236
0.29018602 0.35427931 0.56617564 10917516
0.29803044 0.3501313 0.56846863 11246482
0.42960152 0.35250202 0.57032186 11641756
-0.30113226 0.35710374 0.56943661 11906212
-0.32067978 0.36102512 0.56711632 10787215
-0.30615902 0.36285535 0.5698542 11313818
-0.32479888 0.36931852 0.56567651 10984592
-0.31150672 0.36845699 0.5696004 10985110
0.4520247 0.36612001 0.56989986 10786448
-0.32844436 0.37458685 0.56809849 9668733
-0.33224535 0.37961689 0.56588012 9997697
0.47189593 0.37744728 0.56944889 4994091
0.48068666 0.37927786 0.56895751 3676434
-0.36755472 0.38435677 0.57000083 10064522
0.49036294 0.38010827 0.56894964 4071703
-0.3584832 0.38483182 0.57056135 10130314
-0.3489469 0.38590291 0.5684945 10064007
0.50182372 0.38560453 0.56590396 2428936
0.51143247 0.38760164 0.56731433 2560779
-0.37845993 0.39051858 0.56573337 10196876
0.47102952 0.39051917 0.56736356 2955287
0.4866125 0.39095762 0.56969863 3941409
0.49399644 0.39118209 0.56902069 7758174
0.52912587 0.39309612 0.57043225 3415571
-0.34934312 0.39786878 0.56868178 10393228
0.53263354 0.39759508 0.56762367 3152400
-0.36899298 0.40927485 0.56861001 10986907
-0.36207306 0.40687266 0.56637067 10789526
0.54399413 0.40959159 0.56722254 3152654
-0.38778239 0.41888061 0.56843227 11447719
0.5536235 0.41908851 0.56950563 4203029
-0.39728862 0.41988352 0.56741852 10790306
-0.40107593 0.4267737 0.56746072 10327694
-0.40976647 0.43763843 0.56657249 10065805
0.56704664 0.4410843 0.5674265 5189663
-0.42601517 0.44891551 0.57053679 10592667
-0.42066738 0.44730285 0.56801671 10395029
0.57354558 0.45108238 0.56804067 5386785
0.57782412 0.45358112 0.56993526 5649186
0.58139765 0.45957997 0.56854767 5254686
0.58498746 0.46557882 0.56714815 4925977
0.59007096 0.47057727 0.56743628 5386528
-0.069310255 0.30967072 0.57104331 12037283
-0.18483615 0.31428996 0.57439488 11115411
-0.17600405 0.31435898 0.57310349 11247253
-0.16659492 0.31297019 0.57354909 10523527
-0.15905559 0.3138099 0.57513446 10655113
-0.14888954 0.31294945 0.57272667 11378837
-0.13958228 0.31180349 0.57167166 11839388
-0.12975222 0.31024495 0.57149464 12563368
-0.12540165 0.31040636 0.57368571 10918287
-0.12022067 0.31024209 0.57142979 11773853
-0.11507457 0.31168965 0.57293397 11312787
-0.10746165 0.31138507 0.57153589 11181458
-0.098305129 0.31223539 0.57142287 11575960
-0.086599998 0.31151024 0.57119542 11444889
-0.07885506 0.30978468 0.57111603 11773852
-0.072381161 0.31173268 0.57450646 11577248
-0.061737098 0.31198278 0.5731886 11971747
-0.051043473 0.31277624 0.57154125 12432296
-0.2356635 0.31718376 0.57537216 10391431
-0.21609294 0.31596628 0.57495767 10918801
-0.2057775 0.31637552 0.57465297 10523785
-0.1943579 0.31573477 0.57418352 10984079
-0.17919102 0.31831601 0.57080549 10983821
-0.053541191 0.31528977 0.57515591 11576989
-0.045416929 0.3176153 0.57453305 12037797
-0.040556334 0.31863466 0.57145685 11445660
-0.039350815 0.31513622 0.57152277 11971233
-0.028797055 0.31665805 0.57127017 12299941
-0.019266346 0.31709948 0.57123715 11839646
-0.0096973721 0.31720772 0.57118005 12234661
0.060465816 0.31918588 0.57084697 12299940
0.070140265 0.31707171 0.57063061 12759719
-0.25499299 0.32422021 0.57214063 11313302
-0.24456295 0.32383624 0.57324535 11116181
-0.23936653 0.32233468 0.57149941 12169382
-0.03200648 0.3208957 0.57229716 11379610
-0.00043232887 0.3207604 0.57137221 12168868
0.0065241964 0.32375839 0.57234198 11774109
0.044232007 0.32374671 0.57288796 11839134
0.050728653 0.32196692 0.57111138 12628650
0.063652731 0.32205644 0.57108122 12234146
0.069454454 0.32159808 0.57146233 11642009
0.075271159 0.32113126 0.57184595 11313044
0.084068008 0.32099691 0.57489294 11445400
0.091684081 0.32250991 0.57440132 11708572
0.13040286 0.32343426 0.57159299 12103071
0.13730714 0.32471767 0.57393402 11708572
0.012395045 0.3255066 0.57122356 11642264
0.02149385 0.32742038 0.57169968 11246736
0.03116758 0.32708421 0.57161003 11838874
0.039998438 0.32531932 0.57096523 11904926
0.040641528 0.32896009 0.57190031 12168870
0.051622059 0.32755724 0.57068557 12169124
0.10103781 0.3247855 0.57328254 10918802
0.11310131 0.32913271 0.57164079 11510939
0.1502241 0.32915834 0.57095116 11049614
-0.27459499 0.33204201 0.57301384 10260614
-0.26719165 0.33231416 0.57196516 11182230
-0.25941601 0.33106306 0.57063478 11642780
0.014843112 0.33020964 0.57377642 10983312
0.021178482 0.33078745 0.57406384 10851983
0.030698745 0.32974687 0.5723514 11642268
0.12192075 0.33070984 0.57104141 10787729
0.1316226 0.33230248 0.5708341 11577247
0.13884957 0.33275416 0.57273465 10787732
0.14757407 0.33247271 0.5742994 11642525
0.15994614 0.33126608 0.57103628 12563368
0.16288799 0.33261481 0.57459539 11971490
0.16968046 0.33281878 0.57108229 12300711
0.17290282 0.33263686 0.57484788 11905697
0.1833028 0.33206621 0.57434851 11905697
0.19371513 0.33097401 0.57171291 11971490
-0.29414886 0.33639207 0.5748139 10524043
-0.28489742 0.33516064 0.5729627 11379609
-0.27901748 0.33751348 0.57121462 11511453
0.18192384 0.33570388 0.57201606 12169380
0.18923454 0.33636823 0.57120484 11313301
0.19903044 0.33780971 0.57124096 12299683
0.2104335 0.33869484 0.5712263 12234916
-0.2863839 0.3416492 0.57220274 11774625
0.22190015 0.34024695 0.5712598 11773852
0.2296613 0.34096268 0.57224804 11642525
0.23148102 0.34331349 0.57182211 11510167
0.2366156 0.34298578 0.57451838 10787217
0.38331661 0.34364143 0.57366687 12365219
0.38819984 0.34363988 0.57363373 12233633
-0.31359982 0.34767857 0.57498068 10853007
-0.29262009 0.34785119 0.57120723 12235176
0.24369869 0.34632149 0.57266098 11247252
0.25200868 0.34968224 0.57173079 11905180
0.3086015 0.34687081 0.57507128 12629420
0.31067774 0.34833053 0.57123727 12102560
0.31919029 0.34735921 0.57257086 12563369
0.33037254 0.348205 0.57106739 12563369
0.33933043 0.34848586 0.57089299 12300198
0.34907848 0.3482292 0.57138163 12234404
0.35980698 0.34909323 0.5709601 12431269
0.36923611 0.34697905 0.5707441 12365732
0.42106149 0.34948686 0.57104081 11576218
-0.29670858 0.35151914 0.57121271 11774625
0.25858691 0.3503702 0.57083005 10852494
0.26195142 0.35101238 0.57175952 11839387
0.26999611 0.35218921 0.5722869 11642268
0.27188796 0.35212043 0.57177168 12628904
0.27941278 0.35216847 0.57223409 12102817
0.28182811 0.35311738 0.5717743 11970974
0.2868548 0.35105947 0.57129687 10325636
0.29164633 0.35300317 0.57170063 11970974
0.30119139 0.35077789 0.571477 11839131
0.3882485 0.35018829 0.57307845 12432298
0.39728346 0.353874 0.57359594 12366763
0.4362452 0.35462502 0.57412022 11839136
0.44076613 0.35837367 0.57066518 10589069
0.41125363 0.36036566 0.57164258 11972007
0.44886476 0.36312106 0.57218641 10391947
0.42589527 0.36652961 0.57327765 10524562
0.45964947 0.37028447 0.57179886 9207159
0.46947956 0.37311473 0.57442945 5718330
0.48016441 0.37261155 0.5751521 3874068
0.49030891 0.37327495 0.57513231 4071960
-0.33280599 0.37791637 0.57398564 10919056
-0.32102236 0.37885979 0.57102245 9997700
0.49974239 0.37971643 0.57145566 2955021
-0.37942037 0.38142362 0.57529539 10788244
-0.37024221 0.38072339 0.57463473 10327694
-0.32757017 0.38386193 0.57475322 10458251
0.5092178 0.38176897 0.57284254 3021073
-0.33118299 0.38886312 0.57108837 10261127
0.47009563 0.38829497 0.57307273 3415322
0.47818428 0.38926473 0.57234401 3940123
0.48693067 0.38567129 0.57552356 5915708
-0.3905403 0.39775017 0.57194823 11117723
-0.3942132 0.40249875 0.57514042 10722451
0.53961122 0.40139285 0.57076818 3152142
0.54598922 0.40459099 0.57367116 3414541
-0.39746714 0.41135994 0.57255465 10394261
-0.38962823 0.40988138 0.57219762 11184548
0.54905075 0.41125658 0.57070965 3545869
-0.39858282 0.41949704 0.57081634 10130314
-0.40341148 0.42412677 0.57455736 10196107
0.55737573 0.42008749 0.57298273 4005393
0.56248891 0.42958573 0.57188886 4663065
-0.40688148 0.43075779 0.57179147 10130828
-0.41191497 0.43543199 0.57524627 10328206
-0.41535851 0.44083849 0.57185131 10328720
-0.42133948 0.44597521 0.57524687 10460563
-0.16490367 0.30961123 0.57954139 10786700
-0.15388331 0.30750313 0.5785163 11049871
-0.14462066 0.30719641 0.57682782 11774366
-0.134179 0.30846778 0.57638508 11380122
-0.093763329 0.30946878 0.58060116 10984595
-0.078380324 0.30700687 0.58042413 12103588
-0.068886749 0.30711523 0.58036846 11972004
-0.23584655 0.31266966 0.58034962 10523274
-0.083453991 0.31011286 0.57879335 11774112
-0.073980145 0.31108299 0.5784871 11313819
-0.067998938 0.31096593 0.57962602 12300457
-0.059731908 0.30977884 0.58051556 12037283
-0.24540311 0.31744352 0.57694465 11181203
-0.22558719 0.31542793 0.57622093 10654859
-0.2204954 0.31632879 0.5795632 12564397
-0.20922881 0.31725386 0.5798313 11511453
-0.18856153 0.31765226 0.58040828 11116433
-0.039248072 0.3147724 0.58048016 11444372
0.060540881 0.31896368 0.58042485 11312015
0.070201181 0.31718293 0.58021885 13022632
0.070717037 0.31947389 0.57961911 12037023
0.079814389 0.3160688 0.58006614 12233373
0.089018404 0.3147327 0.57950038 12825768
0.10120724 0.31492892 0.57919377 12036508
0.11172348 0.31628123 0.57986516 12101788
0.12129672 0.31838921 0.57996541 12102045
-0.25561517 0.32134619 0.58039683 10786698
-0.24612373 0.32383671 0.57967359 11774365
-0.24014893 0.32095996 0.57981378 11510938
-0.020233506 0.32189718 0.57919937 12037283
0.061913501 0.32198063 0.57907039 11839901
0.079141095 0.31995156 0.57746202 12037281
0.088426597 0.32009163 0.5788216 11839904
0.13089804 0.32016411 0.5800404 11905436
0.14054009 0.32305017 0.58020192 11971230
-0.26651531 0.32871392 0.57780164 11774363
-0.25870585 0.32872942 0.58013076 11905694
-0.25014517 0.32563797 0.57919484 11839902
-0.0086525176 0.32507744 0.57780749 11642525
7.611364e-05 0.32755223 0.57744509 11180948
0.014245955 0.32475582 0.57905155 12365730
0.025995133 0.32859483 0.57612878 11378583
0.052337352 0.32644585 0.57923239 12432295
0.10830804 0.32502165 0.57674211 11379610
0.13190782 0.32967845 0.58057576 11314075
0.15264909 0.32696298 0.57962447 11905183
0.15995669 0.32926622 0.58056015 12432298
-0.28224406 0.33162525 0.57966715 11247511
-0.27193207 0.32974353 0.57909852 11115663
-0.26949808 0.33273283 0.58050889 12169638
0.010366356 0.32989755 0.57675725 11049105
0.021961806 0.32975033 0.58023888 10983825
0.14284207 0.33118525 0.57891899 11774369
0.15475464 0.33276132 0.57623237 12432041
0.20358697 0.33224848 0.58009034 12037283
-0.28226793 0.3366479 0.5802471 11840931
0.18197881 0.33570388 0.58010799 11444887
0.21511151 0.33570412 0.57812268 11774111
0.22691391 0.33966628 0.57683367 11510940
-0.31143731 0.34302476 0.57898825 11050388
-0.30306917 0.33982447 0.57605106 11576988
0.35331386 0.34448305 0.57720822 12103076
0.35928538 0.3433291 0.58011729 12037026
0.3706407 0.34422556 0.57758838 12365734
0.38336083 0.34364143 0.58017796 12562596
0.39109537 0.34363893 0.58053225 12365731
0.24302904 0.34601834 0.58022732 12891819
0.26105034 0.34876147 0.57725185 12432043
0.28836465 0.34798041 0.57857031 11707802
0.2987304 0.3470563 0.57747012 12036767
0.30974486 0.34586421 0.5788942 11905181
0.32080278 0.34566072 0.57880384 13155248
0.32753038 0.34668043 0.57576472 12629421
0.33594644 0.34560159 0.57575852 12234664
0.36918417 0.34631231 0.58048373 12628390
0.37721691 0.34564331 0.5803768 12496804
0.38056225 0.34692565 0.57601565 12168869
0.38803363 0.34866622 0.5784623 12169383
0.39512566 0.34563771 0.57699484 12299939
0.40259644 0.34563544 0.57973868 12036768
0.41163385 0.34652141 0.58021253 12234147
0.42170787 0.34785154 0.58024746 11970719
-0.31885189 0.35219386 0.5783096 11248021
0.43052199 0.35079351 0.58041948 11378583
-0.30808356 0.35965589 0.58018821 11116694
-0.30204982 0.35485414 0.575854 11050902
0.44203839 0.35682335 0.58015794 11247513
-0.3231765 0.36129656 0.57657737 10919056
-0.32677659 0.36631837 0.57968956 10129540
-0.31198356 0.36585715 0.57670861 11050390
0.42685565 0.36571649 0.58049995 11050137
0.45528218 0.36561909 0.57976443 10655632
-0.33004922 0.3718845 0.57751709 10326919
-0.33568063 0.37810555 0.58046168 9076082
-0.32154217 0.37536016 0.57911736 10064261
0.51216829 0.37710133 0.57943374 3415570
-0.35497546 0.38275841 0.57885557 9471611
-0.34753817 0.38347057 0.57904154 9536890
-0.33920959 0.38128617 0.57739359 9471354
0.48717862 0.38123861 0.58038837 6112573
-0.33152813 0.38586321 0.5782724 10327433
0.53165895 0.38759533 0.57859558 3283984
0.53960437 0.3917928 0.5802061 3415055
-0.35868144 0.39687172 0.57586437 11512480
-0.35126746 0.39486936 0.57567555 11183001
0.54242301 0.39809194 0.57661337 3348749
0.54977834 0.40192321 0.58023638 4138006
-0.39974284 0.40538433 0.57758123 10066586
-0.38852447 0.40488091 0.57662088 11513001
0.55430472 0.40958837 0.57908398 3940113
-0.39951849 0.41328445 0.57883769 10392972
0.56242383 0.41958585 0.5797829 4924954
-0.42811874 0.45562986 0.57829803 10658716
-0.12252144 0.30926302 0.58164805 10523272
-0.11398969 0.30942944 0.58239669 10852493
-0.10444989 0.30897322 0.58140963 10984592
-0.088112347 0.30845442 0.58060223 12300709
-0.24556726 0.3141785 0.58263963 11575961
-0.22664139 0.31147185 0.58153921 11050645
-0.21829265 0.31286731 0.58287948 11840675
-0.21189493 0.31260839 0.58337837 11247766
-0.20339385 0.31183115 0.58211821 10326149
-0.19446775 0.31080082 0.58281976 10786700
-0.18526024 0.31014827 0.58168226 10391943
-0.17521936 0.3120071 0.58207136 11510680
-0.16816771 0.31192365 0.58141762 10655371
-0.1584633 0.31114283 0.58129102 11378835
-0.14881584 0.31058422 0.58118206 10918028
-0.13921851 0.31024793 0.58109039 11773594
-0.12960504 0.30980042 0.58099085 11773595
-0.12007714 0.30979756 0.58092624 11642009
-0.11060617 0.310128 0.58088726 11378837
-0.099488117 0.31012455 0.58081204 12300197
-0.060072847 0.31198159 0.58459884 11642525
-0.051165007 0.31312791 0.58307368 11905439
-0.044318981 0.31377414 0.58391136 11904668
0.092649989 0.3137317 0.58298105 13023147
0.097427979 0.31373015 0.58294851 12957354
-0.23013139 0.31783178 0.58070248 12366505
-0.1987789 0.31828359 0.58089405 11050898
-0.1793215 0.31510165 0.5812878 11379606
-0.042424791 0.31645456 0.58407503 11708060
-0.037290312 0.31812885 0.58107668 10919057
-0.030708456 0.31952682 0.58130139 10984082
-0.028523976 0.31476906 0.58069724 12036766
-0.018960977 0.3147662 0.58063239 12169123
-0.0094817299 0.31565204 0.58063716 11971745
-0.00026722401 0.31964937 0.58088893 12037282
-0.012545193 0.32315043 0.58391732 11774113
0.0094446 0.32264629 0.58177155 11971230
0.042700868 0.32341388 0.58089358 12760234
0.052556571 0.32291499 0.58176428 12563368
0.093031369 0.32000354 0.58113605 11642525
0.10107454 0.32079509 0.58337444 11379354
0.11089367 0.32329252 0.58431357 12300457
0.14826897 0.3245143 0.58090812 11970719
-0.28347158 0.32931355 0.58434898 11774111
-0.27460235 0.32824984 0.58350986 10984079
-0.26448458 0.32641509 0.58256549 10721162
0.01135437 0.32837608 0.58509678 11115410
0.02107822 0.32751217 0.58326501 11707801
0.031198097 0.32742324 0.58227831 11839902
0.037808206 0.32474855 0.58103234 11970974
0.043099735 0.32703367 0.58324438 11510937
0.12238804 0.32749656 0.5816614 11972006
-0.29578739 0.33310476 0.58195812 11115922
-0.27707779 0.33384636 0.58145422 12301481
0.15823644 0.3320711 0.58388358 12563627
0.16496617 0.33159688 0.58516377 12037283
0.16971596 0.33192983 0.58070403 12432298
0.1775378 0.33370534 0.58143681 12102818
0.18446162 0.33214524 0.58380932 12365992
0.19420435 0.33119932 0.58183378 12103076
-0.30459535 0.33609846 0.58408827 11379607
0.18931091 0.33659044 0.58093768 11839132
0.19903345 0.33669868 0.58087999 12628904
0.21038145 0.33686188 0.58081573 12827053
0.22183834 0.3384693 0.58086377 11839388
-0.28971019 0.34101704 0.581276 12169895
0.23232213 0.34135357 0.5832693 11773597
0.23928559 0.34327343 0.58389765 12563112
0.24704871 0.3445355 0.58307225 12300457
0.29928678 0.34445575 0.58549255 12102561
0.30799332 0.34350589 0.58555156 13089457
0.31094289 0.34366384 0.58311158 12234146
0.3190816 0.34366134 0.58305627 13221041
0.32853225 0.3444232 0.58467919 12695213
0.39802158 0.3436369 0.58170611 12036766
-0.29851297 0.34868625 0.58191997 11972259
0.25188833 0.34768239 0.58138329 12694697
0.25730753 0.34643522 0.58197623 12629422
0.26177222 0.34856787 0.5813871 12563111
0.26952845 0.34855738 0.58194035 11642269
0.27828065 0.34859982 0.58098477 11971230
0.29130796 0.34967008 0.58127278 12233890
0.30077288 0.34700051 0.58099943 12563111
0.31838006 0.34473148 0.58373433 12892592
0.33004478 0.34632459 0.58074909 12497060
0.33900234 0.34618536 0.5822311 12497319
0.34927464 0.34694496 0.58128625 12694441
0.3598541 0.34898189 0.58075672 12496548
0.39043087 0.3493059 0.58541018 12234664
0.27171633 0.34989837 0.58142346 13155247
0.28161392 0.35067323 0.58141726 12102303
0.39116347 0.35003391 0.58535033 12168871
0.39832434 0.3522878 0.58428353 12103078
0.43700343 0.3541247 0.58145779 11576476
-0.32404035 0.35879079 0.58556002 10721677
0.40821028 0.35718825 0.58299905 12037285
0.41690022 0.36085919 0.58180112 11181979
0.45011428 0.36162069 0.58160919 10326924
0.43596745 0.36882141 0.58292335 11379357
0.47001868 0.36901453 0.58191258 5454901
0.48065144 0.36781135 0.58141559 3874069
0.49069953 0.36823311 0.58137983 3809045
-0.31740567 0.37010887 0.58119446 10590350
0.50016248 0.37110522 0.58112711 2757642
-0.37968323 0.37712434 0.58267432 11116952
-0.36988533 0.37727597 0.58206183 10590865
0.49427372 0.378544 0.58114022 8418670
-0.3593412 0.38061062 0.58209556 9800832
-0.32810694 0.38146225 0.581945 9998468
0.46828273 0.38299707 0.58114463 4335394
0.47719854 0.38298419 0.58081979 4532511
0.52880996 0.38219622 0.58289069 3152654
-0.39146215 0.38813344 0.58082551 10853523
-0.36925355 0.38962486 0.58257455 12039082
-0.33899808 0.3883101 0.58185571 10195848
-0.35989624 0.39053872 0.58215851 11512480
-0.34994847 0.39098004 0.58212572 10919572
0.54651052 0.39459077 0.58307678 4467229
-0.39788771 0.4017345 0.58261067 10065553
-0.39027905 0.40030995 0.58066851 10723231
-0.40316626 0.41458133 0.58492047 10261899
0.55917984 0.41058686 0.58310884 4597273
0.5660888 0.41458467 0.58451527 5386016
-0.40554366 0.42272678 0.58219296 10327692
-0.41362175 0.43320182 0.58413476 10328462
-0.41709265 0.43899134 0.5853464 10460306
-0.42090043 0.44529513 0.58497864 10460307
-0.42483631 0.45121685 0.58485299 10395028
-0.24503869 0.30954304 0.59040099 11642011
-0.23592418 0.30824843 0.5888291 12234406
-0.22589433 0.30831674 0.58773524 11313819
-0.21427283 0.309459 0.58640486 10852495
-0.2046541 0.30885783 0.58777219 10655114
-0.19754279 0.30903974 0.58733171 10523528
-0.18239936 0.30703035 0.5867663 10260102
-0.17375681 0.30730858 0.58776075 11181458
-0.16554976 0.30622616 0.58706421 10852493
-0.15975183 0.30790094 0.59027106 11181713
-0.15429401 0.30567661 0.58802193 11180944
-0.14337301 0.3059887 0.58648306 11312786
-0.13889727 0.30891445 0.59050494 11510422
-0.13420242 0.30734435 0.58653575 11049871
-0.12767126 0.3086125 0.58808142 11247250
-0.11963689 0.30768648 0.59027058 12102559
-0.1176912 0.30839732 0.58577996 11444374
-0.11080886 0.30900374 0.58960897 11971487
-0.10022535 0.3091915 0.58994943 11840158
-0.088997386 0.30715171 0.59030598 11708059
-0.081612326 0.30872229 0.58852869 11445404
-0.078250505 0.30656245 0.58989459 12432041
-0.072221808 0.30957595 0.58808309 11774370
-0.068649583 0.30589274 0.5897724 12169126
-0.059460066 0.30822316 0.58990818 12234916
-0.065041028 0.31063011 0.58762652 11774112
-0.050280683 0.31088713 0.59007508 12365988
0.091100596 0.31373218 0.58936244 13219500
0.10065658 0.31372908 0.58929747 11904153
-0.25672275 0.31949034 0.58748108 11115663
-0.22292814 0.3148295 0.58839339 11972258
-0.19916859 0.31548861 0.58935004 11708570
-0.18976778 0.31481925 0.58944327 11642777
-0.18148848 0.31481662 0.58811194 12432809
-0.037241332 0.31477192 0.58792907 11904924
-0.028009811 0.31476894 0.58934623 11444887
-0.018896023 0.3147662 0.59019524 12695470
-0.0093954075 0.31542984 0.59018773 12629677
-0.00017292946 0.31931606 0.59045762 12366248
0.070250131 0.31762758 0.58983725 12693666
0.072501399 0.31747583 0.58834523 11773852
0.079892933 0.31562439 0.58959967 12824996
0.081893168 0.31713429 0.58643025 12629420
0.086296864 0.31473354 0.5894807 12035736
0.090477996 0.31770149 0.58636886 11576733
0.09783534 0.31865373 0.5882172 11642526
0.11018269 0.31472614 0.58613068 13352627
0.12293561 0.31672218 0.58621043 11773593
0.13134263 0.31771949 0.58903116 12497316
-0.24766266 0.32383731 0.58931059 11774622
-0.020572999 0.32021526 0.59012157 11905699
-0.011309603 0.32279745 0.58991736 11642527
0.0099010151 0.32125714 0.59023422 11839389
0.052332986 0.32254437 0.59013456 12168609
0.061299685 0.32017031 0.59023315 12036763
0.14057562 0.32093897 0.58964401 11971230
0.14933507 0.32414249 0.59031779 12234661
-0.25848719 0.32817391 0.58974487 11971744
-0.25114271 0.32483831 0.58941752 11642779
-0.0043271794 0.32512596 0.58860952 11642525
0.002412355 0.3270171 0.58732527 11576732
0.02244751 0.32475331 0.58884364 12299939
0.031429723 0.32475057 0.58749789 11970974
0.039086025 0.32619122 0.58829147 12234403
0.11906239 0.32512239 0.58611196 11445148
0.13405208 0.3271468 0.58897012 11642782
0.14500929 0.32925072 0.58904332 12432041
0.15350728 0.32671276 0.58844334 13418938
0.15999171 0.32815519 0.59012944 12564141
-0.30244684 0.33277979 0.5882476 11642778
-0.29269439 0.32987824 0.58603519 11247508
-0.26899177 0.33117726 0.59006518 11709085
0.15334 0.33061293 0.58640832 12563627
0.16977809 0.33181885 0.59037715 12169638
0.174008 0.33215609 0.58584791 12102819
0.20646356 0.33346429 0.58918732 10853266
-0.28326932 0.33584824 0.58893305 12367273
0.18176588 0.335704 0.58847159 11708315
0.18975385 0.33607665 0.59020215 12300709
0.19908127 0.33636537 0.59056848 12432552
0.21039875 0.33611181 0.5904699 12629417
0.21774049 0.3366088 0.58730036 12628650
0.22179845 0.33702496 0.59047109 12299939
0.2259714 0.3389546 0.58747917 12826543
-0.31253988 0.34041849 0.58744282 11247765
0.31017876 0.3436642 0.59044188 12760490
0.31994519 0.34366122 0.59037548 13089453
0.35778734 0.34420148 0.5895943 12102306
0.36936933 0.34424391 0.58818406 12431528
0.38342717 0.34364143 0.58994442 12167840
0.39156589 0.34363869 0.58988911 12891822
0.39970461 0.3436363 0.5898338 12036513
-0.31760913 0.34569469 0.5887168 11642779
0.24414523 0.34568468 0.58888811 13417905
0.2663092 0.34685054 0.58661622 12103076
0.27202499 0.34729543 0.58909577 12037537
0.27891296 0.34631482 0.58888787 12234916
0.28910762 0.34576336 0.5875172 11905437
0.29739827 0.34566811 0.58906978 12957869
0.33007824 0.34610239 0.59051627 12957610
0.34012327 0.34776607 0.59059137 12957354
0.35997787 0.34931543 0.59058911 13023147
0.36940813 0.34720126 0.59034532 12891561
0.37877744 0.34570912 0.58888406 12365734
0.40499473 0.34563473 0.5899691 11904927
0.41160834 0.346077 0.58996195 12233891
0.42155901 0.34685162 0.58996159 12299685
0.43022004 0.34912696 0.59009737 11444378
-0.32112554 0.35176459 0.58794945 11511194
-0.30463362 0.35285488 0.58883518 11840418
0.43750927 0.35245803 0.59033233 11379612
-0.3099969 0.35814229 0.59023756 11511707
0.44314823 0.3556228 0.59056574 10919061
-0.327874 0.36412326 0.58852798 10655114
-0.32015264 0.36935976 0.59027678 10722704
0.43501544 0.36658838 0.58847779 11707297
0.46360564 0.36561647 0.58797556 7166805
0.47021952 0.36561444 0.58793074 3611670
0.49502158 0.3656067 0.58776218 3480849
0.50178862 0.36610475 0.59051412 2757384
-0.37930727 0.37420478 0.58823663 11117209
-0.33170161 0.37020841 0.5873571 8812140
0.44479626 0.37116614 0.58722991 7034966
-0.33771402 0.37568548 0.58812839 9207155
0.46495584 0.37782684 0.58626467 5190700
0.47663194 0.37579539 0.58778411 4598815
0.4869338 0.37570718 0.58595902 5521206
-0.34660488 0.38137439 0.58600503 9537144
-0.39408934 0.385672 0.58904046 11314074
-0.37170434 0.38587561 0.58860689 12433840
-0.35493577 0.38587049 0.58849305 11775140
-0.34838581 0.38636842 0.5893262 10590351
-0.34000546 0.3863658 0.58843094 11116695
0.54345822 0.38792494 0.58705181 3941142
-0.39527935 0.39238492 0.58577448 11247768
-0.3865853 0.39321378 0.58928269 11513001
-0.39841187 0.39955059 0.58986014 9803414
-0.39071727 0.39688161 0.5862208 10525853
0.55326158 0.39825538 0.58782905 3808528
-0.40542284 0.40488616 0.59032887 9540755
-0.4006553 0.40640739 0.58682376 10261643
0.56213081 0.40708604 0.58735698 5254176
-0.41009066 0.42627969 0.58591944 10196619
-0.42877004 0.45729604 0.58578533 10263701
-0.43346617 0.46228436 0.58887976 10592925
-0.16474789 0.30447009 0.59247428 11115409
-0.20319438 0.30644718 0.5948624 11049873
-0.1941618 0.30629912 0.59371275 11115665
-0.18506205 0.30630949 0.592089 10654860
-0.17534223 0.305334 0.59241158 10851981
-0.17078197 0.30959108 0.5907777 11050898
-0.14883021 0.30780652 0.59079391 11642778
-0.12277969 0.307951 0.59431845 11115922
-0.1125701 0.30773345 0.5941053 11840158
-0.10249697 0.30813017 0.59146494 11510681
-0.092075236 0.30817619 0.59073871 11642781
-0.25454864 0.31414858 0.59160811 11247251
-0.22581762 0.31383052 0.59470075 12102560
-0.21894315 0.31332842 0.5918228 12169123
-0.20975041 0.31315866 0.5913474 12432038
-0.20113674 0.3138229 0.59373671 12169121
-0.18987465 0.31331936 0.59361619 11248533
-0.18046704 0.31238785 0.59199244 11511705
-0.057461105 0.31108025 0.59266943 11642009
-0.050447144 0.31280008 0.59436435 11445145
-0.040653698 0.31352308 0.59143001 12168353
-0.029920125 0.31376973 0.59337002 11707548
0.1115421 0.31299856 0.59205312 12892074
0.12106019 0.31442299 0.59176785 12299937
0.12776898 0.31472066 0.59398061 12563109
-0.23016801 0.31670681 0.59139234 11839901
-0.040148549 0.31576219 0.59277421 11576474
-0.033383764 0.31729856 0.5941667 11905697
-0.02883848 0.31833401 0.59106606 11510684
-0.26398486 0.32307675 0.59181267 11247762
-0.24044308 0.3208349 0.59061283 12432039
0.019257231 0.32342115 0.59281629 12299939
0.031527936 0.32375064 0.5922274 12299939
0.041618932 0.32249764 0.59084743 12760490
0.11205918 0.32078138 0.59291238 12037540
0.12158978 0.32380965 0.59209818 11905954
-0.29287905 0.32744816 0.59503716 11444629
-0.28290433 0.32684639 0.59469312 11773851
-0.27354419 0.32626346 0.59262341 10918798
0.01244097 0.32607904 0.59549695 11445144
0.021981953 0.32705393 0.59456104 11905694
0.033070363 0.32692578 0.59375507 12695467
0.044296119 0.32606676 0.59182316 12366502
0.12918074 0.32482484 0.59399492 11905697
-0.27835014 0.33327523 0.59076542 11906722
0.16868351 0.33084777 0.59518641 12103076
0.17727856 0.33273986 0.59354466 12103588
0.18602556 0.33279482 0.59343916 12103588
0.1968129 0.33236149 0.59210414 12761263
-0.28890407 0.33851674 0.59081143 12893617
0.21170825 0.33545771 0.59246236 12496551
0.23172207 0.33957735 0.59062248 13352112
-0.29526404 0.34351876 0.59127039 12170151
0.23437305 0.34071305 0.59208399 12497834
0.23956288 0.34251431 0.59542817 12826799
0.2407217 0.343519 0.59198421 12957354
0.24874675 0.34364763 0.59311968 13221557
0.25839382 0.34454289 0.59139377 12300455
0.29071462 0.34367421 0.59231693 12168611
0.2985768 0.34233156 0.59073251 12760236
0.30134559 0.34366694 0.59096712 13089455
0.31163046 0.34222665 0.59540886 13484473
0.31857485 0.3422462 0.59414297 12826287
0.32805288 0.34275451 0.59318 12891823
0.33982405 0.34375897 0.59328979 12694443
-0.30143225 0.34885398 0.59241015 11840418
0.25182992 0.34634891 0.59106606 12694438
0.26167092 0.34690133 0.59104675 12826281
0.26916707 0.3456842 0.59299034 12168868
0.271579 0.34800938 0.59107357 12826281
0.27931339 0.34503499 0.59367901 12695467
0.28134984 0.34778419 0.59098798 11970460
0.29103661 0.34689239 0.59084648 13023406
0.35008442 0.3470296 0.59145921 12825770
0.36052418 0.34478346 0.59156543 12562857
0.40034121 0.35167065 0.59487647 11839906
0.4092558 0.35560408 0.59372383 11839906
0.41746098 0.35879353 0.5926159 11511199
0.42693061 0.36317149 0.59141165 11576994
0.43405911 0.36435547 0.5940147 11575712
0.45086196 0.36050943 0.59093124 9997702
0.46092501 0.36318877 0.59203595 6245189
0.47169945 0.36289981 0.59193772 3545877
0.48076782 0.36150017 0.59081119 4137238
0.49050954 0.36248317 0.59124321 4071957
0.49949136 0.36360541 0.59417015 2625797
0.49471626 0.3690882 0.59148961 8943216
0.51015484 0.36903051 0.59078449 2955020
-0.37812364 0.37255827 0.59401315 11709346
-0.36989999 0.37313071 0.59361345 10721680
0.45975745 0.37444225 0.59060735 4796457
0.4669835 0.37422517 0.59184021 4269593
0.47732586 0.37285998 0.59240681 4795422
0.48710412 0.36995366 0.59354371 5322799
-0.36589247 0.37489501 0.59120244 10063750
-0.35747761 0.37793186 0.59065264 9865340
-0.34599805 0.37867406 0.59075934 10194304
-0.33023182 0.3790057 0.59064549 11117462
-0.3696419 0.38320842 0.59284705 12236462
-0.36034724 0.38209429 0.59157616 12170668
-0.35115868 0.38266924 0.59356946 11117210
-0.34035861 0.38236597 0.59313613 10854036
0.53894407 0.38146821 0.59128994 3743764
-0.39840621 0.39221135 0.59434408 11248279
0.5500806 0.39125648 0.59176928 3545871
-0.40467462 0.40288594 0.59356028 9540755
-0.40425143 0.40438917 0.59541017 10458764
0.56004739 0.40008655 0.59188527 5056798
0.56650507 0.40458456 0.59222251 5188383
0.57029676 0.40958336 0.59091073 5320224
-0.40691498 0.41247049 0.59313029 10130313
-0.41341266 0.42448178 0.59408027 10328464
-0.41801628 0.43578199 0.59488863 10394257
-0.42093262 0.44347134 0.59487206 10328207
-0.42381856 0.45013598 0.59547061 10262415
-0.42759147 0.4584085 0.59547025 9999757
-0.43163499 0.46105435 0.59381801 10460565
-0.16451403 0.30349687 0.60016495 11642010
-0.24601972 0.30818263 0.60002881 11313044
-0.24071831 0.3057628 0.59978813 12299942
-0.23317039 0.30590823 0.59620577 12102819
-0.22397441 0.30544916 0.59668344 11181205
-0.21409824 0.3055369 0.59642094 11181204
-0.17999578 0.30848292 0.60026437 11577500
-0.17032871 0.30593827 0.59956783 11840415
-0.16110712 0.3053104 0.59747046 11971743
-0.15266678 0.304876 0.59766632 10720394
-0.14932328 0.30580655 0.59917647 11905951
-0.14387882 0.30567053 0.59727472 11575444
-0.13888618 0.30590335 0.60006434 10918799
-0.13364311 0.30686167 0.59601206 11180944
-0.12888014 0.30657807 0.59974283 11707289
-0.11941455 0.3067973 0.59970063 11444373
-0.11003996 0.30757228 0.59970874 12234658
-0.10089604 0.30755845 0.59915954 11050384
-0.090177514 0.30703309 0.59991533 11774623
-0.089336015 0.30695465 0.59951156 11774106
-0.080505796 0.30683437 0.59919184 11511196
-0.07850083 0.30658475 0.60003704 12234919
-0.072061427 0.30732837 0.59769005 11971747
-0.068711318 0.3067818 0.59935623 12629418
-0.061401792 0.30970708 0.59685224 11905952
-0.059292533 0.30744532 0.59935397 12629160
-0.22579598 0.31383052 0.59788603 10786700
-0.18989649 0.31015268 0.60048658 11774877
-0.050075345 0.30977598 0.59950668 12102560
-0.04012797 0.31157294 0.59928733 12497833
-0.02930809 0.31258777 0.59991509 11773853
0.099158294 0.31256297 0.60034543 12168095
-0.26061267 0.31822446 0.59616393 10655884
-0.025418172 0.3176606 0.60030538 12695728
-0.01857982 0.31661907 0.59890705 12629676
-0.009309629 0.31520763 0.59973413 12432297
-1.9693374e-05 0.31831601 0.59995848 11971490
0.009458622 0.31964627 0.60001808 12695211
0.070323274 0.31740525 0.59939903 12035994
0.071874931 0.31701544 0.59810108 12036767
0.079692692 0.31509927 0.60028142 12299423
0.081769049 0.31497398 0.59760267 12365734
0.086361825 0.31473354 0.59904367 13088940
0.090544537 0.31493095 0.59656543 12234662
0.10186854 0.31680444 0.59582466 12432298
0.13356328 0.31691888 0.59956485 12760489
-0.26616031 0.32173279 0.59979492 11115921
-0.0082097147 0.32142642 0.59860128 11511452
0.0020309002 0.32380715 0.59793431 11906209
0.020530177 0.32133725 0.60009974 12694954
0.031735145 0.32141736 0.60003144 11904669
0.041363884 0.32108095 0.59993535 12496806
0.051005337 0.32041124 0.59980851 11970458
0.061279755 0.31980911 0.59982306 11773079
0.14996998 0.32271376 0.59999198 12694697
-0.25859484 0.32734075 0.59892505 11840415
0.13761155 0.32565942 0.59683734 12497834
0.14634469 0.32661381 0.59744483 13024178
0.1584533 0.32773772 0.59794146 12563626
0.16440861 0.32938448 0.5968855 11840161
0.16974218 0.32892981 0.59979349 12300966
-0.30867678 0.33400682 0.59799749 11445144
-0.30228525 0.33094552 0.59616739 12300709
-0.27796113 0.33213237 0.59942919 12169637
-0.26864254 0.3301771 0.5996514 12103587
0.17950688 0.33137134 0.59995228 12498345
0.18922997 0.3322573 0.59996849 12498088
-0.31288719 0.33841565 0.59702533 11444630
0.20070569 0.33569804 0.59697467 12761260
0.20914717 0.33557048 0.59979111 12432041
0.21169433 0.3356947 0.59977752 12431782
0.21676086 0.33694294 0.59849232 13155763
0.22182418 0.33646932 0.60014004 12431524
0.22747619 0.33934179 0.59670705 13023921
0.23161978 0.33746639 0.60016555 12496803
-0.31826258 0.34445015 0.59790164 11312787
0.2416303 0.34079662 0.60040528 12891561
0.29018414 0.3437337 0.59947389 12497834
0.30018413 0.34224656 0.59749931 12300455
0.30047864 0.34366718 0.60027462 12563111
0.30888438 0.34259549 0.59814793 13089200
0.31805384 0.34366181 0.59950429 12957612
0.3834714 0.34364143 0.5964554 11773082
0.39161012 0.34363893 0.59639996 13089198
0.39812109 0.3436369 0.59635586 11773341
0.25507149 0.34568122 0.59750801 12563109
0.26271045 0.34584549 0.59964472 12563109
0.27012128 0.34520128 0.60048121 12300455
0.27184016 0.34605101 0.60028106 12431523
0.29098195 0.34589222 0.60054475 12892075
0.33032796 0.34732452 0.60041255 13483699
0.35753256 0.34548643 0.59999567 12693930
0.36514997 0.34552279 0.60045224 12102049
0.36975139 0.34875658 0.60027832 12365475
0.37225878 0.34544459 0.59918183 12497321
0.37875873 0.34664276 0.60042959 12233890
0.38211998 0.34632388 0.59679919 12694957
0.39238793 0.34962788 0.59697729 11839906
0.40153256 0.34608033 0.60054034 12364964
0.41140538 0.34675756 0.59940368 12233890
0.42024064 0.34800497 0.59986788 12365732
-0.32273507 0.3513054 0.59794313 11246994
0.340556 0.35009924 0.60060078 12430241
0.360367 0.35120407 0.60056859 12232862
0.42947704 0.35100225 0.60049158 11773342
0.437507 0.35362473 0.59961504 10523532
-0.32690293 0.35702506 0.59874135 10654344
0.41914827 0.35870424 0.59971923 11708320
0.47995737 0.3580561 0.60039109 4334359
0.49020568 0.35949722 0.60045534 4203286
-0.33047783 0.3635805 0.59754092 9206385
-0.31832695 0.36285916 0.6004613 11840672
0.43533513 0.364288 0.59938663 9996934
-0.32238513 0.36786047 0.59844762 11643294
0.46891189 0.3687872 0.59782952 4335126
0.47779638 0.3694357 0.59826618 5913644
0.49958453 0.36704937 0.59804481 9009524
-0.33819282 0.37168375 0.59631771 9666936
0.45821702 0.36989442 0.59666497 3809045
-0.35680631 0.37503067 0.59953231 10391684
-0.34734917 0.37522545 0.59815139 10588806
-0.33898574 0.37699059 0.60060006 11182488
-0.33156431 0.37586322 0.59753996 11050902
-0.3947081 0.38413742 0.59589082 11445914
0.55073434 0.38858941 0.59854084 4005909
-0.40147725 0.39620784 0.5970903 11313816
-0.39497894 0.39488295 0.59959692 11249829
0.56056577 0.39883652 0.59939462 4728604
0.56624484 0.40358463 0.59893292 4662554
-0.4108077 0.41564849 0.59694988 10196621
-0.41693017 0.42893246 0.59943599 10591636
-0.43341628 0.46565714 0.59645051 10329495
-0.23518533 0.30464676 0.60063916 11575962
-0.22841987 0.30452588 0.60125893 12365220
-0.22153905 0.30431595 0.60400039 10654347
-0.21435127 0.30394211 0.60383207 11707549
-0.20317841 0.30421117 0.60426039 10786447
-0.1930865 0.30292979 0.60401791 11115668
-0.18386573 0.3030428 0.60288471 10655117
-0.17499763 0.3024992 0.60133189 10918543
-0.16628906 0.30381206 0.60290331 12103330
-0.15752542 0.30367711 0.60109955 11379094
-0.15364131 0.30380812 0.60281748 11248021
-0.14089024 0.3044571 0.60540837 10918286
-0.12184872 0.30534402 0.60438496 11313044
-0.11175948 0.30594817 0.60318893 11510422
-0.10103554 0.30631533 0.60192794 10589321
-0.089818202 0.30609384 0.6051994 12432809
-0.25394785 0.31252506 0.60128409 11773851
-0.21901542 0.3122727 0.60088187 11773339
-0.2091181 0.31082538 0.60068041 12036766
-0.1996094 0.31093362 0.60062546 11313813
-0.046544738 0.31224635 0.60426682 10786703
-0.039817713 0.31454185 0.60304278 11379097
-0.019508297 0.31376651 0.6020593 12036511
0.083245479 0.31373456 0.60534316 12168351
0.090658382 0.31328765 0.60100287 13418162
0.11031984 0.31114259 0.60172778 12957867
0.12144975 0.3123894 0.60177094 12431523
0.12941536 0.31438687 0.60190696 13023661
-0.26250792 0.31799594 0.60288566 11379093
-0.23000079 0.31633177 0.60172909 10918286
-0.030789638 0.3157039 0.60326463 12695727
-0.021283427 0.31686702 0.6040712 12366762
0.10219586 0.31628266 0.60506541 12431782
0.1095781 0.31818643 0.60380644 12234660
0.11451815 0.31944397 0.6029616 12300454
0.14063013 0.31938341 0.60070568 11904668
-0.27213946 0.32300988 0.60317045 11115920
-0.24811405 0.32343748 0.60146934 12365731
-0.24024972 0.32039061 0.60177571 12036766
0.014260991 0.3238664 0.60526806 11510936
0.044325296 0.32400051 0.60207933 11181970
0.052003745 0.32285634 0.60069352 11575957
0.12435479 0.32257286 0.60092181 12234662
0.13440946 0.32363001 0.60196573 12300455
0.14873753 0.32462266 0.60511869 12629934
0.15676977 0.32471171 0.60270268 12892846
-0.2922675 0.32727173 0.60532051 11510934
-0.28115636 0.32538202 0.6043064 11378836
-0.2523486 0.32483855 0.60098594 12037023
0.023855394 0.32514837 0.60458201 11774108
0.034149759 0.32526174 0.602997 12037280
0.17822365 0.33126512 0.60294193 12432555
0.1862765 0.33107761 0.60365933 12432555
0.19821653 0.33317676 0.60107309 12366504
0.20677596 0.3341929 0.60133153 12497832
-0.31416893 0.33792952 0.60329741 12300709
-0.29004028 0.33847538 0.60095066 12169637
-0.28318137 0.33584824 0.60188013 12367016
-0.29736802 0.34351936 0.60105079 12038051
0.24139467 0.34247163 0.60478622 12432041
0.25136536 0.34341875 0.60200292 12168610
0.25925723 0.34367993 0.60272521 12694695
0.26794589 0.34367731 0.60375136 12563109
0.32194558 0.34311011 0.60429853 12826029
0.3315669 0.34344175 0.6026141 12628394
0.34162405 0.34446409 0.60164505 12759979
-0.30213901 0.34760419 0.60063487 12169637
0.26111549 0.34479704 0.60139471 11642525
0.28021985 0.34519902 0.60144025 13024178
0.28125137 0.34633985 0.60065144 12168095
0.3227838 0.34591022 0.60114723 13023405
0.34986889 0.34492305 0.6012997 12825773
0.38975647 0.34592512 0.60127801 12825515
-0.30771902 0.35252252 0.60193199 11643293
0.35065746 0.35187367 0.60069591 12429727
0.39086428 0.35021952 0.60370821 11642527
0.3957181 0.3521792 0.60490912 11839906
0.40304393 0.35362938 0.60441202 12366250
-0.31280673 0.35835746 0.60084504 11709086
0.41283554 0.35694364 0.60247082 12497836
0.44262907 0.35662308 0.60133511 9602172
-0.33186609 0.36030009 0.60507518 10128770
0.42619604 0.36175421 0.60130876 11510943
0.45092809 0.36050943 0.60081667 8944243
0.46099809 0.36128393 0.60081881 6442824
0.47058392 0.3600587 0.60064048 3743254
0.50088948 0.3624939 0.6006611 2889225
0.50781429 0.36360279 0.60402089 3086861
-0.33668056 0.36690322 0.60095483 10588551
0.44723389 0.36472777 0.6029858 3218457
0.45603842 0.36542431 0.60342747 4006166
0.46597689 0.36503974 0.60431129 4597784
0.47798276 0.36590436 0.60349947 4729113
0.48840308 0.36594728 0.60172755 4269337
0.4970158 0.36582902 0.60405153 6441792
0.5032233 0.36671486 0.60310847 8943987
0.51176506 0.36603013 0.60091656 3284240
0.52028787 0.3694562 0.60070163 3941142
-0.37714005 0.37170401 0.60318249 11709088
-0.36639613 0.37276879 0.60282832 10589836
-0.35553724 0.37225309 0.60515434 10457221
-0.34648782 0.37023309 0.60299855 10523014
-0.32883957 0.37086251 0.60151666 11972259
0.53744859 0.37459365 0.60486394 3479053
-0.35919547 0.37887195 0.60132009 12104362
-0.34885287 0.37786868 0.60116071 11380381
0.54041839 0.37799278 0.60116249 3611409
-0.39548242 0.38341251 0.60515398 11379864
-0.37024039 0.38187531 0.60165995 12170413
0.54655731 0.38292423 0.60224491 4071959
-0.39459813 0.39388278 0.60288137 10394007
0.55660999 0.3940877 0.60152394 4334360
-0.40735945 0.40277162 0.60479194 10590092
0.57042801 0.40883341 0.60192829 4662297
-0.41396376 0.41519132 0.60534054 10788244
0.57710332 0.4165813 0.60344261 5583658
-0.42226967 0.44444981 0.60320443 10064522
-0.42338231 0.4494206 0.60495418 9932936
-0.42674896 0.45927587 0.60523719 9802120
-0.17372078 0.29950407 0.6102944 11378583
-0.23432851 0.30389634 0.60939604 11575960
-0.22418618 0.30298713 0.60879427 10918031
-0.21349943 0.30251816 0.60881943 11510170
-0.16198307 0.30162147 0.61018962 11642009
-0.1539239 0.30132571 0.60887831 11049875
-0.1423277 0.30298916 0.60956889 11839902
-0.24407774 0.30801812 0.60875875 11443602
-0.18942523 0.30837491 0.60983807 12037794
-0.1792655 0.30548266 0.60948151 11971743
-0.17278734 0.30481401 0.60937124 13155761
-0.13483754 0.30480221 0.60594898 11576986
-0.13176212 0.30474737 0.60603863 11378837
-0.12786753 0.30479994 0.60716754 12102817
-0.11778948 0.30565408 0.60908157 12234145
-0.090642266 0.30547634 0.61034089 12366502
-0.079363398 0.30547228 0.60600799 12169637
-0.07135924 0.30544558 0.60775739 11445402
-0.068635993 0.3067818 0.61044759 12103330
-0.059815355 0.30837145 0.6063078 11708319
-0.059150927 0.30694535 0.61039943 12036767
-0.049800076 0.30819252 0.61046082 12234147
-0.21917352 0.31316188 0.61051661 13024432
-0.20924267 0.31160298 0.61029464 13090225
-0.19946647 0.31060019 0.61012834 12761517
-0.051934876 0.31000295 0.60613722 11839905
0.092809454 0.31424752 0.60669833 12431269
-0.23117262 0.31523207 0.61016542 12103330
-0.016589487 0.31690565 0.60779172 11511193
-0.0072608232 0.31658903 0.60793787 12366246
-0.00012234747 0.31666043 0.61002046 12497064
0.0097047593 0.31742421 0.6093927 12365732
0.019220268 0.31830981 0.60941559 12694184
0.062800556 0.31892148 0.60966581 12299682
0.070457861 0.3158218 0.610416 13023147
0.073363438 0.31695905 0.60810059 12694441
0.083089724 0.31493619 0.60798424 12563112
0.0031941594 0.32106915 0.60726267 12234916
0.011580413 0.32227328 0.60936326 11774109
0.1373747 0.32197991 0.60962242 12366248
0.14539248 0.3225458 0.60997611 12498091
-0.26883727 0.32884386 0.6101591 11905951
-0.26098251 0.32609144 0.61047941 12497576
0.15581127 0.3256053 0.60619897 12366762
0.16327459 0.32670978 0.60606426 12037537
0.16831881 0.32719722 0.60768801 12629420
0.17795138 0.32834354 0.60875446 12826542
0.18915419 0.32936826 0.60936874 12957612
-0.31011057 0.33459833 0.60709876 11774365
-0.30093735 0.33001879 0.60638589 12103330
-0.27847067 0.33234683 0.61000401 11840158
0.19895227 0.33169881 0.60953504 13023662
0.20875916 0.33369556 0.60966843 12892076
-0.29029548 0.33818391 0.61024719 11840672
-0.28314838 0.33584824 0.60673529 12367016
0.20821737 0.33560172 0.6079275 12563627
0.21535915 0.33569363 0.60982293 12694697
0.21963641 0.33837834 0.60886723 12695213
0.22183271 0.3356916 0.60977894 12628904
0.23164083 0.33691087 0.60983378 12563110
0.24159977 0.33968547 0.61004311 13023661
-0.31867501 0.34264424 0.6084947 11642779
0.23071489 0.3402411 0.60652739 12629420
0.25148565 0.34123781 0.61013085 12957867
0.25981864 0.34334639 0.61028498 13155246
0.26799011 0.34367731 0.61026233 12497316
0.2908968 0.34371749 0.60873598 12761006
0.30029249 0.34307781 0.60816342 12958385
0.30225921 0.34364215 0.60717255 12891821
0.30920208 0.34303752 0.60656673 12759978
0.31190097 0.34292069 0.60666353 12957359
-0.32365686 0.34928933 0.60716802 10128514
0.26494056 0.34567812 0.61048228 12760488
0.27301547 0.34599462 0.61041182 12760747
0.28131783 0.34633985 0.61043829 12892074
0.29113057 0.34655908 0.6103943 12563109
0.32060206 0.34732762 0.61027223 13154735
0.33072728 0.34954682 0.61042386 12430756
0.3538484 0.34598258 0.609703 12497064
0.36303592 0.34628764 0.60885316 12102306
0.36995706 0.34953466 0.6101566 12957869
0.37222856 0.34711054 0.60903198 12431271
0.37960002 0.34864262 0.61000329 12299683
0.38277236 0.34896985 0.60680336 13220788
0.38927445 0.34797302 0.60987169 12562598
0.3996951 0.34783641 0.60946125 12167840
0.40962362 0.34963337 0.61030751 12365476
-0.32851514 0.3542631 0.60868865 10062463
0.34090027 0.35187688 0.61058646 12562083
0.3508513 0.35265163 0.61059624 12233374
0.36050904 0.35164848 0.61043006 12233374
0.41923353 0.35063043 0.60993415 11839388
0.42970988 0.353627 0.61016077 10851726
0.43647924 0.35462502 0.60857302 10588554
0.41557866 0.3583273 0.60769576 12563629
0.46044895 0.35872856 0.61045891 4204322
0.46877679 0.35694817 0.60912973 4006165
0.47937882 0.35561171 0.60673815 4465431
0.49051431 0.35627475 0.60891646 3940370
0.50009149 0.35927203 0.61024374 3349774
-0.33865112 0.3634409 0.60742301 11642009
0.42692035 0.36124209 0.60979599 9141881
0.43861842 0.3628619 0.60798377 6574671
0.44817808 0.36257687 0.60880893 3020561
0.45659566 0.36224833 0.60858518 4532250
0.46816096 0.36266175 0.61043388 4795676
-0.34690362 0.36632255 0.61010081 11181458
-0.32998958 0.36769596 0.60897118 11314329
0.50452846 0.36664572 0.60860342 8944242
0.51500922 0.36560062 0.60912257 4270363
-0.35121241 0.37511948 0.61009151 11577759
-0.34449035 0.37486735 0.6075266 11248794
-0.39967227 0.38915327 0.60875493 10853263
0.55094838 0.38625601 0.60923451 4202774
-0.40286317 0.39459887 0.60585588 10984849
-0.39455235 0.39388278 0.60962611 10591131
0.55651641 0.39358774 0.60991091 3808016
-0.41124085 0.40682045 0.60714835 10788242
0.57777208 0.41858116 0.61048418 5123878
-0.41625115 0.41998926 0.6087938 11051417
-0.41771528 0.42705098 0.60633677 10590866
-0.42055729 0.43805435 0.60565645 10064522
-0.43220726 0.46870187 0.60612792 10198165
-0.1832065 0.29881945 0.6147961 12300709
-0.19934767 0.30269232 0.61422437 11708317
-0.19306189 0.30148676 0.6129573 11116180
-0.18330014 0.30037728 0.61100942 11511194
-0.1677897 0.30368748 0.61080629 12695466
-0.15074188 0.30380741 0.61070281 12563882
-0.13072878 0.30305973 0.61290973 11905951
-0.12060941 0.30348077 0.61353332 12168353
-0.10967451 0.30419782 0.61326343 11642009
-0.099664874 0.30465272 0.61163789 11905694
-0.082270823 0.30452517 0.61106235 11971744
-0.24119341 0.30653396 0.61124557 11246737
-0.14904454 0.30480662 0.61079222 12629419
-0.10971821 0.30612782 0.61065763 11971229
-0.1003255 0.30679145 0.61066276 12102560
-0.079498611 0.305985 0.61075741 12234660
-0.051498361 0.30949822 0.61517769 12102819
-0.25235182 0.311492 0.61107486 10984077
-0.22650036 0.31383076 0.61142904 13024432
-0.044563554 0.31249645 0.61538559 10786959
-0.040532149 0.31027296 0.61060852 12497320
-0.037784107 0.31378177 0.6133582 11575960
-0.029488394 0.31095698 0.61060303 12234148
-0.018488685 0.31218269 0.6106512 12036512
-0.0097959135 0.31376329 0.61199218 12891565
0.082030132 0.31333497 0.61231786 12497060
0.089700297 0.31195465 0.61148852 12694695
0.099262148 0.31084087 0.61131054 12497317
0.11038792 0.3108094 0.6112327 12957613
0.12151351 0.31172267 0.61124998 12826283
0.13107255 0.31416407 0.6114344 12760234
0.1374727 0.31471768 0.61463553 12167840
-0.27125508 0.31857803 0.61372858 11708058
-0.26259083 0.31551114 0.61207908 11247507
-0.23956856 0.31805697 0.61113971 12366503
-0.027858356 0.3154687 0.61149603 12497831
-0.018441075 0.31613997 0.611525 11576986
-0.012292707 0.31523505 0.61458713 12300709
0.030442661 0.31793836 0.61089796 12694697
0.041576754 0.31874755 0.6109044 12497062
0.051206354 0.31799462 0.61076456 12431011
0.060828127 0.31715801 0.61061519 12035996
0.077676952 0.31473628 0.61105698 11773337
0.10584971 0.31802657 0.6142717 13023662
0.11221215 0.31859961 0.61312252 12958127
0.1167443 0.31932595 0.61233348 12300199
0.14107329 0.3173416 0.61129075 12365475
-0.28209209 0.32438961 0.61170763 10918028
-0.25712532 0.32384029 0.61344129 12431783
-0.24996701 0.32106021 0.61150986 12826797
0.018721728 0.32230702 0.61216778 10721677
0.025374426 0.32250789 0.61341316 11971487
0.03478948 0.32224455 0.61282331 11971743
0.044463951 0.32059041 0.61219603 11511191
0.0542918 0.32027915 0.6114257 11379092
0.12591676 0.32084349 0.61073989 12563371
0.15297167 0.32174483 0.61140567 12629419
0.15970629 0.32325628 0.61099833 12234146
0.16903667 0.32430795 0.61413795 13088688
0.17772883 0.32470527 0.61540514 13220528
-0.29003632 0.32670739 0.61549109 11576215
0.17732406 0.32750419 0.61507219 12892335
0.18846925 0.33082595 0.61335403 12761005
0.19968246 0.334106 0.61162215 12563626
-0.31463838 0.33731762 0.61462516 10524298
0.21112886 0.33706656 0.61151558 12695213
-0.29828551 0.34318617 0.61078781 12103844
0.23626015 0.34222117 0.61261302 12958385
0.25019583 0.34465674 0.61381394 12695213
0.2991671 0.34398177 0.6155197 13024178
-0.30245137 0.34618762 0.61110777 12695981
0.26127392 0.34540573 0.61146194 12497834
0.2828837 0.34505251 0.61078399 12103076
0.29477939 0.34506992 0.61288887 12629420
0.30087781 0.34616712 0.61191934 12826026
0.31111312 0.34609249 0.61114389 13023149
0.32257855 0.34504953 0.61456388 12167586
0.33288714 0.34539118 0.61330491 12036257
0.34296006 0.34530547 0.61153311 12299429
-0.30872822 0.35068956 0.61158818 12300966
0.38590449 0.35134533 0.61472899 12497065
0.39541745 0.3538858 0.61504549 12103078
0.47290057 0.35321382 0.61179322 4268309
0.4809562 0.3531113 0.61085314 4728603
0.48736033 0.35460916 0.61150867 3939856
-0.33660507 0.35909095 0.61180156 11444628
-0.31882054 0.35885945 0.61080152 11709086
0.40695697 0.35626128 0.61262184 12037285
0.41758329 0.35898593 0.61297375 10524046
0.44120124 0.35676613 0.61086482 9864831
0.45782363 0.35929051 0.6155023 4663834
-0.3440901 0.36159948 0.61358327 10852491
-0.32763511 0.36386207 0.61299831 12038051
0.45088917 0.36006501 0.61065799 9272694
0.4783698 0.36382475 0.61187571 5255715
0.48903206 0.36441293 0.61091787 4729116
0.49721089 0.36432078 0.61143833 4532770
0.50998622 0.36274508 0.61099631 3415569
-0.35496092 0.369499 0.61106008 10589063
0.50385314 0.36518553 0.61234397 9339000
0.52054578 0.3675988 0.61093777 4006165
-0.37615454 0.37132552 0.6145758 11379097
-0.36618343 0.37112036 0.61213571 10852493
-0.34822905 0.37286857 0.61290592 11380380
-0.33954534 0.37124076 0.61089033 11314585
0.52984881 0.3711516 0.61122853 3940115
0.53749382 0.37459353 0.61151987 3940115
0.54150951 0.37692574 0.61172348 4137238
-0.39444882 0.38351253 0.61559278 11445403
-0.37001997 0.38143089 0.61165041 12039082
0.54583329 0.38025776 0.61202699 4203031
-0.39901227 0.38811257 0.61280757 10656398
0.5623216 0.40158609 0.61064965 3676430
0.5697723 0.41038361 0.61077267 3873552
0.5737586 0.41658238 0.61545759 3872525
-0.42069307 0.43714789 0.61507982 10196108
-0.42272714 0.44956973 0.6143741 10196107
-0.43041697 0.47019127 0.61477607 10065808
-0.17471927 0.29743937 0.61581045 11970720
-0.1608206 0.29748181 0.61868924 11642266
-0.1523917 0.2985957 0.61878926 12234916
-0.23239857 0.30353394 0.61910421 12234916
-0.2225166 0.30256572 0.61778933 11510937
-0.21315536 0.30236736 0.61634332 12366503
-0.20558333 0.3016943 0.61611813 12103332
-0.19165796 0.30005243 0.61736947 10918543
-0.14234552 0.2998102 0.61718029 11642779
-0.13173124 0.30136958 0.61739546 11379607
-0.090578936 0.30282965 0.62055522 11840158
-0.080968343 0.30320695 0.61972147 11510938
-0.072389431 0.30352572 0.61866993 11576476
-0.18933535 0.30826369 0.61934441 12629673
-0.15056223 0.3048071 0.62029582 12958126
-0.067011334 0.30523542 0.61616284 11905697
-0.059570484 0.30689362 0.61721319 12103076
-0.25288999 0.31054547 0.61881346 11575959
-0.22882983 0.31383148 0.6202051 12892847
-0.21921876 0.31360629 0.62011653 12892846
-0.20955735 0.31315866 0.62000304 12892846
-0.1995331 0.31115583 0.61972159 12432295
-0.23980856 0.31516817 0.61935824 12826799
-0.0036747991 0.31677344 0.61846739 12234660
0.0028267638 0.31691471 0.61758 12563112
0.0099333357 0.315424 0.61875921 13023407
0.019480569 0.31561163 0.61780339 13089199
0.029113805 0.3147513 0.61855942 13221041
0.041231263 0.3147476 0.6191147 12694439
0.051438283 0.31474426 0.62000173 12364960
0.063186109 0.31704345 0.61858326 12233631
0.068959601 0.31473902 0.6182887 13154733
0.0753408 0.31710199 0.61877686 12167838
0.084931575 0.31524792 0.61750466 12628903
0.094778396 0.31560817 0.61654383 12694697
0.11822841 0.31924763 0.61858135 12168099
0.13622962 0.31906989 0.61943883 12760749
0.14556603 0.31886128 0.62004775 12563371
0.15137337 0.31704679 0.62010616 13089199
-0.27933177 0.32140604 0.61565822 11641751
0.013545586 0.32042769 0.61663419 11379094
0.021372629 0.32185987 0.6163556 11773595
0.035246313 0.32151809 0.61839479 12366502
0.15491354 0.32034305 0.61847788 12629164
0.16289556 0.32210079 0.61884898 13287094
0.16679017 0.32379273 0.6158064 12958129
0.18912801 0.32728508 0.6204223 13286321
-0.30989194 0.33431688 0.6176644 11379350
-0.3006162 0.33061102 0.61643475 11839644
-0.27848837 0.33124688 0.61981589 12103844
0.19868709 0.33088067 0.6203056 13220528
0.20882502 0.33369556 0.6193648 12694184
-0.29016548 0.33660045 0.61940366 12301223
0.20546792 0.33651546 0.61760408 13024178
0.21542512 0.33569363 0.61953324 12825772
0.22194786 0.33635822 0.61956006 13023407
0.23171569 0.33702198 0.61956519 12826283
0.24161908 0.33912995 0.61972386 13023661
-0.3196128 0.34259787 0.6179201 11971487
-0.29944447 0.34185329 0.62041873 12959153
0.22073647 0.34087923 0.61871976 12761007
0.22983094 0.34207907 0.61651927 12892592
0.23500618 0.34389606 0.61991793 12892594
0.24118577 0.34372011 0.61602801 12826799
0.25163463 0.34212664 0.61997563 13089453
0.26043656 0.34351304 0.61897796 13286832
-0.32616264 0.34832957 0.62007445 10786442
0.27227768 0.34681669 0.6201542 12958126
0.28218302 0.34710899 0.62003344 12760747
0.29299858 0.34520653 0.61791605 12892592
0.30294728 0.34762898 0.61972135 13089456
0.31186089 0.3471984 0.61858231 12760235
0.32098559 0.34954992 0.62029845 13154991
0.35301706 0.34638253 0.61996061 13023408
0.36428127 0.34720448 0.61812848 12299685
0.37004372 0.34964576 0.61997586 13023661
0.37536103 0.34902588 0.61716932 12694443
0.37983146 0.34953168 0.61989766 12892076
0.38946891 0.34863964 0.61973721 12628647
0.39940357 0.34930304 0.61974138 11839388
0.47008482 0.34938374 0.62002105 4399122
-0.33002028 0.35185364 0.6176191 10457220
0.29158932 0.34978107 0.62052256 13023660
0.33110985 0.35165778 0.62045449 12562598
0.34107131 0.3525435 0.62048107 12233889
0.3508814 0.3524293 0.6204018 12694440
0.36034802 0.35031524 0.62011164 13089455
0.40971369 0.35174432 0.61993259 12365732
0.41996348 0.3537412 0.62007576 11707548
0.42752835 0.35462788 0.61929804 10522761
0.49130431 0.35223308 0.61983997 3875348
-0.33761144 0.35624006 0.61928183 11050127
0.44031918 0.35673478 0.62025625 9930881
0.45048648 0.35806492 0.62032837 9074801
0.45916778 0.35661784 0.61765295 4993064
0.46808434 0.35956457 0.61632556 5387556
0.50043738 0.35627177 0.61870569 3217677
-0.32858869 0.36286238 0.6201672 10985619
0.43853861 0.36190131 0.61952752 4930360
0.44866836 0.36023775 0.61715585 3151630
0.47382271 0.36060444 0.62051588 5716265
0.49937814 0.36420599 0.62056226 5256234
0.51043367 0.36071315 0.62020499 3744021
-0.33908877 0.3687543 0.62017876 11446170
-0.33155558 0.36586323 0.61652666 10985363
0.50670379 0.36653033 0.61776131 9536121
0.54117304 0.3755925 0.61992079 4532252
0.55079424 0.38558951 0.61587924 3215879
0.55598158 0.39158788 0.61982363 3544844
-0.40362224 0.39502314 0.61569399 11050901
-0.40927204 0.40045789 0.61777264 11314074
-0.4129661 0.40670326 0.61603314 10853780
-0.41586307 0.4118425 0.61999243 10656144
-0.41695598 0.4188551 0.61609119 10853780
0.57917869 0.42291406 0.61949533 5714985
-0.41909131 0.4285256 0.61673921 10590608
0.58470953 0.42957905 0.62013513 6703936
-0.42168346 0.44320336 0.61901957 10393485
-0.4253743 0.459281 0.61575037 9736327
-0.42738679 0.46628144 0.61778945 9736329
-0.43379828 0.47833994 0.61848909 10395548
-0.43658158 0.48488024 0.62022299 10461087
-0.18168789 0.29820612 0.62235218 12036510
-0.17274427 0.29684928 0.62185031 12431012
-0.16418797 0.29661837 0.62150723 11641753
-0.15603775 0.29622963 0.62414593 12694697
-0.2023648 0.30137339 0.62506109 11773852
-0.19112477 0.30037156 0.62416047 11773595
-0.15034741 0.30380729 0.62221926 12694696
-0.14069352 0.30291525 0.62160462 13023918
-0.12936239 0.30146721 0.62137038 13221297
-0.121369 0.30076864 0.6253379 12168867
-0.11776053 0.30286363 0.6215989 12036767
-0.11106328 0.30328742 0.62402982 12431781
-0.0992321 0.30314282 0.62189084 12037281
-0.25067326 0.3089408 0.62282079 12168097
-0.24223727 0.30660108 0.62065989 11774108
-0.1793932 0.30639938 0.62066406 12366501
-0.16998777 0.30541316 0.62144345 11576727
-0.16004854 0.30480996 0.62130946 12168608
-0.109023 0.30479422 0.62120026 12958125
-0.10006735 0.30568042 0.62163287 12892333
-0.090638928 0.30612198 0.62161785 12563368
-0.079676084 0.30695179 0.62163287 12432296
-0.068576448 0.3068929 0.62155133 12366502
-0.059053771 0.30677882 0.62147421 11641498
-0.049560659 0.30688694 0.62142175 12628137
-0.049147375 0.30937377 0.62507516 11971490
-0.040250011 0.30855051 0.62153965 12036513
-0.26148909 0.3124086 0.62236959 12431525
-0.23624787 0.31383386 0.622379 12629419
-0.046436377 0.31169906 0.62105805 11247767
-0.037789844 0.31313995 0.62253302 12103076
-0.029354969 0.31043604 0.62167162 12497063
-0.018301899 0.31109944 0.62166971 12167842
-0.0088712741 0.31220761 0.62172574 13088688
0.00013770015 0.31318894 0.62268156 12628137
0.010112835 0.31375745 0.62495273 13154737
0.019660136 0.31375447 0.62361366 13352370
0.029213948 0.31375137 0.6232304 13747128
0.039681572 0.31374827 0.62338668 14010300
0.05152205 0.31374434 0.6246714 13681077
0.061067216 0.31374171 0.62301391 13549491
0.071073592 0.31373861 0.62226325 13417905
0.080180757 0.31329122 0.62124354 12101532
0.089755327 0.31239918 0.62108248 13220270
0.099307872 0.31206289 0.62098104 12891563
0.11043776 0.31272629 0.62097842 13417905
0.12157802 0.31327835 0.62096268 13352114
0.13113354 0.31371978 0.62094516 12957355
0.14069948 0.3143833 0.62095231 13089199
0.148156 0.31471458 0.62306374 13681592
-0.27992487 0.31943157 0.62407976 11970717
-0.2716172 0.31577912 0.62368113 12036767
-0.24923965 0.31861559 0.62085205 12892847
-0.026097873 0.3149282 0.6215021 12366503
-0.01689286 0.31474379 0.62096781 11905951
-0.0089821611 0.31476894 0.62167281 11905951
0.01558586 0.31880024 0.62509018 12497831
0.025312444 0.31971553 0.62541288 12366245
0.034949452 0.31972256 0.62400371 11642265
0.04358324 0.31872311 0.62227315 11773852
0.048936289 0.31933501 0.62194544 12234402
0.055224121 0.3194212 0.62121469 12365988
0.095983513 0.31654981 0.62523669 13023408
0.10636232 0.31749251 0.62427431 12957615
0.11639667 0.31876484 0.62279135 12891822
0.12749156 0.31956902 0.62125689 12628906
0.13493158 0.31722406 0.62511939 12891822
0.15994716 0.31882194 0.62130493 12694442
-0.25830743 0.32250717 0.62132889 12629675
0.16963264 0.32148567 0.62153012 13220785
0.17931852 0.32326034 0.62165791 13286578
-0.29132831 0.32594112 0.62424892 11773081
-0.27000239 0.32741573 0.62239093 12432552
-0.26395583 0.32550886 0.62168604 12958897
0.18026261 0.3281621 0.62466425 13024433
-0.28568614 0.3338491 0.62272388 12367016
0.19070584 0.33211556 0.62235588 12826799
0.19960989 0.33547786 0.62262994 13024178
0.21137436 0.33929136 0.62091786 12432041
0.23579144 0.34385434 0.62322396 12892592
0.4731963 0.34361365 0.62514657 4596498
-0.30994013 0.34952322 0.62128955 12498089
0.25324431 0.34529462 0.62375766 12958386
0.26338255 0.34604016 0.62232047 13023920
0.2886391 0.34551778 0.62457663 12958385
0.29748306 0.34571555 0.62130028 12958128
0.31427768 0.34823492 0.62540501 12694956
0.32557064 0.34932175 0.6239472 12299685
0.3351379 0.3484042 0.62442988 12826029
0.34450284 0.34667185 0.62217325 12694443
0.35807744 0.34759107 0.62355655 13089201
0.36175278 0.34649089 0.62279874 12168099
0.48091927 0.34844461 0.62072712 4663320
0.46089688 0.35345057 0.62195224 5715757
0.49892253 0.3546057 0.62291497 2822919
-0.32092628 0.35771707 0.62127751 11445914
0.39689833 0.35482827 0.62423962 12102306
0.40623632 0.35712889 0.62461215 12037026
0.41401553 0.35860327 0.62091476 11379355
0.4321894 0.35562626 0.62085015 9864831
0.45704934 0.35643271 0.62461013 5189920
0.46842465 0.35741869 0.62549037 5255456
-0.3526451 0.36331502 0.62402612 10655366
-0.34656307 0.36010399 0.62114352 11444883
0.41942263 0.36022797 0.62205321 9800323
0.42808574 0.36219969 0.62084931 9537152
0.48185292 0.3624343 0.62319893 4202003
0.4903453 0.36309221 0.62189502 4794140
0.51784444 0.36359981 0.62211591 4204058
-0.36465198 0.36935642 0.62230963 11182226
-0.35604981 0.36655822 0.6209994 10523524
0.52187204 0.36619845 0.62071472 3282699
-0.3746433 0.3698428 0.62402874 11116436
-0.34856543 0.3723686 0.62061208 12104103
0.53002465 0.370096 0.62066084 3545614
0.53796059 0.37309363 0.62217313 4071957
-0.36005273 0.37687221 0.62114877 12235689
-0.35438392 0.37487045 0.62090641 12104103
-0.39437008 0.38362303 0.62491184 11643039
-0.3699519 0.38143066 0.6216808 12367790
0.54751378 0.38119069 0.62147015 3808271
-0.39481843 0.39488295 0.62322026 12040113
0.56249207 0.40191916 0.62085634 3479051
-0.41275403 0.40503123 0.62526792 10524814
0.56884658 0.41158393 0.6218223 3675402
0.57394791 0.41708234 0.62064797 4727319
-0.4205443 0.43466654 0.62149721 10459278
-0.42397812 0.45029333 0.6254881 10064521
-0.42631182 0.46030572 0.62476474 10065292
-0.43475214 0.47826675 0.62265283 10395547
-0.16162542 0.29684845 0.6296708 12233633
-0.15505359 0.29617742 0.62828928 12233890
-0.14980084 0.2975277 0.62918264 12497318
-0.14120966 0.2975736 0.62703043 12498089
-0.23115358 0.3044658 0.62878662 11971232
-0.22067422 0.30412117 0.62737721 12036768
-0.2111122 0.30261245 0.62622303 12037024
-0.19761503 0.30251184 0.62735635 12760490
-0.12999843 0.29972652 0.62637526 11971746
-0.089463599 0.30237654 0.63033074 11970975
-0.079447053 0.30168095 0.62980241 12102562
-0.068521999 0.30288342 0.62775367 11642013
-0.24115545 0.306438 0.62987298 12629419
-0.18932858 0.3085691 0.63048047 12103074
-0.1611118 0.30514362 0.63042599 11905179
-0.057952724 0.30607823 0.62593216 12103076
-0.26347274 0.3120952 0.62946707 12497318
-0.25685972 0.31048372 0.62610108 12628904
-0.23779455 0.31333426 0.62936777 12958383
-0.22876495 0.31383148 0.62976092 13879743
-0.2190983 0.31338409 0.62964374 12695467
-0.20903984 0.31262532 0.63012439 12892589
0.0706833 0.31348863 0.63048571 13153451
0.080222435 0.31373575 0.62925476 13350831
0.089767583 0.31373265 0.62759715 13153708
0.097730897 0.31373015 0.62754303 14075067
0.11524568 0.31472471 0.62753779 12759975
0.12203839 0.31459752 0.63026673 13088940
0.13120192 0.31427529 0.63056618 13418418
0.14075626 0.31382802 0.63044888 13484211
0.15032718 0.31449154 0.63046151 13089454
-0.24866188 0.31672648 0.63022488 12761260
-0.0052946 0.31485608 0.62874097 12760490
0.00510875 0.31685093 0.62692446 11839388
0.076308049 0.31888989 0.62996656 12759975
0.085438773 0.31640998 0.62763602 12892075
0.12802643 0.31837144 0.62731391 12891822
0.13962939 0.3170934 0.62753111 12892076
0.15567054 0.31839386 0.62806171 13352628
-0.28654319 0.3228716 0.62627429 12234145
0.056209389 0.32008353 0.62980968 12760234
0.066758603 0.31986299 0.62822336 12167838
0.16562703 0.32177272 0.62662607 13287605
0.17074291 0.32421544 0.62596172 13287349
-0.29862714 0.32940724 0.62619263 11510423
-0.3083275 0.33325735 0.62751001 11576986
-0.28564224 0.3338491 0.62918812 12301223
-0.31689227 0.33770016 0.62914366 12103330
-0.29128587 0.33651748 0.62952369 12958897
0.21546909 0.33569363 0.62600678 13023149
0.2208627 0.33669189 0.62961525 13023149
0.23196842 0.33935514 0.62954932 13417907
-0.31996089 0.34175387 0.62625188 11971487
-0.29922664 0.34135321 0.63011521 12827566
0.21162808 0.34076682 0.63058633 12892335
0.22249807 0.34258237 0.62887293 12892592
0.23230463 0.34371534 0.62795979 12892593
0.24192658 0.34190753 0.62977189 13418162
0.25051606 0.34348276 0.62859029 13286832
-0.32694477 0.34624735 0.62890369 11708826
0.24340297 0.34504774 0.62595755 12892593
0.26191586 0.34667912 0.63017923 13154990
0.27191705 0.348676 0.63033777 12957611
0.28400657 0.34663013 0.62831861 13089971
0.29397041 0.34725526 0.62807792 12958385
0.30368227 0.34811178 0.62756711 12761006
0.36012447 0.34837189 0.6301071 12759978
0.36844063 0.34826294 0.62912053 12826028
0.37478268 0.34923199 0.62906069 12431271
0.37979555 0.34897605 0.62964207 12497318
0.38953546 0.34863964 0.62953883 12497318
0.46028951 0.3485066 0.62831599 5057053
0.48350441 0.34561041 0.62855953 4269330
0.49098039 0.34806278 0.62997216 3809040
-0.33740193 0.35369244 0.6268335 11379861
0.28185937 0.34989527 0.63040954 13089198
0.29185891 0.35144773 0.6305185 13286834
0.30170804 0.35166672 0.63047642 13352627
0.31153065 0.35166374 0.63040966 12563111
0.32140136 0.35199419 0.63038105 12694440
0.33132562 0.35265759 0.6303888 12694697
0.34111986 0.35243228 0.63029677 12694697
0.35058296 0.35020712 0.62997884 12891820
0.3851296 0.35202232 0.62604481 12233892
0.3907032 0.35363498 0.62968785 12562857
0.39958072 0.34985855 0.62960988 12299939
0.40989456 0.35229984 0.62981719 12497318
0.42017123 0.3544077 0.6299879 10983312
0.4300617 0.35462692 0.62994534 9667194
0.45795482 0.35362461 0.62968355 4466196
0.50024986 0.35173026 0.6303665 3415055
0.50552958 0.35460368 0.62943274 2560517
0.44017363 0.35887948 0.62881583 4007457
0.44175184 0.35562339 0.62669593 9404023
0.4478972 0.35640445 0.62702423 6309951
0.51061726 0.35774472 0.62928468 3809814
-0.32864383 0.36219576 0.62933534 12235686
0.43082637 0.36027327 0.62942034 9339516
0.48255289 0.3613942 0.6304875 4728086
-0.35781884 0.36577502 0.63032395 10655623
-0.33884096 0.36819878 0.63005871 12038051
0.52520758 0.36609748 0.62895137 2493954
-0.38998115 0.37839988 0.62733275 11840418
-0.40308961 0.39419213 0.62597996 11576989
-0.39898878 0.38983908 0.62642878 11116438
-0.38816583 0.39288095 0.62886959 12237746
0.55584896 0.39092126 0.62985331 3874064
-0.40875766 0.39991274 0.62693256 10985109
-0.39893126 0.39974132 0.63051766 11250600
-0.4157016 0.41021755 0.62761718 11511967
-0.41806844 0.41796961 0.62726003 11380380
0.57405758 0.41724899 0.62923294 4595985
0.57914501 0.42258075 0.62978035 6043432
-0.4201028 0.42779067 0.62642735 11248539
0.58477992 0.42957893 0.63050181 6241325
-0.4217259 0.43299237 0.63036364 10919831
-0.42223653 0.43998328 0.62631959 10130314
-0.42897961 0.46474674 0.62889451 10328721
-0.43191275 0.47172001 0.62570292 10263444
-0.43858954 0.48127833 0.6261856 10724513
-0.18035287 0.29882601 0.63261467 11574933
-0.17044926 0.2974557 0.63111216 12035740
-0.15642944 0.29759398 0.63301164 12299426
-0.19948813 0.30155435 0.63482553 11904924
-0.19012368 0.30173078 0.6340397 11510166
-0.15764958 0.30380931 0.63341147 12168353
-0.15013027 0.30302933 0.63116187 12168097
-0.14060628 0.30280414 0.63107163 13550518
-0.12932925 0.30163398 0.63086039 12826794
-0.12015098 0.30052724 0.63512367 13023407
-0.11860668 0.30346385 0.63099951 13879998
-0.11327057 0.30267647 0.63085061 12497576
-0.1090541 0.30194095 0.63267285 11641496
-0.099457107 0.30239859 0.63229948 12168097
-0.25067878 0.30855134 0.63182217 11970975
-0.17941046 0.30681601 0.63179833 12169123
-0.16961592 0.30547968 0.63157636 11971486
-0.10776923 0.30479386 0.63108045 12695726
-0.10018557 0.30679145 0.63126093 12761261
-0.090678744 0.30678859 0.63119644 12300196
-0.079685263 0.30745187 0.6311993 13155761
-0.068590261 0.30744818 0.63112372 13879488
-0.057400309 0.30608168 0.63319808 13023922
-0.048345901 0.30720773 0.63275963 12826798
-0.040014379 0.30710605 0.63089103 12826540
-0.2700195 0.31465581 0.63332862 12233889
-0.25954294 0.31082466 0.63261658 12234146
-0.19924134 0.31023899 0.63073903 12169123
-0.035264038 0.31280664 0.63234097 12102305
-0.02741834 0.3119587 0.6318472 12694441
-0.017361308 0.31227437 0.63097888 12365219
-0.0087006558 0.31109658 0.63114136 12957357
0.00077750382 0.31176022 0.63115519 13023408
0.010156101 0.31375721 0.63132352 12957613
0.019712066 0.31375435 0.63125855 12628134
0.029268039 0.31375137 0.6311937 12364962
0.040426407 0.31358114 0.63109845 12957867
0.051565323 0.31374457 0.63104218 13483954
0.061131142 0.31351939 0.63095146 13483186
0.15671779 0.31471184 0.6320377 13220784
-0.27932772 0.31713334 0.63520116 12167583
-0.24175096 0.31483546 0.63315064 14010557
0.070661701 0.31473854 0.63421625 12890278
0.080224693 0.31473556 0.63415128 13877688
0.089762174 0.31539932 0.63257152 13943737
0.099770792 0.31601527 0.63189298 12825256
0.1087214 0.31644717 0.63227755 13418162
0.11849312 0.31721893 0.63358825 13418163
0.12798359 0.31711951 0.63331908 13221041
0.1376444 0.3164697 0.63175923 13286834
0.14407241 0.31615081 0.63155502 13023662
0.1696274 0.31948557 0.63090926 13352371
-0.28864238 0.32200888 0.63515586 12036767
-0.257918 0.32134059 0.63081139 12761517
0.026622979 0.32060352 0.63537365 13352371
0.037475146 0.32096878 0.63430959 13089455
0.043949474 0.31973019 0.63245791 13023405
0.04733048 0.3203899 0.63252765 13220784
0.16759022 0.32348564 0.63310403 13287350
0.17931394 0.32159379 0.63108844 13089199
0.18586551 0.32470277 0.63140577 13615543
-0.29938728 0.32779351 0.63439661 11707802
-0.26986191 0.32712987 0.63109058 13024689
-0.26370335 0.32484224 0.63124841 12564395
0.17926289 0.32909885 0.63499397 13155764
0.19080023 0.32703462 0.63164252 13154478
-0.27916932 0.33140245 0.6317392 12498602
0.18555157 0.33008447 0.63063651 12826799
0.19257562 0.33429757 0.63390285 12826799
0.19935092 0.33039847 0.63132805 13154479
0.20888662 0.33344558 0.63064808 13023148
0.20218392 0.33784094 0.63107842 12695213
0.46092671 0.34311739 0.63412386 4596245
0.46959493 0.34205905 0.63149971 4925722
0.47909105 0.3426117 0.63190764 4795162
0.48628458 0.3436096 0.63482457 4269332
-0.30952966 0.34841207 0.63097018 12432808
0.24334398 0.34528533 0.63538021 13155764
0.25407693 0.34565893 0.63308936 13287091
0.26563254 0.34644964 0.63216668 12892592
0.27489617 0.34681454 0.63061243 13024178
0.28379101 0.34825924 0.63275677 13484729
0.34567446 0.34809402 0.63110095 13089201
0.35520092 0.34755841 0.63194627 12891822
-0.34206372 0.35265914 0.6352908 12037019
-0.33582133 0.35060158 0.63159555 11511445
-0.31743926 0.35285893 0.63315743 12433063
0.3161234 0.3517777 0.63474947 12694443
0.32580954 0.35142377 0.63235682 12694443
0.3364875 0.35074344 0.63297445 12957615
0.39153489 0.353591 0.63318938 12826799
0.43924835 0.35376695 0.63072115 9535353
0.45112717 0.35238257 0.63114816 5782318
-0.34602809 0.35742715 0.63075584 11115918
-0.32093784 0.35611001 0.63108307 12235686
0.40823185 0.35714355 0.63456351 10194823
0.42985117 0.35803631 0.63483852 8615793
0.43665776 0.35736695 0.63364321 3875355
0.47091699 0.35592023 0.63443273 5714722
-0.35367644 0.36305168 0.63215822 10589573
0.420654 0.36006787 0.63106698 9602943
0.49082935 0.36149135 0.63294131 5056795
0.49965408 0.36313596 0.6317541 4992546
0.5199011 0.36231342 0.63068229 2954505
-0.37339723 0.36866692 0.63334328 11511706
-0.36334437 0.36736169 0.63273412 11051152
0.50819778 0.36495557 0.63063389 9272691
0.53090423 0.36859575 0.63085037 3875091
-0.38300228 0.37188879 0.63532323 11445915
-0.34757882 0.37211838 0.63137585 12104101
0.53865892 0.37242666 0.63123292 4532763
-0.35941967 0.37730065 0.63071328 12038310
-0.35265207 0.37486997 0.6308791 12104101
0.54497886 0.37692466 0.63170153 4005649
-0.39416933 0.38179937 0.63304454 11314075
-0.36979222 0.38237515 0.63139409 12170667
0.54999822 0.38258973 0.63063675 3281927
-0.40351436 0.39302996 0.63504058 11774368
-0.39174169 0.39588204 0.63174564 12171953
0.56175005 0.39925268 0.6307407 3808271
-0.41075936 0.40788797 0.6337356 9737364
0.56830311 0.40958419 0.63184422 4597015
0.59055287 0.43691042 0.63126415 7360320
-0.42569962 0.44957331 0.63505596 10656658
-0.42639658 0.45699766 0.63201708 10590866
-0.43343613 0.46987584 0.63394493 10263186
-0.16963828 0.29932776 0.63579291 11378324
-0.15990534 0.29928699 0.63933104 12101791
-0.13939255 0.299431 0.63701326 13154735
-0.21998671 0.3044894 0.63722521 11970718
-0.2098881 0.30201128 0.63698107 11773338
-0.14865556 0.30021611 0.63842446 12825770
-0.14058471 0.30302635 0.64057857 14076863
-0.12994447 0.30168107 0.63766319 13352883
-0.12178563 0.30379835 0.637384 14011325
-0.11285908 0.30148664 0.6363439 11313044
-0.10627193 0.30161694 0.64039034 12167584
-0.086762585 0.30279937 0.64028603 12562596
-0.076919161 0.30145684 0.63936621 13155247
-0.067215197 0.30234233 0.63738626 12365991
-0.060217761 0.30360153 0.6402753 13484984
-0.23911035 0.30752304 0.6401189 12497832
-0.22963187 0.30597857 0.63845342 12036511
-0.18856949 0.30548552 0.63803869 12367016
-0.18208671 0.30481699 0.63791424 12432809
-0.1092869 0.30479434 0.64058417 13353140
-0.068307482 0.30589285 0.64044088 12760234
-0.058669187 0.30477872 0.63865811 12958127
-0.048390664 0.30477551 0.63779706 12628389
-0.039803497 0.3058838 0.64024824 12694182
-0.030651147 0.30899206 0.64056915 13154735
-0.25938621 0.31132796 0.63931221 12826283
-0.23587242 0.31383374 0.6385693 13156018
-0.22793689 0.31201294 0.64024836 13353654
-0.21860728 0.31055561 0.64000744 13353140
-0.038692497 0.31161276 0.63790411 12366248
-0.019624213 0.30976656 0.64059013 12760234
-0.014570737 0.31381825 0.63970274 12957869
0.0094084498 0.31375757 0.63849586 13878715
0.016570022 0.31375542 0.63765079 12628391
0.04205263 0.31374744 0.6374777 12234144
0.051608603 0.31374434 0.63741273 13023147
0.059571918 0.31374207 0.63735873 13614001
0.13284278 0.31471923 0.63698167 13549493
0.1408072 0.3143833 0.63688725 13681077
0.15037493 0.31471375 0.63686246 12628391
0.15675026 0.31471184 0.63681918 13154735
-0.24907899 0.31850436 0.64001924 13353139
-0.24053484 0.31523505 0.64020473 14274498
-0.0037482469 0.3151001 0.63818222 12102560
0.0062987865 0.31748512 0.63769358 12299940
0.016298911 0.31945196 0.63653547 12891819
0.08777187 0.31818059 0.63704115 13089712
0.097263105 0.31712702 0.63567311 13616056
0.13729553 0.31690899 0.6390714 13418677
0.14519276 0.31609157 0.63627142 13221811
0.14893359 0.31854144 0.63982278 13418936
-0.25817677 0.32250717 0.64056331 13418675
0.057646684 0.32260242 0.64016312 12628391
0.068214297 0.32200661 0.63841778 12825770
0.078393959 0.32112184 0.63904339 12892076
0.15884998 0.32105735 0.63769859 13089970
0.17904302 0.3232049 0.64050227 13220528
0.18590914 0.32470277 0.63782793 14010044
-0.29624045 0.32572904 0.63746542 12234146
0.17031974 0.32558528 0.63701147 13089971
-0.30737185 0.33157936 0.63685483 12365990
0.18433043 0.33171538 0.63775057 12892592
-0.316138 0.33688453 0.63844019 12366246
-0.28996536 0.3377395 0.63937563 13616828
0.19979021 0.33913437 0.63927609 12826799
0.23172508 0.33948854 0.6399501 13417392
-0.32583439 0.34372857 0.63862509 12169121
-0.29873013 0.34260312 0.63919646 13353656
0.21401921 0.34238532 0.64059287 13221043
0.2230538 0.34289244 0.63909322 13287350
0.2323527 0.3436307 0.63757592 13089971
0.24199282 0.34190753 0.6395244 13220270
0.25149611 0.34355739 0.64006668 13088940
-0.3348124 0.34845987 0.64022881 11774617
0.25533724 0.34568122 0.63663 12496805
0.2619026 0.34601238 0.63825506 12891562
0.27179271 0.34689835 0.63992459 12825513
0.28073442 0.34847036 0.63856226 13418423
0.28679463 0.34888414 0.63934106 13089457
0.29559913 0.34942058 0.63792235 12694699
0.35043183 0.348874 0.639633 12760232
0.35829493 0.34836307 0.63979417 12431012
0.36810225 0.34802344 0.63980514 12497063
0.37951228 0.34708717 0.63922018 12431269
0.38947558 0.34797302 0.63926083 12694440
0.44827965 0.34812132 0.63724595 4729890
-0.31740588 0.35285893 0.63807219 12169635
0.28194055 0.35000649 0.64023262 12825513
0.29195219 0.35166994 0.64036566 12759977
0.30352628 0.35163334 0.63843638 12694185
0.311627 0.35188606 0.64025837 12825514
0.32146809 0.35199407 0.64020497 13023149
0.32907975 0.35231963 0.63619882 12826029
0.33134243 0.35232428 0.64017767 13154990
0.34104687 0.35154346 0.64001805 12168095
0.34812793 0.35007134 0.63810617 12891565
0.37710285 0.35036853 0.63877517 12300455
0.38883245 0.35275093 0.63789493 12695470
0.39969209 0.35008088 0.6394456 12233890
0.40991557 0.35207775 0.63961762 11049360
0.42004821 0.35351911 0.63972181 11443861
0.43032366 0.35252681 0.64018661 10456709
0.43938166 0.35346332 0.6400736 4860704
0.45026332 0.35184565 0.63811094 5188891
0.46043932 0.35219172 0.63727468 5320220
-0.347422 0.35527948 0.64016348 11510675
0.39928815 0.35557833 0.63582379 12234662
0.42042997 0.35854951 0.63643843 9734530
0.48153952 0.35919085 0.63599247 5188124
0.51262307 0.35626808 0.63942832 3349006
-0.32981855 0.36196283 0.63987082 12235430
0.50881767 0.36342707 0.6398266 8547937
0.52029771 0.36015454 0.63984531 3546126
-0.34026489 0.36769941 0.63994759 12235430
0.53107011 0.36609569 0.63966376 3808527
-0.39106655 0.37788346 0.63656169 11906466
-0.35425955 0.37487045 0.63921028 11906723
-0.39980924 0.38644913 0.63690013 11445659
0.55470997 0.38692167 0.63948506 3610636
-0.37984246 0.38975337 0.63983041 12565939
-0.40824798 0.39878824 0.63656968 11445660
-0.39088291 0.39838174 0.64046711 12500918
0.56099623 0.39658645 0.63889891 4334101
-0.39806145 0.40188411 0.64006573 11974321
-0.41272947 0.40551046 0.63751251 11379867
-0.40862486 0.40838733 0.64058906 10790050
-0.41593739 0.41033235 0.63657004 11577504
0.57168078 0.41208306 0.63893312 4661776
-0.41958687 0.41967824 0.63665718 11774884
0.57890391 0.42158082 0.63998729 6766638
0.58401418 0.42691258 0.64057106 6963761
-0.42203185 0.43047372 0.63667256 11117210
-0.42407593 0.44144526 0.63687497 10656657
-0.42865631 0.45229986 0.63967186 10261901
-0.43062136 0.46165863 0.63638192 10394001
-0.43613842 0.46732524 0.64035267 10724253
-0.43980762 0.47242597 0.6372754 10527388
-0.445779 0.47529474 0.63984877 10527650
-0.18859351 0.29968718 0.6439206 11970974
-0.17989826 0.29897431 0.64252716 12167841
-0.17302886 0.29923168 0.64222366 12628135
-0.19762921 0.30382183 0.64422327 13813694
-0.18902361 0.30367616 0.64279181 13485498
-0.17819786 0.30344072 0.64127737 13222326
-0.1684666 0.30170098 0.6410318 12497575
-0.15956929 0.30314329 0.64072019 13945536
-0.15002069 0.302807 0.64061493 13550264
-0.11842861 0.30019632 0.6446895 12102046
-0.10910947 0.30114093 0.64444715 11641239
-0.097097777 0.30227354 0.64223033 12496804
-0.058503903 0.30377868 0.64327818 13023406
-0.049608178 0.30337599 0.64190286 12035739
-0.24940655 0.30959061 0.64091605 12628904
-0.20953584 0.30891648 0.64061111 13550519
-0.19934225 0.30594733 0.64093655 13551033
-0.1345796 0.30480221 0.64392036 13878969
-0.12746534 0.30479994 0.64308089 13945273
-0.11838148 0.3047972 0.64104146 13813690
-0.100121 0.30679145 0.64076799 12497318
-0.090631284 0.3068997 0.64071697 12233889
-0.079634674 0.30753496 0.64072067 12760490
-0.045281865 0.30828169 0.6453765 12892079
-0.26795757 0.31461492 0.64292556 12233889
-0.25895122 0.31266299 0.64491075 13352627
-0.036383651 0.31057265 0.64409989 12299685
-0.031408004 0.31233671 0.6406762 12562856
-0.024892369 0.31265762 0.64196652 12628649
-0.0085931066 0.31065217 0.64062434 13023663
0.00076507626 0.31264904 0.64080745 13681593
-0.27864736 0.31750336 0.64428991 11839132
0.010758212 0.31515709 0.64296156 13417394
0.020029543 0.31575432 0.64145905 13088686
0.029220326 0.31541815 0.64095694 13154992
0.040236097 0.31547514 0.64117938 12891819
0.05153865 0.31574419 0.64244097 13483700
0.061565716 0.3155984 0.64167196 13812150
0.070668086 0.31573835 0.64071673 12890791
0.080195561 0.31718007 0.64082962 13878200
0.089734279 0.31895486 0.64098412 14009787
0.10828919 0.31911018 0.64355654 13418163
0.1190722 0.31863204 0.64281255 13220784
0.12170779 0.31872252 0.64073998 14207678
0.12810348 0.31805757 0.64212912 13220785
0.13084255 0.31786266 0.6414842 13483699
0.14021748 0.31831518 0.64285964 13418679
0.14088011 0.31721666 0.64201981 13483698
0.15048194 0.31821373 0.64208001 13352114
0.1604825 0.3189607 0.64090735 13220528
-0.28776389 0.32188597 0.64557201 12497318
0.028472779 0.32191136 0.64501625 12760235
0.033365317 0.32200876 0.64097244 13023149
0.038834255 0.32261768 0.64359313 12694441
0.047870893 0.32195821 0.64102823 13088942
0.099003285 0.31993523 0.64299065 13220271
0.11050914 0.31989267 0.64095968 13615540
0.15783696 0.32373098 0.64479071 13221811
0.16973969 0.32081869 0.6406737 13286321
-0.26925996 0.3276774 0.64126247 12958638
-0.2636379 0.32484224 0.6408816 12892844
0.18283109 0.32670382 0.64452189 13483700
0.18968329 0.32745162 0.64175516 12825770
-0.27814847 0.33197179 0.64143676 13090225
0.17841016 0.33271125 0.64560074 13220787
0.19907653 0.3300319 0.64160568 13417906
0.20895131 0.33325115 0.64193469 13352112
-0.28288454 0.33584824 0.64557666 13748155
0.19301787 0.33765963 0.64366406 12957871
0.22047831 0.33644214 0.64062971 13154476
0.46029106 0.33879951 0.64121169 4333844
0.47035706 0.33836451 0.64079648 4334872
0.2047558 0.34084335 0.64268941 12826029
0.26170027 0.34367922 0.64286143 13220528
0.45064971 0.34219208 0.64233011 5451811
0.47948259 0.34073666 0.64062172 4071955
0.48753056 0.34320918 0.64192885 4466457
-0.30963451 0.34896758 0.64083701 12169633
-0.30213964 0.34585419 0.64204699 13419190
0.25423819 0.34579447 0.64445573 12957871
0.26390678 0.34670368 0.64293689 12760493
0.27430636 0.34834471 0.64138335 12957872
0.44041398 0.34933832 0.64071161 7429203
0.49261963 0.34585765 0.64075392 4598298
0.50127202 0.34960487 0.64078003 3019783
-0.34276885 0.35235599 0.64141387 11905947
0.31770021 0.35319892 0.64532477 12628905
0.32695386 0.35318318 0.64379483 12563112
0.33740315 0.35166112 0.6418739 12957359
0.34607145 0.35026696 0.64384347 12496551
0.39444613 0.35343698 0.64544529 12299685
0.47283831 0.35462883 0.64235717 5319710
0.50840545 0.35285273 0.64068216 3349006
-0.35409069 0.35891834 0.64237243 11312783
-0.32016367 0.35545972 0.64233154 12433061
0.40112838 0.35522464 0.64461368 11641755
0.4089672 0.35569838 0.64341921 10391689
0.41983032 0.35666814 0.64180499 9799553
0.42891684 0.35541573 0.64201719 3547164
0.48189145 0.35741666 0.64507371 4661781
-0.36404148 0.36443511 0.64227372 10985101
0.4936685 0.36087027 0.64121276 4727319
0.5025965 0.36253765 0.6406768 5715500
0.52788579 0.36359671 0.64186221 4138004
-0.37303749 0.36668006 0.645217 11511705
-0.38153902 0.3704361 0.64329702 11577756
0.54004616 0.3712596 0.64105219 4005649
-0.35991693 0.37687221 0.64114481 12367275
0.5489794 0.37892357 0.64191645 3347207
0.56042224 0.39458659 0.64373082 4333842
0.56685132 0.40458456 0.64319474 4859414
-0.40202686 0.40588513 0.64309555 12171446
-0.41480896 0.41288915 0.64227647 9868950
-0.42058226 0.42374006 0.64554936 10985620
-0.42127737 0.42479804 0.64147037 10327692
0.5896759 0.43391088 0.64134306 6964789
-0.42665926 0.44103721 0.6453591 11314587
-0.43347916 0.45957914 0.64461285 10920859
-0.20889091 0.29935518 0.64652735 12760235
-0.19841471 0.29842535 0.64578503 12168609
-0.22791827 0.304364 0.64868373 12694441
-0.21948195 0.30067924 0.64765507 12694187
-0.1898841 0.3028194 0.65007752 14471624
-0.17857775 0.30081597 0.65034336 13748156
-0.16853139 0.30103508 0.64998811 13353142
-0.15837306 0.30205002 0.6497733 13484213
-0.14995632 0.302807 0.65009362 12628646
-0.14781857 0.30266944 0.64853686 13417907
-0.14173248 0.30380455 0.64911383 12694182
-0.13767236 0.30213776 0.64740163 13220527
-0.1277054 0.30081597 0.64565569 13220783
-0.09411218 0.30139783 0.65049058 12628389
-0.08489994 0.30183974 0.65028018 12628132
-0.076273911 0.30134884 0.64898747 12825513
-0.067749344 0.30280104 0.64940244 13089455
-0.059978522 0.30317953 0.64722425 12168098
-0.048849128 0.30277565 0.64940685 12957355
-0.042651273 0.30377367 0.64949471 13681336
-0.23842531 0.30810574 0.64982611 12496805
-0.20417216 0.30482379 0.64755756 14800589
-0.12845401 0.30613366 0.65038246 13615795
-0.1187951 0.30524173 0.65020031 13550003
-0.10968056 0.30479446 0.64917582 13879227
-0.099946432 0.30612484 0.65018612 14273986
-0.090549566 0.30678859 0.65021008 13747385
-0.080994196 0.30645242 0.65010113 13221041
-0.07337492 0.30478337 0.64772385 12497318
-0.053759582 0.30561748 0.64567953 12892079
-0.038142838 0.3057721 0.64972419 13944508
-0.030486399 0.30810323 0.64997548 13088429
-0.24490649 0.30974606 0.648166 12497319
-0.019567827 0.30984989 0.65012902 13549494
-0.01387989 0.31301072 0.6497857 13089713
-0.0086329747 0.3117632 0.65030462 13879228
-0.0016644538 0.31376103 0.64972013 13484470
-0.23880914 0.31616798 0.64924079 14077120
-0.0036914288 0.31520954 0.64958733 12234146
0.0075239749 0.3181763 0.64846116 12365988
0.040711027 0.31829324 0.6505304 13681593
0.13143884 0.31957236 0.64563102 13484214
-0.25783172 0.32264057 0.649553 13879482
-0.24940529 0.31994894 0.64979523 13484981
0.018204605 0.32040861 0.64673787 12234146
0.059658051 0.32381955 0.64870316 12892076
0.069430374 0.32447842 0.65027612 13484213
0.07948947 0.32374302 0.64836448 13287091
0.08936698 0.32238904 0.6468671 12958126
0.098495595 0.3237299 0.64872986 14404286
0.11208081 0.32271782 0.64936167 13812921
0.12217331 0.32309774 0.65049583 14075578
0.15017672 0.32314244 0.64979655 13417393
0.1507434 0.32323602 0.64926511 13023919
0.15946113 0.32371095 0.6483162 13286064
0.16667527 0.3237088 0.64746445 13088942
-0.30027696 0.3287355 0.64816874 12826283
-0.296561 0.32657352 0.64564008 11773082
0.16167638 0.32721701 0.64867336 13352629
-0.30660295 0.33181444 0.64758033 12957871
0.17186664 0.33065417 0.6464898 13418422
-0.31552941 0.3377184 0.64793283 12563112
-0.28951609 0.33956471 0.64886159 13748155
0.18391564 0.33532634 0.64580113 13221044
0.46188584 0.33661738 0.65035838 4137747
0.47177255 0.3372809 0.65037781 3546385
-0.32491958 0.34432486 0.64934927 11839384
-0.31981528 0.34114829 0.6480971 12628903
-0.29595122 0.343519 0.64986342 13682106
0.20396942 0.34182766 0.6504131 13089458
0.21557838 0.34323874 0.64929956 13352630
0.22471482 0.34291604 0.64957076 12892079
0.23470287 0.34350625 0.64746994 12957872
0.2412885 0.34356347 0.64636582 13023408
0.25158882 0.34259155 0.65048307 13088429
0.26173359 0.34356835 0.64935809 13681336
0.2682555 0.34367731 0.64932817 12759977
-0.33408585 0.34846762 0.6493569 11510932
0.24501088 0.34480885 0.64589196 12892335
0.27339345 0.34600893 0.64959091 12299426
0.28186736 0.34878424 0.6498875 13088685
0.3504625 0.3486518 0.64940816 12957355
0.36018756 0.34820428 0.64928645 12957356
0.36982825 0.34731224 0.64910787 12431012
0.37970209 0.34775379 0.64909762 12167840
0.38964808 0.34852853 0.6491285 12431012
0.39964738 0.34952524 0.64918762 12168353
0.43886971 0.3474566 0.64936107 7032641
0.44995856 0.34879687 0.64637202 6175271
0.46016946 0.34911147 0.64728123 5977636
0.4934178 0.34560743 0.64805406 2887425
0.28773892 0.35045627 0.64991456 12826027
0.29203269 0.35178104 0.65020257 13549493
0.29733139 0.35102203 0.64840454 12694697
0.30197036 0.35266677 0.65024835 13352114
0.30766675 0.35231379 0.64686602 13089455
0.31172368 0.35210827 0.65011138 12956843
0.32142314 0.35121647 0.64993232 13680307
0.33132565 0.35176888 0.64993578 12957354
0.34085229 0.34987703 0.64962918 12891561
0.34849527 0.35171166 0.65035492 12233379
0.35950053 0.35106137 0.64945394 12365478
0.37061751 0.35131851 0.64898664 12563884
0.37975213 0.35179904 0.64698023 12169383
0.38790625 0.35322455 0.64707309 11445403
0.40988994 0.35163322 0.64938754 11641240
0.4199582 0.35123017 0.6499216 10523017
0.43015933 0.35207298 0.65056044 3676432
0.47181624 0.35242274 0.64779907 4135436
-0.35496396 0.35721388 0.65014249 12036763
0.49069571 0.35861316 0.6463787 5188126
0.51957804 0.35737708 0.64937967 3940624
0.50234389 0.3610529 0.64617974 6767417
0.50839359 0.3609561 0.64901334 7428943
0.52920878 0.36226287 0.64993793 4203282
-0.38142881 0.36937705 0.64809185 11577500
-0.34008908 0.36736599 0.64983994 12827567
0.53522921 0.36592773 0.65036553 4203026
-0.34867656 0.37115434 0.64988917 13682876
-0.39099574 0.37577346 0.64583832 11840673
-0.39720958 0.38072613 0.64716345 11708831
0.5519675 0.37978926 0.65001518 3544584
-0.40233174 0.38730493 0.64600235 12169383
-0.37834227 0.3895922 0.64898878 12894390
-0.40593031 0.39321771 0.64819831 12169383
0.5591495 0.39025369 0.64994377 4662293
-0.40815994 0.3991349 0.6464712 11642782
-0.38451073 0.39487985 0.65014952 13223356
0.56596607 0.40158489 0.64792913 5582110
-0.41114554 0.40549806 0.647026 11248536
-0.41480121 0.41139427 0.64608377 11380122
-0.40964887 0.41288772 0.64736682 11118761
0.57234365 0.41124967 0.64907259 6239780
-0.4178966 0.4188197 0.64881378 10262675
0.57835138 0.41958109 0.65005916 6371366
-0.42386827 0.43194142 0.647286 11248536
-0.42934689 0.44490698 0.64873356 11380124
-0.43127063 0.45251635 0.64642102 11117723
-0.43615684 0.46416512 0.64754313 11118752
-0.44008031 0.47164705 0.64680046 10724253
-0.44432065 0.47755936 0.64602345 10724769
-0.44665864 0.48540881 0.64830381 10658977
-0.45133731 0.49461594 0.64951092 10527393
-0.19877583 0.2979733 0.65505439 13090225
-0.1874786 0.29839244 0.65387934 13353398
-0.17683476 0.29935613 0.65303081 13550521
-0.20029125 0.30357268 0.65092868 14340294
-0.1668129 0.30133548 0.65085274 13812923
-0.11623903 0.30083171 0.654908 13484725
-0.10668506 0.3022162 0.65287274 13484213
-0.097372971 0.30027202 0.65455574 12891819
-0.059044547 0.3014932 0.65133613 13681336
-0.21952102 0.30932859 0.65141255 14077377
-0.21089038 0.3064926 0.65098423 13813949
-0.13670197 0.30513623 0.6513626 13549491
-0.053649478 0.30494884 0.65375644 13023407
-0.044183128 0.30746594 0.6548807 13023664
-0.033992447 0.30934969 0.65310556 12826542
-0.25740796 0.31351033 0.65140527 13353140
-0.24858296 0.31231394 0.65209156 13155506
-0.22830841 0.31260911 0.65083617 13485497
-0.02721178 0.31019571 0.65475613 13221557
-0.022296438 0.31161633 0.6510455 12826543
-0.27651411 0.31663588 0.65407211 12957612
-0.26732183 0.31504944 0.65307492 12299938
-0.23203641 0.31483248 0.65539926 14340806
0.0025582821 0.31475964 0.65125543 13089455
0.010005994 0.317202 0.65088612 12561571
0.019493973 0.31842104 0.65098125 13220015
0.029715737 0.31855121 0.65124887 14339779
0.051456366 0.31841114 0.65076405 13549493
0.061016429 0.3190749 0.65078634 13944508
-0.28563765 0.32210806 0.65518302 12628649
0.028372264 0.321224 0.65441436 13088945
0.037182912 0.32266012 0.65457517 13023151
0.040526774 0.32305351 0.65117234 12891563
0.048827868 0.32296124 0.65134257 13747128
0.070580937 0.31984964 0.65082258 13417905
0.080136538 0.32129124 0.65094513 13351599
0.089311056 0.32260779 0.65065354 13614514
0.10099614 0.32369497 0.65142375 13681079
0.10983602 0.32448688 0.65430099 13746872
0.12097181 0.32273367 0.65201277 13088942
0.13159533 0.32222167 0.65133363 12957098
0.14110878 0.3222324 0.65072328 13286320
-0.26952621 0.3288441 0.65106672 13287859
-0.26290447 0.32534209 0.65137798 12761515
0.092897736 0.32473162 0.65451568 13219756
0.099947833 0.32512942 0.65323621 13943992
0.10985208 0.32586947 0.65317553 14536386
0.11858206 0.32672372 0.65460593 14799558
0.15235905 0.3272132 0.65444273 13878204
0.16105023 0.32771054 0.65316349 13286322
0.17051943 0.32958248 0.65181786 13483700
-0.27680206 0.33284643 0.65098065 12893101
0.17250672 0.33369306 0.65341765 13418166
0.17982517 0.33059362 0.65148395 14009787
0.18954772 0.33159068 0.65154618 13614771
0.19926028 0.33214322 0.65155178 13746356
0.20809147 0.33326724 0.65117544 13483697
-0.28217191 0.33634797 0.65291923 13945533
0.17517404 0.33627918 0.65550834 13747131
0.18408281 0.33865014 0.6542936 13352373
0.2124192 0.33569458 0.65354139 12891303
0.21957716 0.33639255 0.65164191 13811893
0.23133497 0.33891931 0.65146488 13351087
0.45088241 0.33803716 0.65061659 5386017
0.19122264 0.34066334 0.6527707 13352373
0.1966103 0.34205881 0.65202743 13286580
0.24197765 0.34085193 0.65076822 13482674
0.44158641 0.34290913 0.65177721 5520174
0.48060703 0.3401114 0.6506862 3348492
0.48898336 0.34260872 0.65136081 4203287
-0.30107957 0.346854 0.65096885 12958639
0.25706217 0.34617868 0.65442401 13155248
0.26697096 0.34733978 0.65293938 13089455
0.27670926 0.34891203 0.65083581 13023662
0.43024978 0.34889367 0.65085822 9667450
0.43117356 0.34938172 0.65552694 5385760
0.43872577 0.34706345 0.6540193 6043686
0.44728333 0.34673777 0.6514166 6109478
0.50041544 0.34727183 0.65148312 3281929
-0.35154355 0.3544865 0.65330189 11378833
-0.34305865 0.35157636 0.65079123 12103325
-0.3102183 0.3510789 0.65090805 12629673
0.28145581 0.35006788 0.65440005 13813178
0.33040369 0.35390022 0.65164143 12694185
0.33877581 0.35279074 0.65180284 13022895
0.38971263 0.35379806 0.6553399 11313047
0.41944256 0.35413924 0.65070087 7496028
0.48120996 0.35469416 0.65414625 4858904
0.51032102 0.35274509 0.6511901 4400664
-0.320057 0.35635975 0.65163571 12432549
0.40073127 0.35507312 0.65378374 10720397
0.41044036 0.35498109 0.65223998 10654604
0.4927896 0.35820833 0.65289277 5780262
0.50208825 0.35956839 0.65166885 5649962
-0.36257744 0.36049691 0.65262991 11971484
-0.33010596 0.36206284 0.65076727 12958896
-0.38101017 0.36879244 0.65459603 11576984
-0.37176242 0.36486569 0.65422052 12497830
0.54112983 0.36909261 0.650729 4531735
-0.38539779 0.37147406 0.65529174 12103586
0.54746073 0.37359062 0.65292388 3610120
-0.35416913 0.37487045 0.65252239 13222583
0.56538743 0.39958504 0.652767 6043173
-0.39039415 0.40038171 0.65085238 13026492
-0.39991301 0.40805116 0.65184468 13026496
-0.41128358 0.4158881 0.65172499 11118761
0.58397996 0.42657927 0.65088195 6371365
0.58932531 0.43257764 0.65158373 7293495
-0.44294158 0.4882355 0.65547627 11052962
-0.2278201 0.30441752 0.65887898 12825259
-0.21816292 0.30051139 0.6573655 13615286
-0.20823509 0.29985979 0.65667421 13287091
-0.19754329 0.30382183 0.65687102 14142659
-0.18950731 0.30331925 0.65912038 14076862
-0.17878464 0.30201605 0.65934545 13221039
-0.17146245 0.30048373 0.65926284 12299939
-0.16851535 0.30125728 0.65948671 13155245
-0.15801081 0.30297151 0.65959579 13023404
-0.15041476 0.30343226 0.65926689 12694695
-0.14675412 0.30412868 0.65776569 13483700
-0.14379036 0.30380514 0.65650588 12957867
-0.13633358 0.30423465 0.65691918 13023148
-0.12636927 0.30312279 0.65560788 13220783
-0.11605274 0.30354658 0.66023535 13746869
-0.076328851 0.30084637 0.65902573 13023919
-0.065335654 0.30215886 0.6571365 12694700
-0.049540214 0.30322042 0.65930325 13812664
-0.23525059 0.30831912 0.65879041 13615544
-0.13892305 0.30553082 0.66015965 12957354
-0.12822606 0.30524471 0.65975922 13022890
-0.12055361 0.30479792 0.65901428 13746356
-0.097770803 0.30479088 0.65885955 13944764
-0.090414457 0.30634418 0.65965515 13221041
-0.080880098 0.30611899 0.65956038 12628647
-0.05502101 0.30481175 0.65731615 13023665
-0.039713822 0.30621722 0.65929633 14075580
-0.030559847 0.30932549 0.65966076 12825000
-0.24555212 0.31455222 0.66034561 13352884
-0.22538489 0.31383052 0.65840727 14275013
-0.019614825 0.31093326 0.65980726 13549235
-0.0086745862 0.31287423 0.65999931 12628390
-0.0016551405 0.31476608 0.65908903 12694441
0.00060951558 0.31587139 0.6603474 12628390
0.0099426936 0.31790403 0.65865105 13417908
0.018007582 0.31957772 0.65608996 13812924
-0.2568202 0.32384017 0.6583634 13617081
-0.24965563 0.32258812 0.659352 13287860
-0.23971251 0.31983486 0.65931565 14011326
0.042380836 0.32261565 0.65997535 13220527
0.060468081 0.32245615 0.65993065 13812920
0.069890812 0.32253888 0.6588704 14207678
0.076896735 0.3237367 0.65770084 13813178
0.12824111 0.32472065 0.65748686 13943220
-0.29686686 0.32916752 0.65639549 12036511
-0.29230654 0.32686153 0.65566522 12694185
0.070868105 0.32543698 0.65963691 12891819
0.080649644 0.32585779 0.65884656 14141374
0.088686384 0.3251684 0.65632445 13549495
0.094217107 0.32576361 0.65607673 13878714
0.1011315 0.32595006 0.65597838 14207936
0.14183803 0.32635656 0.65993541 13221042
0.14939423 0.32751837 0.65824741 13154994
0.15357488 0.32968166 0.65945536 13286580
-0.30434054 0.33255556 0.65733653 12431524
-0.27632436 0.33309618 0.66053814 13814461
0.15993057 0.33231083 0.65958816 13746872
0.16291016 0.33157209 0.65645379 13681338
0.16707121 0.33370867 0.6584354 14602181
0.20100823 0.33369818 0.65820485 14141369
0.20585638 0.33369663 0.65817195 13747124
-0.3140496 0.33848169 0.65788954 12628902
0.44982904 0.33742097 0.65994328 4596758
0.460776 0.33661762 0.66037828 4664092
0.47181049 0.33716968 0.66008514 3283984
-0.32294768 0.34431913 0.65912694 12366498
-0.29489943 0.34385207 0.65966481 13221811
-0.28927901 0.34135023 0.65929574 13353397
0.2057507 0.34389618 0.65968543 13352116
0.21488947 0.34366134 0.65765113 13286322
0.2258883 0.34300259 0.65915757 13220528
0.23705307 0.34338179 0.65736419 13023662
0.24641143 0.34409299 0.65591091 13221041
0.26138642 0.3423157 0.66014069 13615029
0.26832184 0.34367731 0.65909475 13417907
0.45011616 0.34412518 0.65992373 5846053
0.48067319 0.3401114 0.66042811 4401949
-0.33340675 0.34818056 0.65970606 12432292
-0.30104467 0.3480207 0.66025847 13419190
0.24742836 0.34524313 0.65589577 13155248
0.2734783 0.34617582 0.65939635 13417907
0.28038049 0.34950688 0.65979928 13154478
0.35052907 0.34865192 0.65920979 12957356
0.36033064 0.34864858 0.65914303 12299426
0.37013218 0.34864548 0.65907663 12102047
0.37999541 0.34897605 0.65905529 12036254
0.38986382 0.34930626 0.65903276 11904668
0.45812023 0.34548166 0.65817076 5451039
0.46355501 0.34781435 0.65583402 4332815
-0.30994534 0.35173157 0.66040069 13221810
0.28927422 0.35196009 0.66008633 13023149
0.29936045 0.35212293 0.65878242 13286834
0.30055082 0.35386732 0.66025096 12759204
0.30912134 0.35278729 0.65729743 13154991
0.31134823 0.35366395 0.66047901 12561824
0.31932086 0.35313085 0.65620559 12891563
0.32169634 0.35266057 0.65994447 12956838
0.32909304 0.35295525 0.65647429 12760234
0.33144185 0.35210219 0.65980357 13220526
0.33613932 0.35189632 0.65638751 13155248
0.34098822 0.35032132 0.65950006 12825769
0.35077927 0.35157779 0.65758222 12103076
0.35889223 0.35142377 0.65914482 12168100
0.36904806 0.35237709 0.65839702 12299942
0.37947929 0.35322419 0.65687114 12432298
0.40000239 0.3509697 0.65918893 12036768
0.40995666 0.35163322 0.65921026 11312790
0.41975725 0.35159901 0.65983194 8811374
0.42589384 0.3514767 0.65664977 3873559
0.47189641 0.3504093 0.65679795 4398351
0.48172218 0.35391465 0.65955943 6635570
0.51558495 0.35460058 0.66053754 4465942
0.50364214 0.35791984 0.65967041 6638913
0.52079672 0.35645607 0.66004962 4597273
0.53070116 0.3614848 0.65972096 4465686
-0.33933246 0.36743727 0.6602487 14012097
0.54050636 0.36675945 0.66036552 4465171
-0.3478545 0.37103513 0.66030174 13946305
-0.39080811 0.37504044 0.65635139 12169636
-0.3976624 0.38069156 0.65699142 11972003
-0.40126714 0.38655022 0.65619534 12564396
0.5578993 0.38592067 0.65947455 5057049
-0.37770537 0.39004436 0.65961248 13354684
-0.40649173 0.39991608 0.65621513 12761776
-0.40944609 0.40712824 0.65718871 12169896
0.57157767 0.40858307 0.65727001 6305829
-0.41195425 0.41256586 0.65652937 12037797
-0.39945978 0.40988448 0.66034061 12566201
-0.41547903 0.42167512 0.65862459 10657690
0.58061081 0.42108038 0.66053897 6765867
-0.42060694 0.42709485 0.65867943 9276037
-0.42316851 0.43102768 0.65708619 11446428
-0.42974409 0.44180086 0.65722734 11709602
-0.43290976 0.45241657 0.65749258 11906981
-0.43445811 0.45795479 0.65709585 12631219
-0.43572983 0.46322075 0.65584546 11841703
-0.43795118 0.47261372 0.65637094 11315617
-0.44012132 0.48224536 0.6563887 11184031
-0.44577548 0.49577227 0.65684634 10921891
-0.45029059 0.50032759 0.65637249 10725029
-0.45407304 0.50600636 0.65779287 10461857
-0.18700278 0.29970327 0.66359419 12760233
-0.1963802 0.3008596 0.66515571 13089453
-0.17749405 0.30039743 0.6627019 13023149
-0.1660195 0.30268529 0.6616562 12825514
-0.12419293 0.3046439 0.6635049 13352369
-0.11543838 0.30214766 0.66367108 13878970
-0.1067813 0.30162612 0.66133124 13615799
-0.10188582 0.30299225 0.66116756 13418164
-0.098208703 0.30062094 0.6630227 12694696
-0.092900388 0.30116406 0.66210061 11839386
-0.086164735 0.30029264 0.66226107 13023405
-0.069719486 0.30308965 0.66077191 14273472
-0.05872824 0.30167881 0.66164571 13549493
-0.20901003 0.30771425 0.66064638 14208450
-0.19969818 0.30539396 0.66071635 14076863
-0.18982548 0.30481938 0.66328222 12694950
-0.14710775 0.30480614 0.66299206 12957867
-0.046891309 0.30477503 0.6644209 13220528
-0.042404197 0.30745068 0.66498333 13090228
-0.032751553 0.30811766 0.66393417 12958128
-0.024809698 0.30949441 0.66266257 13089713
-0.23893893 0.31206706 0.66192037 13221043
-0.21838626 0.31139961 0.6612137 14801100
-0.017991567 0.31176785 0.66168767 12365989
-0.012165347 0.31248656 0.66072387 11904924
-0.27666414 0.3178151 0.66421324 13089198
-0.27298868 0.31542054 0.66330272 13417907
-0.26567203 0.31655911 0.66293436 13089198
-0.25545391 0.31670919 0.66172141 13286833
-0.22923806 0.31649831 0.66145343 14735049
-0.22240847 0.3148295 0.66489726 15064015
0.0074705095 0.31646743 0.660752 13812924
0.020253828 0.31682959 0.66521901 13089198
0.030298298 0.31900433 0.66545779 13549236
-0.28570968 0.32337812 0.66503459 13681338
0.01945976 0.31975451 0.66075176 12431269
0.030647038 0.31991771 0.66069883 13088942
0.040054869 0.32144752 0.66446334 13483441
0.041784454 0.32096985 0.66076809 12825513
0.050219599 0.32328311 0.66121155 13549748
0.051362973 0.32152238 0.66077989 13680820
0.060375877 0.32436183 0.66083771 13813176
-0.26955521 0.32917753 0.66077322 14209218
-0.2615701 0.32612744 0.66076773 13617082
-0.25385207 0.32483926 0.66329354 13222325
0.062458206 0.32474104 0.66435605 14075835
0.071247227 0.32573846 0.66363293 14207165
0.080446072 0.32661059 0.66168433 13811894
0.089664765 0.32762161 0.66135949 13745844
0.099290654 0.32928517 0.66152161 13548721
0.10293241 0.32894197 0.66420597 13746358
0.11155459 0.3287622 0.66220099 13088428
0.1220156 0.32742515 0.66116959 13088683
0.13131487 0.32702437 0.66110569 13417905
0.14134841 0.32852641 0.66288286 13746872
0.15046234 0.33058885 0.66095108 14272704
-0.28170913 0.3366479 0.66250879 13682875
0.15423419 0.3357127 0.66526586 14075067
0.16177896 0.33562294 0.66491181 13878202
0.16919622 0.3367826 0.66305119 14272704
0.17528526 0.3392041 0.66367 13483702
0.18061167 0.33684745 0.66108221 13416878
0.18986042 0.33659044 0.66191 13219242
0.19910288 0.33627012 0.66272837 13483184
0.209685 0.33632043 0.66214377 13483698
0.2190498 0.33713689 0.66178745 13681077
0.23007728 0.33878008 0.66164273 13154220
0.1846292 0.3416169 0.66174775 13286323
0.1880531 0.34357551 0.66547519 13943997
0.19627978 0.34429684 0.66082579 13417908
0.24131449 0.33978549 0.66232425 13021865
0.25212452 0.34088221 0.66142589 13811894
0.43439579 0.34362569 0.66447777 3217425
0.4403975 0.34151271 0.66089112 4532511
0.48936653 0.34227529 0.66066605 3808783
0.24447972 0.34500185 0.66323441 13286834
0.25822014 0.34799698 0.66486186 13352627
0.26779118 0.34877935 0.66342491 13221041
0.35535896 0.34965983 0.66374964 12562857
0.42980534 0.34708145 0.66142958 8548201
0.43132514 0.34752694 0.66183001 5385503
0.44021228 0.34501031 0.6608302 5319452
0.50039119 0.34693864 0.66123062 4729114
-0.3515583 0.35455456 0.66108316 13287344
-0.34258461 0.35070041 0.66186827 11905948
0.27751943 0.35000673 0.66132075 13023662
0.28097913 0.35172918 0.66519362 12957869
0.33064815 0.351679 0.66434819 13023406
0.33899522 0.35064974 0.66288656 13089713
0.34755173 0.35009924 0.66217655 12629163
0.41124141 0.3538312 0.66218549 10194054
0.42247704 0.35026935 0.66340798 3545105
0.48146021 0.35242394 0.66497058 6240042
0.50988829 0.351769 0.6618281 4071183
-0.31944048 0.35685959 0.66202158 12958124
0.39519727 0.3551003 0.66193682 10918032
0.40390885 0.35529831 0.66353351 9996931
0.4920997 0.35549203 0.66197628 5845798
-0.36045256 0.36089364 0.6628527 12892074
0.51090556 0.36032489 0.66178292 10984849
-0.36992368 0.36680332 0.66286391 12234144
-0.37798911 0.36973038 0.66333467 10852747
0.54671806 0.37092426 0.66088384 4859673
-0.38926375 0.37480143 0.66556329 12498088
-0.36017561 0.37803903 0.66129702 13156791
-0.35411263 0.37487045 0.66084224 13288377
0.5516482 0.37625602 0.66156882 4991259
-0.36823833 0.38307491 0.66133589 13157048
-0.40243086 0.39202026 0.66415244 13025459
-0.40880927 0.41788736 0.66080457 11513775
-0.42713407 0.43264309 0.66192132 7566453
0.58939588 0.43257764 0.66197461 7227188
-0.43391815 0.43689516 0.66249961 7830137
-0.43971053 0.49456301 0.66506249 11117984
-0.20598906 0.30397072 0.66588718 14141630
-0.17771137 0.30381575 0.66701311 12431267
-0.16852978 0.30311278 0.66985387 13089454
-0.15408081 0.30451527 0.66893715 12759464
-0.11748847 0.30397204 0.67012149 13681077
-0.11031034 0.30409458 0.66853553 12694184
-0.10593197 0.30314556 0.66764086 13023405
-0.097944744 0.3015174 0.66897339 12825770
-0.093102656 0.30378941 0.67039102 13813181
-0.085662074 0.29979494 0.66657037 13616312
-0.074072562 0.30118349 0.6686812 13682106
-0.066236936 0.30378118 0.66862744 14141628
-0.061617173 0.30362287 0.66792458 13352627
-0.22587287 0.30665889 0.66713387 13417652
-0.2165691 0.30502895 0.66608876 13483443
-0.20984298 0.30819002 0.6701104 14601411
-0.18886289 0.30770817 0.67002326 13155246
-0.14708623 0.30480614 0.66615623 13023660
-0.14419946 0.30589238 0.66763097 12825255
-0.13717127 0.30566636 0.66827637 13220783
-0.13236009 0.30718485 0.66848224 13483185
-0.12477901 0.3064864 0.6678986 13220526
-0.055476569 0.30508152 0.66646534 13484728
-0.050328903 0.30621973 0.66762727 13287607
-0.040126033 0.30786386 0.67019349 12759721
-0.23630437 0.31379452 0.66974813 13681080
-0.23135489 0.30981651 0.66871148 14668489
-0.20836133 0.31222525 0.66889447 14339263
-0.19895273 0.31015566 0.67044443 13878712
-0.030570278 0.30999222 0.66928166 12758950
-0.019584427 0.31126657 0.66939098 12562082
-0.010872656 0.31302777 0.67017418 12694697
-0.0086309556 0.31309643 0.66958076 12824996
-0.00023460537 0.31363681 0.66799718 12957869
-0.2440854 0.31846085 0.66951352 13812921
0.00065485237 0.31609359 0.66994971 13088169
0.010072654 0.31626073 0.66866928 13286577
0.018493941 0.31739619 0.66873795 13089198
-0.23885623 0.32283464 0.66612417 14011841
-0.23110813 0.32143226 0.66779929 14406087
0.030273033 0.31993297 0.6700117 13483957
0.050237384 0.32374504 0.66964787 13417905
-0.29148754 0.32756808 0.66733104 13155505
0.072784387 0.32591775 0.66942793 13286577
0.080265179 0.3271915 0.66750628 13286321
0.085713737 0.32776287 0.66745251 13812408
0.092847332 0.32787696 0.6667158 13417650
0.13417871 0.3295404 0.6688661 13746872
-0.30371523 0.33388093 0.66689605 12892074
-0.29570538 0.32997981 0.66647094 12497318
-0.26872006 0.33212963 0.66992861 14011586
-0.24980196 0.32983807 0.67040223 15327446
0.079937235 0.3319023 0.67007989 13877686
0.089589454 0.33298269 0.66936022 13680050
0.099279001 0.33272985 0.66845089 12758692
0.11220901 0.33301142 0.67025012 13153450
0.14506179 0.3307102 0.66959149 13549493
0.14882916 0.33371428 0.66933352 14470593
0.15527226 0.33235517 0.66612571 13943996
-0.31210795 0.33813086 0.66785794 12826280
0.44929793 0.337621 0.67002338 4335385
0.45957047 0.33721784 0.66957277 3547411
0.47081143 0.33761445 0.67017215 3087891
-0.32298416 0.34397724 0.66804832 12629156
-0.31830385 0.34122184 0.66937643 12760743
0.20748317 0.34464505 0.66920191 13351858
0.21788634 0.34431353 0.66746658 13154735
0.22671348 0.34409478 0.66771024 13220784
0.23535264 0.34406903 0.66630858 12826283
0.26183695 0.34334591 0.66777319 13614772
0.43442896 0.34362569 0.66936094 3808537
0.44031098 0.34084597 0.67054874 4203289
0.45198661 0.34257379 0.66877824 5911848
0.46132725 0.34454778 0.66934973 5319710
0.48069605 0.33994463 0.67014593 3151886
0.48931465 0.34183088 0.67035908 4597272
-0.33139157 0.34666529 0.67031318 12299678
-0.29966617 0.3490757 0.67019325 13748412
0.24789692 0.34626618 0.66698319 13484213
0.27115586 0.34781924 0.66896456 13483699
0.35091546 0.34874275 0.67021042 13023147
0.36040831 0.3486487 0.67057818 12825769
0.37027001 0.34897903 0.67055887 12760490
0.47299707 0.34934643 0.6657626 5845284
0.50073701 0.34648016 0.67054409 4925979
-0.30737603 0.35285583 0.66749424 13813176
0.27816835 0.3515574 0.66981906 13285807
0.2888138 0.35303321 0.66910881 12759462
0.29868686 0.35239843 0.66772956 12628134
0.30072129 0.35466734 0.67020029 12364188
0.30912465 0.35376254 0.66889602 12561826
0.31992915 0.35259774 0.66616732 12891306
0.32080561 0.35429731 0.67031151 12759459
0.33165836 0.353102 0.6697703 12693923
0.34115902 0.35098806 0.66940612 13089196
0.36284101 0.35069934 0.66990525 11839135
0.37200415 0.35273805 0.66879481 12036256
0.3799749 0.35024276 0.66969329 11707546
0.3826915 0.3538287 0.66731054 11904927
0.39025065 0.3509728 0.66907364 12299682
0.39263558 0.35440448 0.66659206 11181205
0.40039706 0.3510907 0.67020947 11642009
0.40133208 0.35461262 0.66819805 11049620
0.41032913 0.35163334 0.67022127 11049361
0.41404688 0.35265651 0.66596586 8021859
0.41980469 0.35140803 0.67002612 10193539
-0.35442418 0.35805193 0.66605383 13155503
0.2959238 0.35566869 0.67037469 12824739
0.51064277 0.35884276 0.66725928 10655112
0.52264279 0.35609832 0.67054611 4530966
-0.32858658 0.3628625 0.66900927 12893100
0.53047878 0.36048475 0.66947371 4531222
-0.36588824 0.36871985 0.66908842 13550004
-0.33940166 0.36949077 0.67040616 13419703
-0.33284965 0.36586371 0.66944891 13090480
0.54073149 0.36619273 0.66955262 4859415
-0.38098302 0.37179485 0.66645926 11971742
-0.37265095 0.37080303 0.66783518 13089453
-0.39949924 0.38792852 0.66702765 12695981
-0.3706345 0.38827553 0.67009073 13486527
-0.3764247 0.39137736 0.66818982 13420734
-0.3864876 0.40088049 0.66952735 13815750
-0.40870228 0.40768734 0.66630989 12564910
-0.41125706 0.41300252 0.6671316 12565167
-0.39887321 0.41088441 0.66992205 13158336
-0.40818939 0.41872051 0.67033964 10132122
-0.41465864 0.42017022 0.66634196 12499374
0.57909071 0.42158082 0.66749042 6173216
-0.41748711 0.42591241 0.66771585 12565424
0.58441079 0.42757919 0.66826254 6633767
-0.42200771 0.43195859 0.66669029 12170667
-0.43034628 0.43675116 0.66940373 7961722
-0.42629221 0.43711451 0.6658892 12104875
-0.43793979 0.44156316 0.67007846 7961722
-0.42893818 0.4429169 0.66781479 12104875
-0.43236712 0.45344785 0.66654807 12368304
-0.43389222 0.46184316 0.66727597 12236462
-0.43560633 0.47445539 0.66595 11710376
-0.43718901 0.48467925 0.66613501 11447203
-0.4379051 0.49177924 0.66808909 11183521
-0.45027557 0.50964487 0.66564745 10264478
-0.44346675 0.505265 0.66661853 10789792
-0.45650503 0.51100957 0.66855329 10264478
-0.19544655 0.30363944 0.67447001 12233117
-0.18536323 0.30135182 0.67340773 12431009
-0.17438829 0.30101624 0.67276317 12627619
-0.16420466 0.30256656 0.67102271 12890793
-0.15929556 0.30280998 0.67069536 12826538
-0.15026516 0.30362549 0.67118376 13286832
-0.14366147 0.30380514 0.67547756 12892076
-0.12472201 0.3037993 0.67060572 13155246
-0.10842899 0.30101636 0.67167002 13944505
-0.10313606 0.30460432 0.67318588 12562854
-0.099001028 0.30297306 0.67074317 14010557
-0.093306191 0.30291548 0.67189711 12629161
-0.082884155 0.30160204 0.67134863 13353141
-0.22266155 0.30966571 0.67267686 14602437
-0.21579528 0.30834797 0.67125493 13154477
-0.20112666 0.30570176 0.67448574 11706261
-0.1794171 0.30521622 0.6714974 13418161
-0.13786277 0.30703381 0.67385966 12824998
-0.1306328 0.30500105 0.67145234 13418162
-0.12286472 0.30774537 0.67486614 13352114
-0.11333772 0.30584505 0.67488402 12299683
-0.089587353 0.30558828 0.67062861 13484214
-0.079973288 0.30664244 0.67116994 13089454
-0.069821559 0.30567113 0.67174035 13352112
-0.058022626 0.30506423 0.67282671 13286319
-0.049131207 0.3062202 0.67203242 12957355
-0.041423999 0.31028488 0.67482764 12167842
-0.031444095 0.31031588 0.67270273 12102049
-0.022027621 0.3113232 0.67154914 12365478
-0.019242043 0.31196061 0.67112976 12233634
-0.21987575 0.31920364 0.67148918 14142398
-0.21100634 0.31732586 0.67395121 14141884
-0.27382582 0.32248595 0.67387408 13417907
-0.26397651 0.32130912 0.67291385 13746872
-0.25413311 0.32063225 0.6714862 14076091
-0.24269974 0.3223609 0.67478782 13548723
0.031356312 0.31973365 0.675273 13483957
0.041305181 0.32178584 0.67253453 13549236
0.052171696 0.32371023 0.67266494 13483443
-0.24009493 0.32766822 0.67109984 15195861
-0.22996068 0.32583192 0.67290884 14866378
0.053385906 0.32541063 0.67307848 13549235
0.061600622 0.32604197 0.67110687 13681078
0.081708066 0.32812265 0.6746065 12957356
-0.29625332 0.3302156 0.67515618 13024175
-0.25907293 0.33084098 0.67100948 14406345
0.070333205 0.33007208 0.67149717 14338493
0.094117537 0.32975188 0.67550236 12825770
0.10450777 0.33073798 0.67476636 13088686
0.11428323 0.33043864 0.67223233 13417907
0.1228102 0.33134273 0.67129236 13680820
0.12973773 0.33233777 0.67364734 13681079
0.13159138 0.33160856 0.67130333 14075321
0.13713032 0.33054033 0.6754778 14404802
0.14088015 0.33259168 0.67097813 14273214
-0.26973954 0.33584419 0.67461973 15195861
0.078235894 0.33573619 0.67549282 14008759
0.089542016 0.33633283 0.67420906 14074552
0.099255957 0.33622983 0.67380482 13350572
0.10832686 0.33592692 0.67402297 13350829
0.14458981 0.33571568 0.67504209 15193546
0.15214705 0.33654669 0.67295367 14338237
0.1614764 0.33692589 0.67204744 14207165
0.17087288 0.33916202 0.6709438 13877430
0.18003097 0.33952263 0.67093366 13877429
0.19000366 0.338146 0.67184943 14008759
0.1996932 0.33747628 0.67168754 14009272
0.20951664 0.33902875 0.67184597 13746100
0.17679633 0.34234288 0.67388123 13023150
0.18349329 0.34372297 0.67297667 13220016
0.21932742 0.3401368 0.67193848 13351598
0.22908591 0.34035614 0.67190439 13417646
0.24001338 0.34041324 0.6715433 14141113
0.25093445 0.3424603 0.67206055 14140859
0.43210682 0.34409705 0.67106777 5122075
0.4421418 0.34136918 0.67097741 5451297
0.49631637 0.3436065 0.67382413 4662807
0.18955217 0.3452709 0.6728732 13088686
0.19811083 0.34611836 0.67092091 13549494
0.24152902 0.3467671 0.67254668 13682105
0.24903409 0.34938529 0.67516118 13419190
0.2629365 0.34592906 0.67166275 13219757
0.34933788 0.34897903 0.67173034 12365478
0.35699543 0.34957305 0.6706391 12036513
0.42239654 0.3494716 0.67152327 3939346
0.42935175 0.34712735 0.67185432 4994352
0.47512245 0.34923401 0.67471021 5582110
-0.34194437 0.35012451 0.67087418 11971225
0.25974673 0.3504391 0.67396206 13418420
0.27036619 0.35098413 0.67201215 12826027
0.28135401 0.35225382 0.67103308 13023149
0.32190245 0.35350826 0.6744923 12825000
0.33108228 0.35116735 0.67530328 13154992
0.34072185 0.34977534 0.67317265 12102307
0.4047443 0.35383466 0.67484194 9404283
0.41308308 0.35310534 0.67302257 5389369
0.48359504 0.35231093 0.673958 6503213
0.51145518 0.35126844 0.67157012 3873549
0.51875526 0.35393289 0.67190307 4530966
-0.35358787 0.35878959 0.67203611 12695207
-0.34944946 0.35493425 0.67214388 12826791
-0.31927288 0.35952631 0.67178363 12958635
-0.31017679 0.35565677 0.67183787 13419445
0.29156059 0.35567001 0.6725933 12298396
0.49441677 0.35511902 0.67281967 6372141
0.50476038 0.35742953 0.67167228 5849396
-0.35975105 0.36450532 0.67232579 12826536
0.51307011 0.36021009 0.6708954 7628634
0.53800571 0.36359361 0.67316645 4925465
-0.37843513 0.3741366 0.67479533 12300194
-0.3679989 0.37183383 0.67389947 12694438
-0.38809019 0.37769368 0.67537647 12958895
-0.35021091 0.37586918 0.67177111 12696240
-0.35910535 0.38124695 0.67131788 13090998
-0.3969394 0.38904086 0.67537647 12564395
-0.38075823 0.39662865 0.67145604 13815750
-0.39037877 0.40554824 0.67187577 13749957
-0.41813579 0.42809024 0.67095667 8224896
-0.44033024 0.44489709 0.67402154 8027769
-0.43048885 0.45328751 0.67550284 12302511
-0.43702707 0.49121442 0.67230099 11973549
-0.44097039 0.50673223 0.67490977 11249829
-0.4435232 0.51211679 0.67323798 10066329
-0.44770536 0.51505208 0.67556113 9935001
-0.16886097 0.30351296 0.68034583 13813948
-0.16264898 0.30233219 0.67790645 13680309
-0.15426973 0.30404976 0.67980081 12825002
-0.11834446 0.30379727 0.67846769 13352112
-0.10874588 0.30312756 0.67830175 13615284
-0.10011654 0.30354157 0.67909664 14076094
-0.20524406 0.30801943 0.67632526 12890792
-0.17901495 0.30648282 0.67928261 14406342
-0.14475596 0.30674103 0.67757863 13220014
-0.13925326 0.30846551 0.67863244 13483700
-0.13270737 0.30839494 0.67634684 13549493
-0.09119042 0.30653086 0.68041581 12562599
-0.081834637 0.30576876 0.68030614 12891819
-0.071902312 0.3055369 0.67962259 12957356
-0.06245742 0.30651215 0.67707902 12299682
-0.052232362 0.30882552 0.67693001 12760490
-0.22403562 0.31252101 0.6777609 13483442
-0.21424681 0.30992666 0.67705315 12364447
-0.19658709 0.31382158 0.67732435 13222325
-0.18961197 0.31126383 0.68007749 14340806
-0.030488679 0.30993655 0.6803903 13549236
-0.021192992 0.31219068 0.67762333 12562344
-0.019483218 0.31101647 0.6804809 13483443
-0.0088672582 0.31296328 0.67975003 13944250
-0.23270643 0.31731513 0.67890126 13746357
-0.0089702178 0.31509545 0.6784963 12760491
0.00097677705 0.31581059 0.67914981 13154991
0.010153932 0.31673327 0.67810851 12891820
0.019641316 0.31908777 0.67984694 13549493
0.021188146 0.31856087 0.67769808 13023918
-0.2530739 0.32330194 0.67685312 14273727
-0.24265856 0.32402077 0.68034691 13680821
-0.23933047 0.32181147 0.67692441 13286321
-0.21817398 0.32382825 0.67895848 14076348
0.029173767 0.31997362 0.67991668 13352114
0.039788131 0.32247546 0.67993122 13878458
0.046932038 0.32322672 0.67665821 14535618
-0.29147071 0.32813028 0.67627889 12958382
-0.27015644 0.32644811 0.68039328 14801103
-0.26343066 0.32521704 0.67900008 14932431
0.073308326 0.32776836 0.67871398 13417649
0.084154539 0.32934299 0.67848641 13220528
-0.30202341 0.33387819 0.67713422 13419190
-0.23657224 0.33283392 0.67719203 15261394
-0.22905755 0.33033147 0.67959958 14668485
0.067007869 0.33373979 0.67850858 14009526
0.12318565 0.33305946 0.67905909 13877944
0.13003379 0.33372024 0.6780805 14798788
0.13441703 0.33265534 0.67948252 13812665
0.14562576 0.33355358 0.67825216 13878458
-0.31237525 0.33911267 0.67767185 13221553
0.080239862 0.33930698 0.68017715 14732481
0.15532598 0.33524993 0.67576712 14207423
0.16656451 0.33960333 0.67584568 13483701
0.4498373 0.33962086 0.68004674 3415312
0.45952103 0.33939567 0.67994684 2034692
0.47041216 0.33753124 0.67959207 2232326
0.48033115 0.33827808 0.67963737 3348236
-0.31919038 0.34244087 0.67808217 13286831
-0.28663909 0.34384957 0.67751485 15459033
-0.27790251 0.34184673 0.68041772 15656412
-0.2692107 0.33984402 0.6800645 15393240
-0.2596097 0.34034112 0.68007332 15590619
0.18364809 0.34450129 0.67978209 13878456
0.24728256 0.34343377 0.68036205 14075320
0.43288571 0.34322241 0.68039781 5320739
0.44040272 0.34095719 0.68031245 3742736
0.44347304 0.34054056 0.67979234 4728346
0.45181903 0.34131125 0.67869824 4596760
0.46108899 0.34381321 0.67713064 5188382
0.48911595 0.34083107 0.67996377 4859674
0.49636063 0.3436065 0.6803351 4530706
-0.33072442 0.34749511 0.6802327 12759203
-0.32323599 0.34518901 0.6801514 12957095
0.20883848 0.34683159 0.67995054 13351343
0.21843243 0.34617367 0.67736453 12957097
0.22876683 0.3466045 0.67626947 13418418
0.236738 0.34681204 0.67589015 13682362
0.25900716 0.34690252 0.67917281 14404286
0.46829343 0.34680894 0.67902201 4990745
-0.29973271 0.35165361 0.67840976 14735565
0.26010096 0.35353962 0.68035513 13550263
0.26798028 0.35241368 0.67872721 12891050
0.27862328 0.35467413 0.6777336 13285549
0.28600043 0.35467187 0.67686313 12496033
0.30235368 0.35409537 0.67994767 12956838
0.3104623 0.35341421 0.67979068 12298909
0.32079035 0.35375181 0.67947334 12693668
0.33172518 0.353102 0.67960197 12562338
0.34149322 0.35074547 0.68037504 12628388
0.36448187 0.35061243 0.67681295 12299687
0.37380499 0.35162047 0.6784324 12233893
0.38419557 0.35271683 0.67775708 11839136
0.39023143 0.35047296 0.68045038 12299683
0.39456999 0.35341218 0.67630559 11115414
0.28197289 0.35491446 0.67947382 12364449
0.29119384 0.35512963 0.67807466 12430242
0.30077061 0.35483971 0.67654663 12693157
0.31153795 0.35504857 0.67702609 12429986
0.52993411 0.35949627 0.67987388 5057049
-0.32720891 0.36386207 0.67574126 12761772
-0.3192842 0.36235955 0.67959875 13945789
0.53803939 0.36359361 0.67811972 4859414
-0.33763883 0.37166539 0.67957574 13222839
-0.3979432 0.39532617 0.67876977 13156532
-0.40228817 0.4008595 0.6763733 12761774
-0.40679929 0.40764394 0.67659932 12893616
-0.41038588 0.41282871 0.67681152 12696494
-0.39713746 0.41188374 0.67618948 10132116
-0.39054239 0.41068164 0.68007642 13223872
-0.41509858 0.42100623 0.67580289 12959411
-0.40684512 0.41988674 0.67735177 9342606
-0.41763964 0.42689422 0.67774171 13419962
-0.42120907 0.43305948 0.67671496 12630447
-0.4194636 0.43089071 0.67721421 8093050
-0.43606707 0.4428958 0.67721504 7896183
-0.42903218 0.44089356 0.67968625 8224893
-0.42719302 0.44491628 0.6773594 12433327
-0.4327223 0.46424535 0.6764614 12170925
-0.43401667 0.47539225 0.67671269 12171183
-0.43566504 0.48524716 0.67671067 11842218
-0.43827465 0.4967604 0.6760971 11776171
-0.17489538 0.29942861 0.68226153 13483187
-0.19402704 0.30337885 0.68487185 13417650
-0.1853818 0.29979244 0.68321675 13022635
-0.16403484 0.30079225 0.68230861 13286066
-0.15922046 0.30280998 0.68175381 14668744
-0.15028954 0.30355731 0.68141347 13221041
-0.20044172 0.30690804 0.68526441 14010557
-0.17227149 0.30481401 0.68531388 14406085
-0.14695728 0.30480614 0.68514198 13813178
-0.13945749 0.30618837 0.68165296 13351857
-0.12874258 0.30637184 0.68119115 13417393
-0.11893276 0.30729738 0.68375641 13878456
-0.1116358 0.30816785 0.68422276 13681592
-0.10919575 0.30596116 0.68348497 13681077
-0.10125283 0.30800393 0.68208092 13418935
-0.099064775 0.30599132 0.68373781 13681593
-0.090333514 0.30678859 0.6819008 14142658
-0.079438396 0.30811849 0.6820311 13549747
-0.068230115 0.30733731 0.68183511 13615284
-0.058703862 0.30792955 0.68120784 13352114
-0.049165331 0.30699793 0.68165392 13418679
-0.039506964 0.30837288 0.68116421 13945279
-0.12170818 0.31000701 0.68537372 13220270
-0.049333058 0.3108491 0.68534166 13154992
-0.039655589 0.31240824 0.68387145 12760492
-0.031584881 0.3130646 0.68213111 12891822
-0.02599209 0.31399217 0.68324691 12562857
-0.019361341 0.31372228 0.6809352 12694443
-0.20052716 0.31710842 0.68103474 14142912
0.010451285 0.31862167 0.6822471 13089455
-0.209319 0.32139686 0.68128437 14339777
0.032523833 0.3228853 0.68443495 13089455
0.04077686 0.32351592 0.68246311 12694440
-0.28986824 0.32890144 0.68159443 13484213
-0.27198505 0.32934216 0.68442339 14669261
-0.26136452 0.32772627 0.6830433 14339779
-0.25119999 0.326417 0.6818499 14009785
-0.21976882 0.32707873 0.68186504 14536899
-0.21195576 0.32482627 0.68548733 15195599
0.044545475 0.32498458 0.68434912 13681079
0.052331362 0.32629648 0.68131417 13549235
0.063305005 0.32647577 0.68112499 13615028
-0.28163993 0.3305172 0.68504173 14471881
0.060266919 0.33136681 0.68102556 14272700
0.094989084 0.33217362 0.68542236 13352113
0.10510033 0.33278742 0.68472713 13417907
0.11557765 0.33262303 0.68253917 13615286
0.12727123 0.3336778 0.6818704 13878458
-0.24059021 0.33800188 0.68122095 14734795
-0.23432595 0.33683327 0.684241 14536901
0.063736372 0.33574083 0.68530208 14667202
0.07014598 0.33688167 0.68219489 14009014
0.099257015 0.33889642 0.68068153 14798275
0.10946528 0.33801213 0.68117505 14008759
0.11982456 0.33639005 0.68286508 13746100
0.13216135 0.33643368 0.68263441 14667202
0.14140986 0.3366057 0.68167263 14338493
0.15177307 0.33670321 0.68266767 14075579
0.16087174 0.33759943 0.68169051 13877686
0.17063159 0.33859649 0.68177456 13548464
0.18035223 0.33837131 0.68167645 14140345
0.19008024 0.33836833 0.68161064 14337980
0.19987969 0.33958736 0.68172866 14206649
0.44093335 0.33925572 0.68542713 3281672
-0.2490724 0.33998063 0.68064564 14932432
0.089485794 0.34056619 0.68099743 14271931
0.16917996 0.34363154 0.6853233 13680564
0.17764652 0.34454134 0.68343228 13680564
0.20967329 0.34047332 0.68179625 14206905
0.21944878 0.34091476 0.68179685 13943733
0.2292642 0.3418006 0.68186563 13548973
0.23906519 0.34235325 0.68188268 14075318
0.43451744 0.34362569 0.68238288 3347464
-0.28230181 0.34584811 0.68266624 15985377
0.18909234 0.34687307 0.68328243 14009528
0.1991429 0.34773341 0.68070811 13614771
0.22818506 0.34904674 0.68354589 14405315
0.24994753 0.34568301 0.68312603 14009527
0.35040182 0.34895185 0.6814732 12365218
0.35178533 0.34884968 0.68203384 13023663
0.36092955 0.34897104 0.68169552 12102305
0.37007546 0.34920314 0.68249947 12102048
0.42348358 0.34797004 0.68207282 3610636
0.42945784 0.34732714 0.68102151 6572351
0.47489315 0.34858361 0.68502051 5713180
0.50192666 0.34610477 0.68067497 4859671
-0.34754688 0.35457316 0.68160695 12431262
0.24100657 0.3520309 0.68541163 14010814
0.2511836 0.35366431 0.68337756 13616057
0.33299598 0.35147074 0.68424338 12563111
0.34258413 0.34995905 0.68409282 12497062
0.38063112 0.35000637 0.68089193 11838875
0.39959931 0.3498365 0.68127412 10918031
0.40778893 0.35203782 0.68342716 8285030
0.4147293 0.35142961 0.68390507 3611412
0.41972485 0.35208467 0.68094069 9666683
0.48615611 0.35217527 0.68473977 5713438
0.49311393 0.35381463 0.68401963 5845538
0.51142973 0.35093513 0.68134063 4465427
0.52020568 0.3541992 0.68111926 4268047
-0.35211039 0.35914198 0.68299609 12365984
-0.30976379 0.35960677 0.68201977 14735308
-0.2998243 0.3553535 0.6841982 15524826
0.26247656 0.35663286 0.68506318 13747387
0.27275431 0.35558787 0.68259734 12891563
0.28037825 0.35687366 0.68248302 13154220
0.29010731 0.35792056 0.68101281 13351085
0.29694152 0.35666838 0.68118972 12759460
0.31265253 0.35658517 0.68505758 12759720
0.32235605 0.3548409 0.68427294 12431269
0.50510794 0.35804251 0.68112379 6835777
0.52260029 0.35559836 0.68525344 5122329
-0.35718614 0.36476842 0.68206686 12563363
-0.3295548 0.36786285 0.68074101 13617339
-0.3211855 0.36586013 0.68259794 14011841
-0.36775416 0.37470344 0.68336481 12300192
-0.37653118 0.37752011 0.68416721 12826535
-0.34310091 0.37553361 0.68083304 13617342
-0.34974527 0.38053575 0.68159968 13485756
-0.39214373 0.39000753 0.6842168 13419190
-0.40069142 0.40396872 0.68339759 13156532
-0.40073803 0.4188849 0.68175071 11184550
-0.41626522 0.42716256 0.6831494 12433322
-0.41097596 0.42663804 0.68175513 9276812
-0.42126843 0.43589118 0.68137664 8093309
-0.43906894 0.44864693 0.68151182 8027515
-0.43052241 0.4468942 0.68470925 7961723
-0.42392287 0.44575456 0.68532473 12433840
-0.43544957 0.48301604 0.68402249 11974317
-0.44025359 0.49754205 0.68534249 11316392
-0.44182107 0.50566876 0.68246716 10921123
-0.16651171 0.30248788 0.68876582 14536646
-0.15938523 0.30381015 0.68823272 14997452
-0.15148044 0.30380765 0.68817908 15129038
-0.20463997 0.30932692 0.6859197 13747385
-0.17946821 0.30881622 0.68916088 14537671
-0.15179747 0.30582431 0.68890744 12891564
-0.14457297 0.30816749 0.68827969 12694440
-0.080870263 0.30951038 0.69058257 12759721
-0.071603157 0.30809465 0.68882746 12431268
-0.064011537 0.30828324 0.68679935 12628391
-0.21247548 0.3115721 0.68623215 13089454
-0.18746331 0.31256869 0.68901211 14538185
-0.1394856 0.31013766 0.68759722 13088686
-0.13174713 0.31029168 0.68613309 13680821
-0.12863252 0.31067541 0.68950909 14207166
-0.10983408 0.30996135 0.69046026 13220013
-0.057917945 0.31012514 0.68732637 13023406
-0.010468924 0.31376377 0.69007617 14668487
-0.22219092 0.31502298 0.68803412 13615541
-0.19229785 0.31632021 0.69043237 14669771
-0.008058751 0.31760064 0.68925089 12694957
0.0009299427 0.31795171 0.68925196 13615544
0.010121366 0.31897989 0.68948966 13615287
-0.23232657 0.32178965 0.68864781 13812406
-0.20527375 0.32382432 0.68849736 14208704
0.012965946 0.32093146 0.68794674 13221041
0.019614553 0.32030991 0.6896351 13615286
0.023236891 0.32273045 0.6873042 13484213
0.029783068 0.32145134 0.69006747 13746358
0.038656976 0.3228915 0.68899828 13549493
-0.24085596 0.32697716 0.68971759 13680307
0.036391072 0.32626489 0.68826753 13352627
0.064770453 0.32909861 0.68926626 14141115
-0.29105845 0.33335581 0.68600839 14735050
-0.22706923 0.33383098 0.68697077 14735048
-0.21959642 0.33145359 0.6893819 14734791
0.072347194 0.33005944 0.68762416 14207421
0.076563999 0.33141187 0.68935961 13812663
0.085286751 0.33237997 0.68789059 13944249
0.12153973 0.33319584 0.68817395 14141630
-0.30057681 0.33786944 0.6867792 15064014
0.13739492 0.33624569 0.68934184 13812406
0.14639214 0.33738878 0.68807274 13548721
0.46007115 0.33871761 0.68989784 2560261
0.47091249 0.33647159 0.69030076 4203284
-0.23787162 0.34233442 0.69051653 14602694
0.070551477 0.33988133 0.69006616 13350829
0.078636639 0.34290281 0.6884703 14271674
0.089446992 0.34373286 0.6863547 14271931
0.10017975 0.34258679 0.68889683 14469567
0.10861343 0.34197691 0.68961602 13943222
0.1599391 0.34169582 0.6871863 13614514
0.22946605 0.34368923 0.69028717 14141370
0.23759371 0.34368685 0.68860418 14404284
0.43369675 0.34246138 0.6901117 3742734
0.44041839 0.34073499 0.69002479 2953990
0.447788 0.34024695 0.68922907 3085321
0.45443034 0.34167781 0.68754333 4332819
0.46129918 0.3433719 0.68684167 4727057
0.48989579 0.3400369 0.68911749 5385501
0.49642697 0.3436065 0.69010156 5779744
-0.28011027 0.34968093 0.68812793 15261397
-0.2699748 0.34851125 0.68788117 15327190
-0.25022691 0.34798101 0.68929976 15655898
0.18242176 0.3461391 0.68692619 14535103
0.21035779 0.34932581 0.6886403 13877686
0.21943454 0.34913364 0.68765396 13417392
0.24980247 0.34739736 0.69003314 14009526
0.32146591 0.34957758 0.69058746 13220525
0.37062418 0.34938386 0.68645829 12167840
0.42864925 0.34637752 0.68854958 7426629
0.4708342 0.34667459 0.68971795 6699560
-0.28837609 0.35185006 0.68796641 14801103
-0.25949818 0.35006323 0.68968433 15392726
0.23099434 0.35119167 0.68741232 14076350
0.25942558 0.35045782 0.68951243 14140856
0.26711369 0.35367766 0.68914181 13548977
0.30248448 0.35466674 0.68823582 12824998
0.31067309 0.35166422 0.68985647 12759205
0.33132449 0.34990767 0.69057339 12628390
0.36408395 0.3497726 0.69034725 11905181
0.37424988 0.35102835 0.69048768 12628648
0.38482711 0.35164467 0.6888352 11378840
0.3954578 0.35169306 0.68677074 10456713
0.50059921 0.35466471 0.68870801 8020049
0.5190556 0.35459951 0.68840545 5319708
0.25386378 0.35658553 0.68754023 14339268
0.28264692 0.35857633 0.68990761 12759721
0.2934514 0.3582305 0.68915766 12299426
0.30318442 0.35718086 0.68708712 12364962
-0.30829772 0.3635228 0.6898728 15392726
0.53085178 0.36131015 0.68937081 5385498
-0.31925577 0.36910966 0.69010812 14077378
0.54009944 0.36842635 0.69041747 5779743
-0.36051804 0.37042716 0.68899363 12760742
-0.3286905 0.3713626 0.68760449 14012097
-0.34689093 0.38386813 0.68875688 14406858
-0.38789892 0.38613239 0.68680125 12958122
-0.39547288 0.39915553 0.68586808 12893102
-0.40280834 0.40935758 0.686683 12958896
-0.40829834 0.41518441 0.68569416 13090739
-0.41151395 0.42270651 0.68670946 13156789
-0.39808404 0.42121723 0.68893045 9407626
-0.40881726 0.42748752 0.68944913 7302508
-0.41806325 0.43364063 0.68620449 12564654
-0.42008045 0.43755749 0.69028765 6711652
-0.42552313 0.44289258 0.68934852 7501425
-0.42046747 0.44328931 0.68932539 12565167
-0.43084165 0.46638015 0.68716747 12434097
-0.43341711 0.47588339 0.68724686 12500148
-0.43770632 0.48780218 0.68726498 11974321
-0.44471171 0.50418019 0.68793267 10001306
-0.1827957 0.29965523 0.69410259 13483187
-0.19263557 0.30291668 0.69434708 13878457
-0.17327172 0.30014887 0.69247371 14141375
-0.16031456 0.30375734 0.69201511 13220275
-0.19942701 0.30662575 0.69558305 13681591
-0.16931108 0.30597988 0.692339 15063502
-0.15976825 0.30581024 0.69330269 14339780
-0.14925626 0.3066819 0.69297761 15392724
-0.13991001 0.30950394 0.6915434 14931402
-0.068149976 0.30722597 0.69132739 13023660
-0.058550678 0.30655661 0.69115502 14011073
-0.049073316 0.30677572 0.69112664 14340552
-0.039631672 0.30732837 0.6911518 13945536
-0.030369559 0.30954757 0.69144481 13681592
-0.11959668 0.31177226 0.69266945 13351599
-0.11060411 0.31101826 0.69290894 13549748
-0.099886499 0.31069413 0.69188505 13812664
-0.090463571 0.31077853 0.69126898 13681336
-0.079647474 0.30995205 0.69184273 12891817
-0.038156979 0.31354704 0.6943782 13154994
-0.030564675 0.31446412 0.6932283 13418166
-0.019415775 0.3110998 0.69162041 14207680
-0.026649246 0.31534293 0.69192022 13681338
-0.018304193 0.31570294 0.69194895 13089459
-0.0067361905 0.31476262 0.69084746 13747385
-0.22608101 0.32045355 0.69555992 13483954
-0.19855201 0.3203223 0.69110841 14735564
0.0074799196 0.32168093 0.69244653 13484213
-0.20934856 0.32749227 0.69177729 13812920
-0.20225716 0.32482329 0.69505507 14471878
0.03512466 0.32841495 0.69466227 13615799
0.044146787 0.32524672 0.69105321 14339008
0.045815829 0.32954028 0.69346827 13878971
0.05119836 0.32863346 0.69073802 14076093
0.055614974 0.32928959 0.69224054 14010043
-0.2695685 0.33411804 0.69192368 14801102
-0.25997275 0.33314839 0.69173735 14470852
-0.25064301 0.33104149 0.69074422 13745844
0.058734152 0.33274224 0.6906901 14602692
0.069202617 0.33204547 0.69319743 13483698
0.10752341 0.33454326 0.69385046 13614771
0.11635718 0.33390501 0.69170552 14272958
-0.28920648 0.337639 0.69130474 14997709
-0.27900064 0.33640292 0.69257516 14603208
-0.22913012 0.33783165 0.69192165 14273729
0.062955827 0.33624104 0.69267017 15062730
0.12038438 0.33687916 0.69350678 13746356
0.12783071 0.33514407 0.69070703 13812407
0.13177012 0.33805314 0.69168502 13811891
0.14148766 0.33738306 0.69151169 13153706
0.15121634 0.33771351 0.69149786 14206138
0.16093118 0.33737722 0.69137985 14469310
0.17068611 0.33826318 0.69145471 14930374
0.44107002 0.33956531 0.69153148 3347978
0.48105246 0.33701125 0.69078189 4136206
-0.29478839 0.34013525 0.69188493 15129808
0.14589515 0.34073845 0.69522399 13219243
0.15311745 0.34057418 0.69075936 13679794
0.18050371 0.34037128 0.69172174 14140602
0.19027357 0.3409237 0.69174439 14535616
0.20006558 0.34169844 0.69180089 13878199
0.20985939 0.34236208 0.69183975 14207420
0.21927506 0.34331754 0.69151837 14010041
0.4323723 0.34345976 0.69159502 5320993
-0.24160302 0.34633556 0.69387871 14142143
0.081821762 0.34606853 0.69219989 14930374
0.089418642 0.34639946 0.69165725 14535616
0.095954642 0.34573081 0.69150788 14667202
0.1688256 0.34684983 0.69362777 13679794
0.18085247 0.34894815 0.69381565 13680050
0.19090787 0.34938684 0.69279832 14009272
0.22313422 0.34569135 0.69553441 14471106
0.22965455 0.34568933 0.69549006 14602692
0.24009927 0.34608606 0.69222242 14470592
0.34075907 0.34955493 0.69143611 12759976
0.35089672 0.34954062 0.69202143 12365475
0.36057132 0.34875992 0.69183272 12826539
0.37035412 0.34864548 0.69174832 12233633
0.38021812 0.34897593 0.69173402 12035998
0.39014941 0.34963956 0.69177204 12694443
0.41498473 0.34911397 0.69439918 4400664
0.42233753 0.34730259 0.69213909 6309690
0.4797982 0.34898642 0.69439489 6699817
0.50231248 0.34727147 0.69064146 6108709
0.20176353 0.35068884 0.69178766 13746100
0.21519025 0.35206917 0.6928274 13351342
0.22412334 0.35246459 0.69151098 13746100
0.33303028 0.35337833 0.69322985 12628647
0.34233049 0.35142222 0.69273454 12431525
0.35284105 0.35014883 0.69098729 12036767
0.35978007 0.35110143 0.69547445 12431525
0.40009081 0.35030296 0.69181138 11707805
0.40995091 0.35052219 0.69177693 10918546
0.49566591 0.35130051 0.69443506 6834491
0.51123399 0.35147682 0.69083709 5187864
-0.28968102 0.3573505 0.69346756 15590362
-0.27837464 0.35518029 0.69387406 15326933
-0.26843527 0.35484388 0.69375473 15326676
0.25291356 0.35946932 0.69504386 13878714
0.27202216 0.35807624 0.6912716 13483185
0.29867348 0.35781077 0.69086212 12167068
0.3239572 0.35517088 0.69425946 12102047
0.52025026 0.35639909 0.69262093 5516573
-0.29915038 0.36010352 0.69108051 15459033
0.26335195 0.36043492 0.69360894 13286321
0.27363032 0.36040238 0.6925481 13286321
0.28022927 0.36089578 0.69099873 13351343
0.29014212 0.36111501 0.69096678 13483185
-0.35620224 0.36523905 0.69297034 12892585
-0.31211513 0.36885741 0.69291788 15524826
-0.36563855 0.37367752 0.69303495 12168605
-0.37503821 0.37930503 0.69393378 12826792
-0.32991159 0.37619641 0.69305438 14209222
0.54501241 0.37559143 0.69483048 6635052
-0.39983028 0.41127387 0.6946674 13089710
-0.39060706 0.41954854 0.69207293 9868176
-0.40663424 0.42326894 0.69416684 12893103
-0.40027937 0.42588475 0.69364387 4012346
-0.41472313 0.43238929 0.69123799 6447969
-0.41429254 0.43605796 0.69329554 12762032
-0.42931107 0.44689384 0.69169253 7040617
-0.42281219 0.45516768 0.69523197 13025719
-0.20420381 0.30915752 0.69562751 14208449
-0.15080181 0.30931023 0.69928032 13747130
-0.14470422 0.30918983 0.69567353 12760490
-0.069237374 0.30933645 0.69716579 13615542
-0.058396526 0.30588987 0.70054966 14669257
-0.21178287 0.31180266 0.69702882 13747643
-0.17953303 0.31221619 0.69733411 15326930
-0.17084962 0.31124225 0.69993347 14273986
-0.14898708 0.31094959 0.70019084 15063758
-0.13895929 0.31263438 0.6987868 13615542
-0.13026306 0.31330112 0.69670182 14931144
-0.12936285 0.31346288 0.69672209 13351856
-0.12000947 0.31379774 0.69591719 13220527
-0.11045348 0.31379488 0.69585222 12693669
-0.1008831 0.3137919 0.69791073 13220011
-0.088527821 0.31299844 0.7003718 12627875
-0.077621676 0.31084314 0.69876069 12956584
-0.064180233 0.31004122 0.69977576 13484729
-0.058300845 0.31038573 0.69673997 13878973
-0.048755236 0.31196585 0.69655031 13944766
-0.22153574 0.3170549 0.69781989 13220013
0.0012471065 0.31930199 0.69952494 13418164
-0.22994274 0.32448593 0.69886631 13417648
-0.19641352 0.32282165 0.6989705 15590871
0.0084975418 0.32137421 0.69805104 13746873
0.015223911 0.32384005 0.69812471 13550006
0.019122524 0.32237962 0.69918245 14272703
0.028265698 0.32325187 0.69725829 13811893
0.02363134 0.32600608 0.69581956 13418420
0.02811881 0.32768002 0.69766551 13089455
0.041698318 0.32696977 0.70018846 14273471
-0.24743441 0.33365503 0.69816262 13680307
-0.23903304 0.33016911 0.6991958 14009785
-0.21730706 0.333828 0.69660109 13549491
-0.2104255 0.33215919 0.69897765 14536643
0.057191666 0.33279911 0.69841915 13746357
-0.27336997 0.33853987 0.69614428 14602694
0.06732107 0.33523777 0.7003327 13745327
0.077769332 0.3356289 0.69912869 14338492
0.087589487 0.3356519 0.69671029 14010041
0.097228758 0.33571449 0.69605273 13615028
0.1388772 0.33925882 0.69874293 13745587
0.44453245 0.33931723 0.69950241 4398865
0.4499425 0.33950964 0.69950479 3612177
0.47087646 0.33561447 0.6995303 4333328
-0.28872156 0.34269455 0.69627589 14799816
-0.28001988 0.34094897 0.6970467 14536645
-0.23603526 0.34383383 0.69833261 14273729
0.069815539 0.34110251 0.70026082 14141369
0.077332906 0.34373656 0.70027357 13548719
0.11068668 0.34347621 0.69756514 13417135
0.14950244 0.34305826 0.69896454 13745844
0.17986 0.34320477 0.69949561 15061960
0.19208325 0.34370103 0.6986801 15062730
0.20022197 0.34369829 0.69862503 14339007
0.43083763 0.34118238 0.69990867 5517599
0.44025645 0.33973482 0.69960767 3282183
0.4564383 0.34106699 0.69814485 5516059
0.46486288 0.34281388 0.69819111 6897195
0.49107972 0.3416082 0.69957513 6569001
0.4964712 0.3436065 0.69661242 6964015
-0.30803955 0.349332 0.69694763 15129550
-0.298572 0.34578696 0.69617146 14734536
0.081644319 0.3463352 0.69920141 14272442
0.089436278 0.34806636 0.70008272 13285804
0.099260576 0.34628537 0.69972688 13811893
0.15976527 0.34603146 0.69714421 14074808
0.23970522 0.3485612 0.69955975 14339264
0.41783491 0.34629753 0.69975466 4465694
0.47354501 0.34595218 0.69660085 7489076
0.48736784 0.3494176 0.69619471 6897710
-0.32387194 0.35432616 0.69587821 14471876
-0.31691283 0.35260025 0.69626576 14932427
-0.24867019 0.35158768 0.69884485 14405059
0.17208971 0.34990039 0.69830364 14074809
0.24962622 0.3499054 0.69930309 14602178
0.25967768 0.35234669 0.69963223 14470592
0.26644689 0.35467795 0.69668406 14075835
0.31127495 0.35241392 0.69888467 13482926
0.35399219 0.35221222 0.69934696 12168353
0.36520728 0.35289899 0.70034558 12431526
0.37458181 0.35273471 0.69897383 12168612
0.38380831 0.35236409 0.69758934 11641756
0.3943994 0.35193267 0.69563836 10852241
0.40566045 0.35059646 0.69597596 5718076
-0.3265208 0.3576577 0.69972378 14668742
0.21276543 0.35486272 0.70042878 13943738
0.22243528 0.35519329 0.69852489 14009530
0.23270971 0.35635272 0.6976319 14207423
0.24127918 0.35787168 0.69656354 13615286
0.24630409 0.35861734 0.69591528 13812665
0.29424325 0.35955063 0.69933814 12627877
0.30411485 0.35791245 0.69762152 13022892
0.31456944 0.35683909 0.69590861 13023149
-0.29034021 0.36251739 0.69839686 15590105
-0.27920634 0.36109725 0.69892293 16379621
-0.2696729 0.36113003 0.70039552 15195090
0.27464482 0.36185363 0.70049804 13483188
0.27946383 0.36334053 0.70018727 14141628
0.29379547 0.36366943 0.6979422 14075065
0.30052775 0.36129227 0.70040184 13022634
0.52073461 0.36026576 0.69971055 5647900
0.52796781 0.36259666 0.69619101 6174501
-0.30811432 0.37035611 0.69865245 15525339
0.53812319 0.37092701 0.69856614 6371624
-0.32864472 0.3814626 0.69964594 14604236
-0.33989507 0.38836601 0.6994608 14406857
-0.40279117 0.41958788 0.69761151 12958124
-0.41014466 0.43177107 0.69607741 12630187
-0.40794167 0.43288711 0.69645971 2039326
-0.39998835 0.43005136 0.70001942 3815739
-0.41585121 0.44377127 0.69615465 13025205
-0.43580481 0.45189586 0.69596678 6316381
-0.43155852 0.44989446 0.69564503 6645346
-0.42452791 0.44989231 0.69910091 1118732
-0.41827545 0.45324245 0.69962198 14012100
-0.43023196 0.45589414 0.70003206 1316111
-0.42607728 0.46186879 0.69675511 12828598
-0.18247432 0.30348793 0.70239347 14009530
-0.17378089 0.30306318 0.70073277 13943995
-0.19119555 0.30514994 0.70328659 14075578
-0.16954148 0.30673853 0.70429009 14273217
-0.16095549 0.30715731 0.70114309 14734026
-0.068069853 0.30711511 0.70081872 13418418
-0.049091779 0.30744234 0.70074707 14010558
-0.039805062 0.30932847 0.70100111 14141886
-0.15976509 0.31038168 0.70062345 15063762
-0.14479026 0.31236914 0.70186692 13943997
-0.11867423 0.31449941 0.70379752 13351344
-0.10872983 0.31432298 0.70330542 13417392
-0.10028688 0.31365195 0.70229501 12496290
-0.089694448 0.31365386 0.70150572 13021864
-0.081813805 0.3129665 0.70208675 12890535
-0.078498267 0.31146494 0.7034815 12364959
-0.065227114 0.31048194 0.7052421 13747385
-0.030379588 0.31021443 0.70108467 13483699
-0.01942719 0.3118501 0.70128399 14404802
-0.18911731 0.31967631 0.70099944 15261393
-0.18101329 0.31615022 0.70202893 15852761
-0.1360817 0.3148028 0.70256466 14799558
-0.12895778 0.31513265 0.70330292 13417906
-0.12033141 0.31579784 0.70103115 13548978
-0.10989638 0.31608024 0.70123583 13285549
-0.099589817 0.31579152 0.70168716 13417389
-0.094921432 0.31491652 0.7055065 13350829
-0.091443591 0.31478897 0.70385534 13417134
-0.03727854 0.3147333 0.70543724 13747130
-0.029729912 0.31513122 0.70230705 14141889
-0.026212582 0.31633869 0.70385462 14076096
-0.016427437 0.31680873 0.70150751 13286579
-0.007683353 0.31718162 0.70089704 13418421
-0.20020363 0.32722273 0.70250255 15392978
0.022581814 0.32475355 0.7031613 14536386
0.030131435 0.32843331 0.70372158 14207681
0.031768061 0.32525066 0.70117551 13812407
0.037406325 0.3313072 0.70498568 14141631
0.047433902 0.33339742 0.70217758 14404800
0.051195811 0.32996693 0.70061928 14076092
0.057496101 0.33307603 0.70108956 13944250
0.47185546 0.33361426 0.70355588 4068870
-0.2491079 0.33635917 0.70165747 13548721
-0.21127966 0.33582619 0.7033549 14405313
0.057326514 0.33519843 0.70318669 13482928
0.062207125 0.33624139 0.70157975 14141370
0.086559482 0.33891848 0.7053166 13549489
0.098660424 0.33773723 0.70325941 13285549
0.10769604 0.3369191 0.703816 13614257
0.11441193 0.33535984 0.70262986 13548207
0.12008353 0.33571461 0.7011494 13416365
0.12888646 0.33701602 0.70109266 13547951
0.13184874 0.3397198 0.70168442 14140600
0.14157368 0.33882764 0.70147318 14206907
0.15128668 0.33793572 0.70125955 14535615
0.16104566 0.33904389 0.70137829 15653841
0.46068218 0.33693019 0.70062548 3940112
0.48201975 0.33671108 0.70141834 5976609
-0.26712883 0.34232715 0.70188624 14667974
-0.22888911 0.34138718 0.7011438 14010555
0.12048364 0.341723 0.70209175 13022117
0.1708706 0.34159651 0.70173389 15654097
0.42263737 0.34329608 0.70139903 5648932
0.42683101 0.34309998 0.70333582 3873805
0.43448123 0.34158972 0.70128864 3676428
0.48479235 0.34266916 0.70463222 8346960
-0.28684804 0.34867206 0.70243853 14931145
-0.27644831 0.34572783 0.7024942 14865351
-0.240821 0.34797814 0.7008943 14273728
0.10775545 0.34572712 0.70088261 13548719
0.18242648 0.34570399 0.7023316 15851476
0.18976814 0.34595171 0.70150787 15786196
0.20039593 0.34636512 0.70231956 15984088
0.21055883 0.34594539 0.70177478 15260366
0.21953458 0.34606758 0.70173448 15260365
0.22984315 0.3476893 0.70070833 14800071
0.32139528 0.34854963 0.70186502 13680306
0.33091411 0.3466579 0.70148808 13549491
0.34094721 0.34821036 0.70167619 13286320
0.35089138 0.34909621 0.70175606 13418419
0.36077109 0.34953752 0.7017625 12958382
0.37055984 0.34942344 0.70167881 12760490
0.405139 0.34930936 0.70488137 4992550
0.40969455 0.34896675 0.70133716 8087649
0.41511351 0.34637931 0.70407587 5715237
0.42191499 0.3451114 0.70121998 4597525
0.49344242 0.34529164 0.70114249 7888726
0.50103319 0.34831932 0.70061558 6108706
-0.31068635 0.35429946 0.7017768 15721175
-0.29469281 0.34983698 0.70118457 14668487
0.1597899 0.35005906 0.70439082 14602692
0.17312787 0.35329476 0.70451564 14207934
0.18139482 0.35321358 0.70324701 13549492
0.19199352 0.3531374 0.70234758 13680822
0.2007602 0.35348466 0.70118791 13548979
0.32463744 0.35410526 0.7040897 12825770
0.33537218 0.35338798 0.70337516 12694441
0.34562391 0.3526198 0.70133251 12563111
0.35992271 0.35433188 0.70312423 11510423
0.38053098 0.35030928 0.70175797 12167328
0.3906014 0.35163942 0.70190912 12233378
0.39797693 0.35198835 0.70338911 10127747
0.50902027 0.35360256 0.70061356 6371878
-0.31616399 0.35589007 0.70108467 14800585
-0.25963175 0.35884109 0.70090443 14734024
-0.25210655 0.35533884 0.70192868 13615798
0.20573753 0.35516194 0.70380074 14273216
0.27060422 0.35880163 0.7010197 14931144
0.30725992 0.35699859 0.7022602 14140857
0.51150936 0.35660186 0.70355421 6503208
-0.34645122 0.36255696 0.70159668 14142396
-0.3365593 0.35982326 0.70156306 14076604
0.25552368 0.36175564 0.70366842 14207423
0.2649788 0.36242965 0.70237142 13746872
0.28550696 0.36095527 0.7008484 12430498
-0.35495132 0.36788312 0.70147628 13155501
-0.29934728 0.36845341 0.70138496 15524568
-0.28798136 0.36585 0.7022149 15787738
-0.27818939 0.36634699 0.70388347 15985117
-0.2714242 0.36584476 0.70540959 14208706
0.28309238 0.36600605 0.70390266 14733766
0.29049495 0.3669205 0.70221144 14141629
0.29751602 0.36666825 0.70501703 13681077
0.5305444 0.36759618 0.70139331 6371623
-0.3647477 0.37370875 0.70259362 13419186
-0.36027277 0.37070897 0.7014758 12761512
-0.37365648 0.37952402 0.7036913 13419442
-0.31932962 0.37857392 0.70161158 15262422
-0.31223023 0.37485757 0.70215946 15327959
0.54036868 0.3765929 0.70335084 5647644
-0.33403894 0.38586417 0.70238262 14669771
-0.38282233 0.38979247 0.70447356 13221295
-0.35172015 0.39886966 0.70202321 14275015
-0.34364682 0.39486721 0.70387071 14669517
-0.40000066 0.42072514 0.70493668 12629156
-0.40353701 0.42611495 0.70180339 12629159
-0.39069384 0.42654851 0.70115 9999504
-0.40468392 0.4321672 0.70499545 13024173
-0.40834698 0.44208005 0.70542902 13024946
-0.41259441 0.44711247 0.70306987 13485756
-0.41995928 0.45997134 0.70334035 13091770
-0.19103181 0.30832854 0.70788544 14339265
-0.18058717 0.30705622 0.70736343 13746872
-0.068067096 0.3075594 0.71040624 13418161
-0.058538996 0.30744532 0.71032244 13747127
-0.21058577 0.31272903 0.70611387 14273470
-0.16196972 0.31156746 0.70759398 15194321
-0.15816846 0.31380966 0.70573276 16051168
-0.090955712 0.31421509 0.70920998 13022377
-0.08487352 0.31378701 0.71001297 12826281
-0.077739574 0.31124702 0.71051937 13286062
-0.069866084 0.30994287 0.70929056 13944506
-0.057581134 0.31172469 0.70790309 14208449
-0.046587758 0.31358543 0.70598668 13484727
-0.020736257 0.31310049 0.71034688 13351341
-0.21925712 0.31779256 0.70759708 14404286
-0.16857561 0.31792417 0.70970148 15985373
-0.14871198 0.31625023 0.70902532 14470852
-0.13958669 0.31669286 0.70929104 14405057
-0.13853431 0.31543079 0.70699769 12825770
-0.13013354 0.31735662 0.70934051 13549234
-0.12059196 0.31757572 0.70931369 13811893
-0.10945026 0.31779459 0.70927578 13680307
-0.097854234 0.3170636 0.71023303 13417392
-0.0054358332 0.31851652 0.70956153 13878714
0.0038826526 0.31899646 0.70814747 13944252
-0.22592843 0.32223442 0.70562929 14206138
-0.18672904 0.32281855 0.70852441 15062990
-0.17828768 0.32031587 0.70977694 16247776
0.00012553335 0.32146052 0.7098096 13812663
0.0077088312 0.32375827 0.70737332 13746871
0.014673879 0.32229331 0.70650238 13681080
-0.22833931 0.32666841 0.70807439 13745843
0.019365905 0.32542136 0.70972139 14207421
0.024559399 0.32625797 0.70665342 13812667
0.030461578 0.32766786 0.71003288 14272958
0.041609723 0.3296366 0.71029764 14734024
-0.20754492 0.33382502 0.70623153 14997450
-0.20039675 0.33098951 0.70947212 14405311
0.043513719 0.3342202 0.71029931 14141376
0.050725531 0.33249488 0.71032351 14339265
0.057509176 0.33374277 0.70766336 14075837
-0.24672043 0.33943465 0.7097891 13417135
-0.23917234 0.33600286 0.71006292 13482672
0.051520068 0.33596626 0.70612007 13154733
0.069604449 0.33909312 0.70905501 13087141
0.097495094 0.33939329 0.70778102 12561569
0.1164776 0.33552995 0.71046275 14008760
0.44029737 0.33962384 0.709328 4464913
0.44781655 0.33834806 0.71012872 4662035
0.45491368 0.33854881 0.70796686 5909784
-0.22620249 0.34383085 0.70803279 14931657
-0.21879256 0.34211436 0.71001941 14800071
0.078639112 0.33988991 0.70829898 13351341
0.090924665 0.34035721 0.70780414 13548977
0.11236808 0.34372571 0.70573288 12364186
0.13844241 0.3416467 0.70749217 14206909
0.15141706 0.34138027 0.70995373 15918040
0.16054204 0.3423107 0.70972544 15522511
0.42144197 0.3425186 0.70995408 5517857
0.43063238 0.33996013 0.70945126 5912353
0.46639216 0.34079102 0.70772141 6962474
0.47629273 0.3421016 0.70660931 7818813
0.48996416 0.34173372 0.70976287 6436900
-0.27227947 0.34879294 0.70826656 13548975
-0.26570007 0.3468143 0.7085759 13417391
0.083024718 0.34573486 0.70789725 13877686
0.089538872 0.34651068 0.70961505 14470336
0.099320784 0.34672979 0.70958656 14339007
0.10870846 0.34610179 0.70982486 13022119
0.15170227 0.34733716 0.70787448 14865608
0.18100363 0.34948233 0.70950633 15785426
0.20995769 0.34940961 0.71023113 15588304
0.22071992 0.34969214 0.71020693 15654097
0.41607469 0.34524348 0.70924336 4860186
-0.28596407 0.35320726 0.70696133 14931144
-0.27948356 0.35054114 0.70692259 13680818
-0.24583757 0.35250345 0.70961732 14471620
-0.24027744 0.35000196 0.70916241 14800327
0.16299435 0.3517758 0.70749575 14734279
0.19084615 0.35025695 0.70957178 15719377
0.20063522 0.34980968 0.70942932 16114648
0.23017523 0.35124472 0.70947367 15456975
0.24011762 0.3526862 0.70965058 15193547
0.25002369 0.35355809 0.70932192 15588306
0.25890762 0.35339466 0.70917529 15127755
0.3139528 0.35366312 0.70603806 13877686
0.38709933 0.35348132 0.70631069 10983570
0.50606447 0.35460368 0.70818192 6240292
-0.31535038 0.35968974 0.70736676 14470850
-0.30532485 0.35749832 0.70670861 14931657
-0.29616797 0.35518518 0.7057361 15260367
0.18345611 0.35657182 0.70933837 15523283
0.19263873 0.35541144 0.70919222 15194318
0.20435695 0.3562322 0.7100578 15260368
0.21478783 0.35626832 0.70919555 14865611
0.2254784 0.35682884 0.70906717 14470596
0.23515561 0.35870698 0.70724458 14009790
0.30645847 0.35843638 0.70747918 13220272
0.3153787 0.35590675 0.70672399 13154735
0.36635548 0.35580197 0.70910257 12037283
0.37736976 0.35506621 0.70839316 12037027
-0.32454157 0.36219123 0.70860642 14997450
-0.25942063 0.36234108 0.71025699 14734535
0.24595998 0.36009184 0.7058633 13944252
0.27709138 0.36351445 0.70955473 14010301
0.28572196 0.36226574 0.70861298 13220015
0.29712066 0.36151424 0.70941406 13615029
0.30364037 0.36266628 0.70761508 14601409
0.51828706 0.36309972 0.707892 5713435
-0.3441391 0.36705056 0.70782703 14143166
-0.33403447 0.36497751 0.70937473 14866634
-0.29829371 0.37285319 0.7067315 15196115
-0.28864348 0.37110022 0.70721191 15524566
-0.27943131 0.37084737 0.70904583 15130065
0.52822709 0.37184671 0.71013278 5910815
0.53345805 0.375595 0.70989603 5779229
-0.3178288 0.38235918 0.70841056 15328214
0.5402987 0.38192621 0.70924324 5713437
-0.33776662 0.39236537 0.70680457 15327960
-0.32925442 0.39036289 0.7097941 15525339
-0.40122077 0.42854288 0.70865184 13353395
-0.39748025 0.43288389 0.70678002 7434354
-0.38940173 0.4310241 0.70890886 11314850
-0.41476908 0.45435348 0.70573467 13288891
-0.42291269 0.46427968 0.70581096 13025722
-0.18928629 0.31272498 0.71413487 14404802
-0.17911839 0.31137159 0.7136324 14996684
-0.16914952 0.31152895 0.71168381 15062734
-0.086428441 0.31307212 0.71091479 12496290
-0.078069381 0.31089595 0.71105582 13550004
-0.049319468 0.30977586 0.71066719 13417905
-0.040070318 0.3121064 0.7110129 13220013
-0.030575419 0.31254771 0.71102554 13285805
-0.19890386 0.31502095 0.71429354 15194831
-0.1582101 0.3167738 0.7111395 14865867
-0.12719309 0.31817105 0.71474975 12890793
-0.11738377 0.31686082 0.71438915 12891306
-0.10645892 0.31648746 0.71382552 12562084
-0.10030728 0.31528118 0.71088618 11969176
-0.095502995 0.31542507 0.71201974 12232604
-0.089243285 0.31564537 0.7124148 13352369
-0.046252035 0.31618968 0.71534365 13286063
-0.039742686 0.3158094 0.7116062 14141630
-0.03460107 0.31815925 0.71414417 13747129
-0.025409082 0.31878403 0.71277076 13550007
-0.015846873 0.31691089 0.71255571 13681078
-0.0085642058 0.31866339 0.71130317 13812663
-0.19085959 0.32698646 0.71248096 15194574
-0.18285999 0.32481733 0.71419042 15918554
0.010779126 0.32575718 0.710908 14404801
0.025349541 0.3273789 0.71450716 14207169
0.037621092 0.33274272 0.7141636 14272961
-0.20955041 0.33782557 0.71123797 15129290
0.04933982 0.33695939 0.71295434 13812152
0.054223925 0.33574381 0.71449906 14799560
0.05977514 0.33929864 0.71207553 13153708
0.061024275 0.33711663 0.71185905 14009529
0.10996307 0.33915666 0.71443433 13614001
0.11318325 0.33638838 0.71109253 13942710
0.12106796 0.33686379 0.7124086 14074810
0.12917826 0.3385624 0.71062464 14141116
0.46019503 0.33643606 0.71159023 4399377
0.46281865 0.33900931 0.71154696 6369566
-0.25623262 0.34442225 0.71085733 14272444
0.070535138 0.34043875 0.7113108 13482927
0.078783385 0.34306934 0.71091074 13482670
0.082725748 0.34160677 0.71167344 14075067
0.10047925 0.34159282 0.71542615 12824741
0.12099186 0.34254113 0.71168798 14009527
0.13192838 0.34149733 0.71173126 14470593
0.14126733 0.34134164 0.71123499 15325903
0.41580012 0.344502 0.71450597 6307115
0.42578432 0.34258083 0.71353573 5451805
0.4362222 0.34073547 0.71179634 4793877
-0.25023937 0.34602931 0.71540326 13746870
-0.23048964 0.34799877 0.7114827 14536899
-0.22189102 0.34632948 0.71494514 15392209
0.1432939 0.34476081 0.71162075 14602181
0.1531736 0.34571305 0.71557158 15918040
0.16456202 0.34570959 0.71223384 15917269
0.17110808 0.34670749 0.71073097 15917269
0.33119711 0.34810224 0.71152502 13351343
0.34104902 0.34843257 0.71151417 13417648
0.40788573 0.34870306 0.71238738 4597788
0.49976894 0.34943882 0.71061748 6437414
-0.27449051 0.35260192 0.71260887 14338490
-0.26540339 0.35012582 0.71391314 13877429
0.32150516 0.35178593 0.7109943 13746100
0.33593994 0.35446396 0.7136566 13418163
0.34631702 0.35462251 0.71171802 13023662
0.35106748 0.34976283 0.71167535 12891048
0.36129504 0.35220399 0.71202654 12693927
0.37063241 0.35177067 0.71148032 13023149
0.38146064 0.35276714 0.71157926 12102303
0.39060441 0.35378221 0.71116441 11443604
0.40114474 0.35288623 0.71146578 9469300
-0.28398797 0.35763052 0.71413594 13351596
-0.25123894 0.35723856 0.71110421 14866634
0.16521622 0.35570219 0.71511942 15918041
0.17358637 0.35723332 0.71276814 15391953
0.18485749 0.35833564 0.71361762 15326160
0.1938279 0.35724631 0.71380812 15523283
0.24829489 0.35755363 0.71247059 14996682
0.26336709 0.35567883 0.71164209 15522513
0.31591505 0.35566261 0.71292704 14338237
0.35673341 0.35590973 0.71169657 12892077
0.51101834 0.35888782 0.71075505 5911070
-0.31435376 0.36395136 0.71462351 14602437
-0.30369502 0.36205521 0.71249646 14273727
-0.29312801 0.36042765 0.71296185 14733765
0.25638002 0.36036471 0.71198398 14536646
0.26897469 0.3615984 0.71075445 14470595
0.28728628 0.3631244 0.71494573 14339009
0.29767355 0.36178735 0.71441358 13812665
0.30949897 0.36003962 0.71084315 13417135
-0.33606881 0.36963549 0.71355551 14866634
-0.32294512 0.36538222 0.71352607 15128780
-0.26872191 0.36817744 0.71184367 14406084
-0.26143599 0.36584166 0.71526295 15129808
0.28209493 0.36781588 0.71240813 14667974
0.30095884 0.3673816 0.71173412 13746102
0.5221954 0.36809853 0.71119529 6042400
-0.34341282 0.37237421 0.71278459 14669255
0.29135174 0.37017027 0.71061414 14733767
-0.35217255 0.37531224 0.71094471 14011066
-0.29988602 0.37835363 0.71208912 15919838
-0.29096293 0.37635103 0.71225053 15459287
-0.2824828 0.3758482 0.71377331 14998479
-0.30898944 0.38085654 0.71145087 16183267
-0.32076958 0.38652673 0.71134537 15854302
0.54168665 0.38659254 0.71337301 5845023
0.54635978 0.39109102 0.71242481 5516571
-0.33980459 0.39886609 0.71293992 14867409
-0.33408415 0.39686421 0.71426064 15591132
-0.39874256 0.42910138 0.71533662 13551035
-0.40096125 0.43700793 0.71343404 9275266
-0.3911972 0.43488196 0.71398574 7893871
-0.40421948 0.44275489 0.71455508 13551292
-0.41024348 0.45491996 0.71331197 13420735
-0.41331097 0.46327701 0.71553558 13421249
-0.41994312 0.46860066 0.71379119 13552580
-0.4262493 0.47376671 0.71362442 12499639
-0.058753945 0.30955663 0.72021979 13023147
-0.076961495 0.31204811 0.72015303 13549748
-0.068123706 0.3102012 0.71886259 13352112
-0.06290146 0.31183866 0.71975261 12890792
-0.055892594 0.31376114 0.71691602 12956585
-0.049492113 0.31166485 0.72053963 13878456
-0.042597644 0.3137739 0.72007853 12891561
-0.20863137 0.31686583 0.71616966 14009527
-0.19574866 0.31868878 0.71990079 14800073
-0.17813432 0.31562081 0.7194311 15654615
-0.17203268 0.31538764 0.71838671 14404548
-0.15697986 0.31880346 0.71921748 14075325
-0.13711631 0.31906512 0.71567935 13352114
-0.12463804 0.3197048 0.71986419 12496292
-0.11035032 0.31773522 0.72022659 12693412
-0.10922111 0.31902543 0.7195726 14075835
-0.0963789 0.31617549 0.71776229 12430240
-0.040302284 0.31813517 0.71807557 13023149
-0.2205705 0.32411125 0.71765906 13681074
-0.21662283 0.32018414 0.71635824 13286059
-0.16657305 0.32381228 0.71711427 15261392
-0.16002035 0.32314363 0.71695191 15524564
-0.14814299 0.32090095 0.71780902 14273216
-0.14005363 0.32155398 0.71934193 14339522
-0.13068275 0.32068983 0.71952325 13944250
-0.12094096 0.31990901 0.71931773 13878199
-0.013988817 0.32027641 0.72035998 13812922
-0.0021185665 0.32154217 0.71859604 13680820
0.0049925656 0.32023731 0.71689492 14009790
0.0091788601 0.32246807 0.72017783 13878204
0.016435614 0.32350281 0.71611017 14009790
0.0096223112 0.32753542 0.71980542 13680562
0.019282667 0.32742134 0.71971887 14667716
-0.22791663 0.33272877 0.71801013 14339007
-0.1987758 0.33348897 0.71688801 15063244
0.030336199 0.33058456 0.72021121 15391696
0.030710464 0.33030191 0.71644825 14141376
0.041081246 0.3328729 0.72014469 15720662
0.047878731 0.33374575 0.71742553 15260111
-0.23521608 0.33862582 0.71844798 14075836
0.45611173 0.33815721 0.71958429 6962983
0.46773034 0.33767477 0.72015816 8214599
-0.24386907 0.34398988 0.71975487 14075836
-0.20809942 0.34039679 0.71986324 14800328
0.061566245 0.34259632 0.71987242 12430240
0.070364103 0.34243229 0.71583611 13746358
0.070811749 0.34376302 0.71917528 14404287
0.080647551 0.34379211 0.71916372 14536388
0.090556361 0.34303179 0.71674246 13417906
0.13202137 0.34299412 0.72004539 14865609
0.42201826 0.34300473 0.71938878 5057047
0.43094587 0.34107128 0.71938974 5911584
0.43830568 0.34062508 0.72056776 5254169
0.44051671 0.3402907 0.71918565 4332813
0.44972733 0.33974603 0.71943158 4530708
0.090016782 0.34623268 0.71894151 14272957
0.099380262 0.3471742 0.71945316 13812921
0.10916473 0.34772661 0.71948582 14273215
0.11850239 0.34700969 0.72022849 14799816
0.14214925 0.34697309 0.71983069 15326160
0.40626615 0.34742084 0.71703464 4925977
0.49390501 0.34560731 0.71977764 6436387
-0.25404388 0.35036793 0.72050554 14339008
-0.23495838 0.35283342 0.71615261 14997452
-0.22829902 0.35249808 0.71932667 15326930
0.15011758 0.34984782 0.71744889 15852505
0.15665619 0.35293272 0.71695977 15984091
0.16099969 0.35013917 0.71863085 16180698
0.17132443 0.35154083 0.7181043 16048598
0.18040277 0.35345474 0.71755904 15916499
0.19111273 0.35470131 0.71688408 15060420
0.20084293 0.35269836 0.71646899 15850449
0.21074741 0.35369542 0.71821684 15193290
0.22055086 0.35335889 0.71645135 16048856
0.22720605 0.35469022 0.71663886 15785685
0.32236123 0.35466066 0.71599251 13417135
0.33097517 0.35251501 0.72024101 13680052
0.37202585 0.35435954 0.71982354 12562084
0.38061944 0.35464254 0.71805781 12168096
0.39697945 0.35278741 0.71608537 4137240
0.21531785 0.35907951 0.71823114 15062477
0.22517775 0.35723642 0.71772283 14602183
0.23710953 0.35804632 0.7168588 14865355
0.24071227 0.35890833 0.7205798 15456721
0.24651855 0.35820153 0.71651381 14602695
0.25062531 0.35934952 0.7205916 15982809
0.30783743 0.35938063 0.71667165 13088942
0.31799859 0.35815588 0.71844333 13548979
0.32625285 0.35495594 0.71560293 13286321
0.36857945 0.35773829 0.71799189 12234407
0.37749034 0.35749677 0.71768409 8877938
0.38758695 0.35618296 0.71751243 5520184
0.3991541 0.35563663 0.72057074 9205873
-0.29369354 0.36381677 0.71766466 13944506
-0.25756982 0.36384049 0.71819955 15523796
-0.24919346 0.36133781 0.71991247 15392210
0.17925327 0.35995629 0.71638614 15391697
0.20625651 0.36005262 0.71921629 15456978
0.26851672 0.36267725 0.71885461 15785685
0.27603713 0.36454871 0.71888107 14076350
0.29791632 0.3634645 0.71875507 13088942
0.30423737 0.36244753 0.7194522 13483700
0.31279865 0.36266366 0.7199294 13482929
0.50925463 0.35993591 0.72059256 5976861
-0.31195554 0.36774316 0.71880847 14799559
-0.30278748 0.36559179 0.71693593 15063243
0.28796855 0.36497775 0.72041136 13483700
0.51908582 0.36959949 0.71948332 5976605
-0.33131132 0.37318364 0.71759862 15130063
-0.32256827 0.37015668 0.7185449 15128524
-0.26896599 0.37164417 0.71895629 15656152
0.29178643 0.37333682 0.71945888 14141630
0.30141491 0.37054208 0.72056347 13746102
-0.341429 0.37729505 0.71670252 14801099
-0.29940984 0.38252023 0.71835083 15196115
-0.28921559 0.38201693 0.71987075 15722459
0.53002638 0.38084617 0.71999818 5713434
-0.31031439 0.38765696 0.71997088 15590873
0.53473192 0.38559464 0.71995813 5845021
-0.31807825 0.39105931 0.71925515 15853789
0.53938758 0.39009324 0.71987325 5582362
-0.33717632 0.40136519 0.71841484 15262167
-0.34879738 0.41111889 0.71927446 14604238
-0.37007725 0.42887536 0.71979266 14275532
-0.39898109 0.43689504 0.72035593 13814208
-0.40032008 0.44121817 0.72028917 5459281
-0.40584049 0.45165053 0.71723193 13551550
-0.42058256 0.47391239 0.71810919 13421251
-0.086163171 0.31306973 0.72088414 13089197
-0.18655962 0.31730023 0.72104532 14732997
-0.17638734 0.31868353 0.72404224 15193806
-0.16658497 0.31761578 0.72100765 14536132
-0.12251549 0.31936005 0.72240824 12956586
-0.11607625 0.31798115 0.72412211 12759718
-0.10549279 0.31671837 0.72284359 13153963
-0.097136132 0.3165299 0.72202998 13286576
-0.088376991 0.31634346 0.7216503 13747383
-0.081739835 0.31478599 0.72451025 14536899
-0.047299303 0.31693187 0.72202545 12495520
-0.038404949 0.31477252 0.72166556 13154733
-0.02973769 0.31604257 0.72149175 14141628
-0.01894241 0.31766644 0.7211054 13417905
-0.20653319 0.32429686 0.72499937 14997708
-0.19690651 0.32298759 0.72456235 14800073
-0.18622217 0.32090762 0.72431463 14404288
-0.14838016 0.3227804 0.72558695 13680052
-0.13408412 0.32075647 0.72251374 12890793
-0.033805259 0.32056907 0.72347599 13483443
-0.023538867 0.32094398 0.7215566 13615286
-0.0094551388 0.32113877 0.72158891 13483185
-0.17997363 0.32831648 0.72082084 15853016
-0.17092872 0.32743862 0.72140723 14865864
-0.16073963 0.32681039 0.72242969 15062730
-0.15169162 0.32580772 0.72299105 14997451
-0.14426193 0.32480541 0.72356182 14010557
0.0023114965 0.32542661 0.7216168 13219499
0.017827077 0.32709113 0.72471541 14996684
0.027181549 0.32894126 0.72148722 14601927
-0.22241184 0.33147231 0.72407144 13220525
-0.18972197 0.33170834 0.72189647 16116445
0.029958887 0.33270648 0.72538823 14799817
-0.2004436 0.33615616 0.72168356 15195344
0.039377186 0.33597556 0.7231968 14273217
0.044579547 0.33574679 0.72427541 15456720
0.051344912 0.33761969 0.72173589 15325646
0.44753075 0.33950868 0.72096199 6042654
0.46004042 0.33847514 0.7210471 5714722
0.46975604 0.33762112 0.72321755 7491649
0.050684448 0.34008625 0.72273821 13680823
0.060533401 0.3405197 0.72178835 14864838
0.070194922 0.34273878 0.72211939 14535616
0.080254093 0.34343567 0.72152466 14140858
0.086434759 0.34373382 0.72218722 14536386
0.11160363 0.34282783 0.72369534 14207166
0.12178977 0.34145752 0.72197539 14273216
0.42777848 0.34239045 0.72228223 6043685
-0.24839866 0.34720376 0.7209118 14141629
-0.24057728 0.34505334 0.72501212 14800072
0.10222249 0.3450847 0.72502905 13944251
0.13040225 0.34797028 0.72101909 15589075
0.13710125 0.3472642 0.72391289 15523796
0.40835688 0.34809127 0.72417587 5648669
0.41696578 0.34552255 0.72212332 5518113
0.14231998 0.3500022 0.72060198 15786454
0.14947292 0.3526862 0.72296232 15458003
0.15120935 0.35042801 0.72061795 16049626
0.34141141 0.35032144 0.72165114 12561056
0.35135347 0.35109594 0.72172314 12824484
0.36111155 0.35314873 0.7216143 12627363
0.40362138 0.35463539 0.72282368 7099983
0.41003287 0.34996668 0.72112375 3809560
0.50015122 0.35060552 0.72063082 6437155
-0.27338618 0.35756579 0.72185463 14207164
-0.26350424 0.3548688 0.72157198 14535616
-0.24013034 0.35871008 0.72090536 15392466
-0.231307 0.35583237 0.72211784 15392980
0.16372304 0.35725036 0.72405463 15522769
0.17152953 0.35637394 0.72387832 16312027
0.18209054 0.35770407 0.72273201 15390155
0.19129376 0.35770145 0.72234029 15126725
0.20110327 0.35669819 0.72209519 14798016
0.21103585 0.35769513 0.72384888 15390924
0.22089094 0.35769203 0.72213942 16048855
0.23120475 0.35831395 0.72094876 16312029
0.24590896 0.35912147 0.72363657 15194320
0.32104838 0.35851279 0.72524959 12891564
0.32655373 0.35602227 0.72319156 13351601
0.33785316 0.35622576 0.72431606 12365219
0.34774271 0.35617581 0.72295362 12694185
0.35849798 0.35735181 0.72169012 13023408
0.38247943 0.35564187 0.72314686 11311761
0.39179406 0.35563913 0.72106856 10521989
-0.28274804 0.36231652 0.72331423 14734277
0.16927882 0.36107638 0.72475106 14931146
0.17633402 0.36305538 0.72452778 14930376
0.18684249 0.36291769 0.72207588 15522513
0.196207 0.36072484 0.72078592 15061962
0.2570388 0.36079243 0.72233993 14602182
0.2605916 0.36023524 0.7206803 16048857
0.26667053 0.36348656 0.72212094 14734024
0.31225476 0.36030725 0.72148782 13746872
-0.29156449 0.36831465 0.72472268 14997194
-0.25932199 0.36734107 0.7212972 15261138
-0.25144783 0.36583868 0.72511643 15721175
0.27235457 0.36750951 0.72298783 15654100
0.2802411 0.36640301 0.72174031 14865866
0.30888399 0.3666648 0.72215027 13877688
-0.3108111 0.37335327 0.72532731 15260110
-0.30114338 0.37051502 0.72399288 14668487
0.2814877 0.3703399 0.72066361 15062732
-0.3209877 0.37609842 0.72413629 14471107
-0.27939433 0.37941864 0.72150916 15459030
0.52190369 0.3755987 0.7249617 5384468
-0.33261195 0.38032356 0.7217347 15393237
-0.34074497 0.38501993 0.72087687 14932944
-0.33744365 0.3881593 0.72413081 15327701
-0.30046394 0.38618711 0.72233492 15393494
-0.28692749 0.38584962 0.72553962 15459287
-0.37671104 0.39456454 0.72069579 13484981
-0.3285161 0.39902928 0.72135371 15919840
-0.32189059 0.39586046 0.72245699 15656412
0.54327381 0.39759198 0.72368592 5188375
-0.37857187 0.40129116 0.72399384 13616827
-0.35066712 0.4007583 0.72499806 14340552
0.54921043 0.40059021 0.72078472 5319962
-0.3406029 0.40686622 0.72162694 15459290
-0.35234511 0.41687003 0.72282642 14670289
-0.3589735 0.42137197 0.72105402 14275531
-0.36421457 0.42687359 0.72286826 14078667
-0.38870889 0.43913117 0.72117597 12498869
-0.37975988 0.43712845 0.72295481 14341840
-0.37445277 0.4368768 0.7246123 14473425
-0.40928289 0.44688764 0.72302681 1514013
-0.3997286 0.44473293 0.7233668 13946052
-0.40243652 0.45350876 0.72334617 13814724
-0.40839979 0.46609643 0.72334057 13684165
-0.41753575 0.47834721 0.72422725 12105395
-0.08485397 0.31417337 0.72947854 12694697
-0.075043373 0.31278387 0.72887295 13615797
-0.068512492 0.31167081 0.73021072 13813177
-0.05883766 0.31066766 0.72995549 13549748
-0.049441271 0.31177607 0.73010033 13615285
-0.074554347 0.31513479 0.72938257 12628391
-0.064808376 0.31525591 0.72751671 13614516
-0.054048873 0.31686214 0.72570366 12759205
-0.043559991 0.31949463 0.72584015 13154221
-0.03899052 0.31477275 0.72932023 13352113
-0.16507208 0.32153216 0.72956699 14338237
-0.15520719 0.32226363 0.72807354 14206652
-0.1436801 0.32388917 0.72805482 13746101
-0.13553429 0.32247582 0.72732228 13351343
-0.129602 0.32380095 0.72729188 15063501
-0.12507392 0.32102194 0.72663122 13022635
-0.11845834 0.3220475 0.72809678 13812407
-0.10877097 0.32166949 0.72956318 13944249
-0.011558646 0.32347766 0.72915202 13944250
-0.0024043783 0.32364646 0.7276544 13746872
-0.21622181 0.32884911 0.72701091 14470850
-0.19426745 0.32821754 0.73059779 14339264
-2.9295684e-06 0.32798293 0.72960645 13878199
0.0083945896 0.32634488 0.72745651 14470596
-0.18799862 0.33381906 0.72872454 16247776
-0.17808548 0.3328158 0.72847337 15786966
-0.16757315 0.33201268 0.7295478 15062988
-0.1583249 0.33097628 0.72961622 14997195
0.0093355235 0.33186892 0.73026735 14799560
0.019375516 0.3318657 0.72983998 15325905
0.022313816 0.33040145 0.72869295 15852248
0.030236987 0.3327513 0.72705823 15588819
-0.2253612 0.3365337 0.72787184 14405314
-0.19862133 0.33782235 0.72953254 15524825
0.47739649 0.33616057 0.72618276 10390915
-0.23376644 0.34288552 0.72811049 14405315
-0.20627925 0.34282461 0.73050314 15656411
0.043677513 0.33975235 0.72691494 13746872
0.050757471 0.34224489 0.7302925 15654097
0.059537265 0.34404913 0.72792202 14996423
0.066946074 0.3437399 0.72883087 15785683
0.07996802 0.34373584 0.72874242 15062730
0.4233712 0.34329608 0.72960371 6108450
0.42870441 0.34395793 0.72968465 4923922
0.43135977 0.34262672 0.72942501 5976864
0.43773752 0.34312466 0.7283563 5582363
0.44119582 0.34295705 0.72942108 4464398
0.44781548 0.3414003 0.72854501 6569256
0.45087788 0.34262088 0.72929341 5057307
0.45911634 0.34101751 0.72914344 5582878
0.46908957 0.34069112 0.72931939 8873301
0.063377947 0.34619084 0.72894484 13680563
0.071831897 0.34703222 0.72661477 13878199
0.08234255 0.34691349 0.72704321 14010043
0.089667037 0.34673288 0.72922975 15720661
0.092457883 0.3463048 0.72577149 13417907
0.099413142 0.34939638 0.72965437 15325903
0.11418854 0.3476347 0.73059088 14602694
0.12142321 0.3467119 0.72939163 14734280
0.1338536 0.34933272 0.72965437 15458003
0.41746315 0.34613112 0.73017091 4728852
0.42106774 0.34543934 0.730349 5516058
-0.24364901 0.34978381 0.72953457 14602692
-0.21957886 0.35282877 0.729155 15064017
0.1091976 0.3510125 0.72894996 14997196
0.11901026 0.35155705 0.72828239 15457746
0.12801696 0.35347095 0.72775024 15918297
0.1433028 0.35158947 0.72699803 15458003
0.33227172 0.35465756 0.72576922 14271419
0.34049147 0.35465494 0.72817451 13086884
0.3517637 0.35331801 0.72867304 12757917
0.35854369 0.35464945 0.72887212 11770767
0.39849389 0.35240272 0.72617537 4465684
0.50021118 0.35180548 0.7300151 6896933
-0.26020163 0.35751811 0.72814816 15128011
-0.25245771 0.35473993 0.72924608 14536901
0.14689489 0.35515586 0.73036581 15523796
0.15620746 0.35688999 0.72664672 15128525
0.2264538 0.35959616 0.72761196 15325391
0.23593479 0.35849252 0.72562987 15720662
0.33011365 0.3583 0.73044866 12364705
0.34445453 0.35646012 0.73054951 10719622
0.3704704 0.3571457 0.72925299 10520444
0.37991887 0.35786501 0.72968727 10784642
0.38961118 0.35756782 0.72725981 3019789
0.39812651 0.3556371 0.73042899 7888989
-0.27458227 0.36191538 0.72715014 15589074
-0.23743466 0.36283424 0.72779089 15590359
-0.2298446 0.36058202 0.73022252 15392984
0.15192826 0.35988024 0.72958201 15720403
0.16185638 0.3615438 0.72981781 16114134
0.17175868 0.36187413 0.72981089 16442842
0.18166763 0.36220434 0.72980458 15653326
0.20691405 0.36399797 0.72656685 15456720
0.21907981 0.36169854 0.72672921 15325134
0.22058426 0.36209217 0.72919124 15785683
0.2312544 0.36368898 0.7280888 16114649
0.24915431 0.36089531 0.72692055 15523029
0.3086777 0.36469379 0.72670096 13352114
0.31685808 0.36141911 0.72632915 13352114
0.32097071 0.36286107 0.72865516 13943481
0.32941586 0.36015847 0.73049527 13482672
0.36927828 0.36014643 0.72787815 12430758
0.37861216 0.3599191 0.72658473 7297622
0.50771791 0.36010304 0.73051745 7160104
0.18406522 0.36707523 0.73033661 15193548
0.19632876 0.36660603 0.72850806 15325134
0.24146932 0.36718574 0.73031145 14798020
0.2514466 0.36768273 0.73033577 15324364
0.26144969 0.36834601 0.73038918 15719635
0.28982079 0.36895981 0.7300362 13220014
0.29860702 0.36595121 0.72736496 13351857
0.51279885 0.3666015 0.73003238 6634275
-0.28702533 0.37084487 0.73034209 14734792
-0.25856996 0.37084094 0.72687918 14931918
0.28078347 0.37350681 0.72842938 14733510
0.29534203 0.37466899 0.72964972 14009274
0.30129865 0.37241712 0.72961599 13877688
0.51763105 0.37210003 0.72934777 6437409
-0.31054169 0.3768355 0.72943896 15062732
0.28991625 0.37567058 0.73023814 14272446
-0.32866031 0.38427988 0.72638863 14669257
-0.31959751 0.38111606 0.72868031 14602436
-0.27601048 0.38284639 0.72828895 15919584
0.5272193 0.38259712 0.72617954 5318675
-0.32921451 0.39228776 0.73047894 14143170
-0.30745733 0.39285603 0.7269004 15524825
-0.29872596 0.39185324 0.72835284 15590618
-0.28996041 0.39068416 0.72977263 15656668
-0.3378858 0.39541951 0.72746283 15196628
0.53995216 0.39959314 0.73026723 5977378
0.54644203 0.40259114 0.72623819 4924950
-0.34579927 0.40572158 0.7284326 15064531
-0.32946664 0.4062629 0.73006958 15788769
-0.33799362 0.41136566 0.73033661 15985891
-0.35597044 0.42287114 0.7290234 15525343
-0.3609156 0.42747262 0.72984868 14736083
-0.39740396 0.44120708 0.72574419 9012354
-0.39039242 0.44288173 0.72746891 13026501
-0.40760615 0.44555381 0.7286182 1579039
0.58179677 0.4515802 0.72764486 5649702
-0.39749807 0.45482948 0.73039132 14210252
-0.40271071 0.46087268 0.72614378 13815495
-0.41036198 0.47274664 0.72576767 13684422
-0.42013767 0.48396912 0.72570688 10000279
-0.04165972 0.3132737 0.73192245 13615286
-0.11400358 0.31811371 0.73443025 13680308
-0.10479823 0.31659761 0.73284143 13417136
-0.096363284 0.31538287 0.73144227 13418420
-0.091797449 0.31629983 0.73382336 13353140
-0.086757354 0.31723145 0.73155826 13550262
-0.079607435 0.31607106 0.73157007 14142142
-0.029372627 0.31726959 0.73100132 13548977
-0.17500448 0.32251266 0.73130363 14009016
-0.15531576 0.32447329 0.7341941 14140860
-0.12330303 0.32062522 0.73476285 13548723
-0.098141544 0.32041612 0.73165935 14339520
-0.054290466 0.31994215 0.73458916 13483958
-0.042012714 0.32156816 0.73360044 13549493
-0.032163121 0.32248834 0.73262614 13023149
-0.022529835 0.32294825 0.73161799 13088942
-0.018611843 0.32132199 0.7316938 14535873
-0.20430619 0.32829359 0.73110348 15129038
-0.18458846 0.32604793 0.7311725 14206395
-0.1388095 0.32805374 0.73095781 15195601
-0.12908344 0.32640067 0.73210949 14602948
-0.12011362 0.3247979 0.73303133 14734022
-0.0078234617 0.32495812 0.73196334 14931145
-0.21074921 0.33071831 0.73247665 15458260
-0.19397801 0.33188787 0.73505431 14272957
-0.14843136 0.32991782 0.73096818 15524309
-0.18849978 0.33615258 0.73239464 15656152
-0.17871404 0.33581606 0.73226601 15721175
-0.1722405 0.33581403 0.73222202 15589589
-0.15933979 0.33614352 0.73543423 15194831
0.02357172 0.33625332 0.73422319 15786455
0.030228538 0.33648816 0.73367292 15392210
0.031602547 0.33708408 0.73270673 15983577
0.041189473 0.3391923 0.73141724 15127753
-0.22927946 0.34425512 0.73443097 14339009
0.041893657 0.34129038 0.73375028 14734024
0.052074526 0.3435339 0.73132437 14273215
0.44731688 0.34386244 0.73270589 6371878
0.47015771 0.34161475 0.73060197 4464657
-0.236743 0.3465617 0.73168236 14734280
-0.21231619 0.34765986 0.7314325 15261909
0.06036967 0.3457419 0.73250347 15390925
0.070779093 0.34613875 0.73120314 14667202
0.079909891 0.34613588 0.73114115 14733509
0.093574762 0.34951308 0.73226768 14273728
0.10082911 0.34944382 0.73174053 14142143
0.11481457 0.34951773 0.73298031 14997452
0.12514505 0.34948948 0.73175758 15260624
0.41790393 0.34765854 0.73430222 5911070
0.43875962 0.34519616 0.73405319 6305830
0.0844936 0.35039261 0.733733 14405314
0.10643471 0.35098913 0.73470074 15129038
0.40286234 0.35463575 0.73185247 4467236
0.4099021 0.34992495 0.73325354 5386271
-0.24970114 0.358596 0.73393065 14865864
-0.22273177 0.35682979 0.73154646 15261654
0.1091907 0.35522678 0.73394042 15392210
0.11903516 0.35705712 0.73421484 15721175
0.13053136 0.35872009 0.73225635 15983834
0.33893025 0.35745826 0.73279709 12429725
0.34887198 0.35721007 0.73245853 11706004
0.35052615 0.35565189 0.73239416 11902093
0.35870203 0.35859016 0.7308014 12496035
0.3625547 0.35564807 0.73067051 10717821
0.39105999 0.35792485 0.73113519 9600375
0.5037775 0.3576043 0.73501378 7159847
-0.26228154 0.36184874 0.73169047 15128523
0.14041862 0.36041692 0.73140627 16049626
0.15671091 0.36141697 0.73331004 16049627
0.19199099 0.36232606 0.730995 15390152
0.20146188 0.36203149 0.73129028 15521996
0.2113428 0.3618063 0.73118216 15259594
0.23672386 0.36071864 0.7320655 16048857
0.3296541 0.36092511 0.73545581 12363162
-0.27981836 0.3682442 0.73188561 14602181
-0.27046597 0.36513665 0.73252851 14536644
-0.2393209 0.36708489 0.7318756 15393240
0.15539539 0.36571243 0.73558122 14732736
0.16646375 0.36541548 0.7342574 15390927
0.175237 0.36570624 0.73544639 15982035
0.17663676 0.3677403 0.73319536 14601154
0.18354827 0.36670366 0.73557597 16376793
0.18846475 0.36570218 0.73535651 15258312
0.19869751 0.36874798 0.73107642 15588304
0.20857634 0.36853114 0.73254091 15588305
0.21635656 0.36615291 0.73070377 15522513
0.22155026 0.36602512 0.73409146 15390925
0.23151031 0.36668888 0.73194081 15588304
0.24890386 0.36577204 0.73518389 14996168
0.25800326 0.36528066 0.73265725 14798790
0.26714048 0.3663843 0.73111981 14930376
0.2709035 0.36832884 0.73325616 14141115
0.27933925 0.36890236 0.73103291 13483184
0.31113926 0.36821964 0.73168713 13943481
0.31994459 0.36591139 0.73368317 13548467
0.32078409 0.36492577 0.73488861 13351088
-0.24919835 0.37000468 0.73081487 16116193
0.18333425 0.37035957 0.73436958 14140860
0.19009566 0.3703827 0.73228592 14798789
0.27179432 0.37217644 0.73101848 15127755
-0.29823151 0.37964299 0.73274034 15063759
-0.28908834 0.37728623 0.7346285 15195089
-0.26057771 0.37534145 0.73185199 15721948
0.28216559 0.37567309 0.73325115 14338239
0.52149522 0.3779321 0.73205286 6305824
-0.3080532 0.38292339 0.73310941 15129038
-0.26912406 0.38017753 0.73111397 15985377
-0.32004803 0.38591316 0.73212904 14800073
-0.28046653 0.38684765 0.73070508 15985120
-0.27344432 0.38584545 0.73550969 16775150
0.53076875 0.38909593 0.73068184 5911070
-0.31668562 0.39254442 0.7355575 15195088
-0.32423657 0.39615265 0.73497349 14537158
-0.30945501 0.39968994 0.73262542 15591133
-0.30035111 0.39752057 0.73330361 15590619
-0.29339316 0.39685169 0.73426181 15722205
0.53461498 0.39659479 0.73539644 5516571
-0.33910632 0.4046475 0.7311638 15656923
-0.31773418 0.40125921 0.73114914 15459804
-0.33378309 0.40692833 0.73476309 15130067
-0.32289785 0.40486088 0.73249704 16052455
0.54425722 0.4065918 0.73376614 5714720
-0.34696174 0.41221991 0.73123521 15525339
0.55066305 0.41108981 0.73112756 5056793
-0.35374898 0.4173322 0.73299569 15262168
-0.34916618 0.41886893 0.73103338 16249064
-0.34353212 0.41722408 0.73402399 15656926
-0.37580931 0.42032483 0.73441571 13616832
-0.36374757 0.42118457 0.73519498 14801618
0.55920464 0.42258719 0.73312789 4728600
-0.38321698 0.43150869 0.73464113 15065561
-0.3659665 0.43237415 0.73245829 14802136
0.56564462 0.43258515 0.73487562 4662807
-0.38770092 0.4371132 0.73307544 14671060
-0.37060106 0.43587568 0.73136276 14145233
-0.39114141 0.44433299 0.73251349 14539217
-0.37835178 0.43973497 0.73108321 12960960
-0.39838648 0.44588426 0.73152441 6382950
-0.39011616 0.44554833 0.73199278 9343635
-0.39211649 0.45193306 0.73489636 14605267
0.58321381 0.45607975 0.73368853 6767669
-0.39904863 0.4649016 0.7329486 14210253
-0.40035155 0.47236529 0.73554367 14539731
-0.40704879 0.47584143 0.73260695 14078924
-0.42202911 0.4807699 0.73307508 9605778
-0.41680786 0.48093513 0.73260194 11382186
-0.41433546 0.48253492 0.73521942 10460827
-0.067594476 0.31311491 0.73896712 14273729
-0.058964394 0.31211236 0.73977548 13747385
-0.049460925 0.31244281 0.73977488 14404802
-0.041676901 0.31377366 0.73838884 14470595
-0.090789668 0.31677607 0.73916143 13484213
-0.081982531 0.31668904 0.73988575 13418420
-0.073095344 0.31767455 0.7380963 13089713
-0.063974686 0.3186852 0.73686868 13615288
-0.13351707 0.32376495 0.73648471 13417136
-0.099048413 0.32379141 0.73751312 14536900
-0.048968263 0.32178894 0.73707515 13418421
-0.17152044 0.3258597 0.7386921 14470593
-0.16481432 0.3251622 0.7395559 15128523
-0.15356329 0.32636097 0.73919696 14667460
-0.14315253 0.32635656 0.73811871 14075322
-0.1092981 0.32757238 0.73992044 14668230
-0.012094447 0.32606116 0.73907977 14142146
-0.0091910455 0.32801345 0.73973125 15523281
-0.00049190375 0.32848445 0.73756117 14865612
-0.2029832 0.33354869 0.73566955 14932172
-0.18469986 0.33053103 0.73625153 14732739
-0.13854399 0.3333036 0.73879796 15260881
-0.12883826 0.33137217 0.73986346 15260623
-0.11933894 0.32979777 0.74041837 14997195
-0.00031989961 0.33231619 0.7401014 15654867
0.0089134034 0.33230034 0.73674375 15457491
0.013680374 0.33380905 0.73829788 15063248
0.020424267 0.33449391 0.73630315 14602950
-0.21303862 0.33698705 0.73710924 14669258
-0.2216346 0.34026352 0.7358014 14668744
-0.20791879 0.34315851 0.74033731 16051170
-0.19901487 0.33982232 0.73964304 16051170
-0.18985236 0.34056953 0.73931998 16116705
-0.17965674 0.34031644 0.73798424 15787226
-0.1698111 0.33981338 0.73782223 15589848
-0.15949515 0.34106007 0.74042517 15524567
0.037527684 0.3424615 0.73829144 15325903
0.42403808 0.34362903 0.73725742 6503208
0.43117759 0.34362689 0.73844916 5779742
0.43976557 0.34362426 0.73606533 5188889
0.45441526 0.34361961 0.73596579 3346947
0.46092626 0.34361759 0.73592156 3873036
0.46999493 0.3445659 0.73726481 7292467
0.47069266 0.34361473 0.73585516 4464400
0.4797543 0.3433992 0.73581642 8744802
0.48573685 0.34415129 0.7388857 11247767
-0.22482264 0.34606281 0.73870307 14800075
0.051774908 0.34785131 0.73872012 15062475
0.060243879 0.34963086 0.73977047 15521998
0.41872853 0.34600571 0.74033016 6175269
0.42771745 0.34647992 0.73570961 5187093
0.450203 0.34637418 0.73957926 5450262
0.45139879 0.34624556 0.74015743 4202001
0.46080279 0.34620717 0.73873574 6238492
0.48116705 0.34786144 0.739456 5910299
-0.23906118 0.35417905 0.73637468 14865865
-0.23172417 0.35066417 0.73852915 14668489
0.063177325 0.35063377 0.73894399 14273215
0.070040442 0.34996107 0.73976761 15390668
0.073989742 0.35241774 0.73628002 14799814
0.07941778 0.35061112 0.73941892 14798788
0.08474084 0.35445109 0.73920292 14931658
0.089631639 0.35073283 0.73814529 15654099
0.094766364 0.35219041 0.73739094 14734280
0.09777467 0.35223022 0.73673493 15852248
0.39988106 0.35189667 0.73624963 5254423
0.48950663 0.35110882 0.74043661 7423278
-0.22259435 0.35649636 0.73969501 16314601
0.077613465 0.3553063 0.74036866 15721173
0.12518816 0.35477152 0.73671633 15129038
0.36183766 0.35960034 0.73948914 10783875
0.36997563 0.35764578 0.7401951 9861737
0.37973878 0.35797623 0.74057573 8743003
0.38059902 0.35929456 0.73698193 4927786
0.39001688 0.35638335 0.73641402 3216907
0.39073908 0.35763934 0.73982638 5453615
0.39836824 0.35663703 0.73718315 4664103
-0.2492134 0.36408487 0.73798841 14734536
-0.24161994 0.36097065 0.73958677 15063502
0.11822897 0.36197391 0.73925954 15983834
0.127299 0.36322108 0.73860794 16444385
0.13690014 0.35976687 0.73851901 15589332
0.14565945 0.35985675 0.7362929 15786455
0.33254838 0.3633242 0.7383458 13218468
0.33976591 0.36009958 0.73988491 11111035
0.3725976 0.36088303 0.73832101 8744551
0.50871158 0.36360279 0.73611122 7159847
-0.258872 0.36746541 0.73715144 15195344
-0.23151633 0.36583248 0.73820943 15920099
0.1488713 0.36915889 0.73958713 15719119
0.15662114 0.36603442 0.73854607 15523283
0.20177433 0.3665314 0.74038571 15917012
0.21177547 0.367695 0.74053973 15653841
0.22895865 0.36637214 0.73582822 14929864
0.23885782 0.36561456 0.73605019 15588306
0.26319402 0.36904743 0.73675817 14272446
0.31185323 0.36828473 0.73633415 13351858
-0.28304827 0.37385622 0.73572034 15260624
-0.27733377 0.37185803 0.7373634 15984347
-0.26574814 0.36976948 0.73801655 15787738
-0.24657923 0.37283722 0.73629135 15130068
-0.23884997 0.37083486 0.73919052 15788514
0.1599703 0.37104431 0.73986775 14995138
0.16889799 0.37101391 0.74010104 15127496
0.20842455 0.37315205 0.73812515 15193805
0.22046453 0.37165812 0.73791224 15522257
0.22236098 0.37026325 0.74024528 15653584
0.23144113 0.37140301 0.73850328 15127240
0.24131458 0.37268582 0.73763102 15126984
0.25032729 0.37318304 0.73716456 16245466
0.26197711 0.373346 0.73628443 15850964
0.28190926 0.37362662 0.74025828 13746101
0.29352814 0.37400392 0.73777515 14009531
0.3019343 0.37176004 0.73813206 13680566
-0.25052148 0.37783852 0.73990995 16183271
0.1897659 0.37566558 0.73979098 14865097
0.19988747 0.3747727 0.73754376 15391183
0.27923715 0.37889639 0.74054176 14667202
0.28907904 0.37744871 0.74020249 14404032
-0.28384084 0.38124993 0.73961776 15392726
-0.26590219 0.38284317 0.73826081 16182756
-0.25943941 0.38124123 0.73993045 16051685
0.52164018 0.38226536 0.73954207 6832169
-0.29961887 0.3891373 0.7375229 15195347
-0.29440415 0.38962725 0.73956078 14603724
0.52508879 0.38659778 0.7403354 6306857
-0.30609414 0.39068988 0.73710328 14800844
-0.2782737 0.39118031 0.73763222 16511721
-0.2872982 0.39934984 0.740596 16314599
-0.32637429 0.40429154 0.73695999 14800843
-0.31725404 0.40191439 0.73919493 15129038
-0.29664564 0.40235272 0.73866159 15788511
0.53739125 0.40226057 0.73981053 5451806
-0.32067272 0.40748516 0.74018353 14934491
-0.33555979 0.41286483 0.73912293 14802905
-0.32970202 0.41052964 0.74037045 14671578
-0.32843217 0.4128466 0.73952359 14406085
0.54618114 0.41309121 0.7400617 4859929
-0.33375379 0.41564956 0.73837417 14998225
0.55263638 0.41958919 0.73950332 4004620
-0.37115091 0.42431048 0.73685271 14275532
-0.33720994 0.42267814 0.73929077 15130068
0.55581117 0.42258826 0.74003178 4136463
-0.36084914 0.42913643 0.73955566 13881290
-0.35213313 0.42799523 0.73818201 15064789
-0.34242213 0.42672029 0.73950571 15130068
-0.37141445 0.43216231 0.73946673 14209996
-0.36963552 0.43837538 0.74047691 13948116
-0.3804678 0.44145146 0.73920316 15130840
-0.37778178 0.44187799 0.73766917 12829636
-0.39781678 0.44938412 0.73737127 10200487
-0.38905054 0.44938138 0.73906285 10726060
-0.38052082 0.44487873 0.73996037 11712183
0.57867676 0.45258108 0.74012631 4925209
-0.38703853 0.45479241 0.74006122 14934232
-0.39375472 0.46605638 0.73953813 14672087
-0.40217492 0.47952941 0.7404992 12828859
-0.41189989 0.48401788 0.73979646 8815747
-0.40743729 0.48239675 0.73784083 12828859
-0.11198776 0.31854811 0.74301749 14140858
-0.10245187 0.31711486 0.74275118 13483187
-0.09340217 0.31636539 0.74215537 13483957
-0.078902639 0.31789628 0.74104041 14602694
-0.071086235 0.31544939 0.74263388 14602694
-0.038954712 0.3151727 0.74151295 14207679
-0.029417107 0.31826976 0.74077934 14799301
-0.12189054 0.32368103 0.74504083 13483185
-0.088097982 0.32228807 0.74089187 14931659
-0.041023023 0.32438722 0.74334496 13615543
-0.020246262 0.32226709 0.74149901 15391182
-0.17394349 0.32943216 0.74237961 14734023
-0.16032785 0.32675007 0.74254984 15852248
-0.1315596 0.32740822 0.7452262 14009786
-0.099989332 0.32579175 0.7414394 14405315
-0.092754252 0.32478943 0.74247915 14931659
-0.031103069 0.32521775 0.74157542 14010301
-0.021379838 0.3258107 0.74066645 14931404
-0.015755603 0.32543209 0.74208802 14996937
-0.18168235 0.33392206 0.74232203 14997195
-0.20159459 0.3392165 0.74072105 15062731
-0.19078663 0.33734646 0.74079734 14930631
-0.15014991 0.33897403 0.74077481 15721945
-0.14011398 0.3374708 0.74311703 16116703
-0.13178484 0.33630159 0.74499267 15787481
0.0099775996 0.33632889 0.74265641 15589076
0.020658327 0.33848146 0.74085766 14996939
-0.19188675 0.34245673 0.74467272 14996939
0.020502282 0.34002426 0.745323 14800330
0.031558461 0.34301797 0.74321991 14799560
-0.2138401 0.34749368 0.74120337 16116963
-0.20923001 0.34845427 0.74417299 15063245
-0.19929743 0.34699026 0.745552 15194574
-0.18733633 0.34581879 0.74396712 16380135
-0.18088746 0.34615007 0.74398774 15919584
-0.17124528 0.34681383 0.74405104 15853791
-0.16288507 0.34581128 0.74380106 15919324
0.042206828 0.34634343 0.7416361 15193804
0.046162892 0.34862295 0.74381012 14931146
0.4211092 0.3496733 0.74294335 6042399
0.43086565 0.34708753 0.74325615 5450522
0.43994331 0.34700766 0.74151021 5450266
0.44244653 0.34605208 0.74070424 4925464
0.46173307 0.34678414 0.74141568 4201745
0.47164646 0.34728101 0.74144644 5055764
0.4823091 0.34772661 0.74491471 9797746
0.48814768 0.34553066 0.74253803 9471872
-0.22705138 0.35468379 0.7440415 15194831
-0.22013879 0.35050705 0.74332339 15261137
-0.21876639 0.35162869 0.7413705 15985634
0.39474848 0.35463825 0.74503309 3215881
0.40155074 0.35388604 0.74196953 3347980
0.410081 0.35017291 0.7422505 6043427
0.083011054 0.35473493 0.74386925 14798788
0.089559138 0.35539964 0.74395341 15654097
0.097992897 0.35666612 0.74331433 15655125
0.1062368 0.35574713 0.74244291 15392210
0.11524962 0.3555688 0.74088937 15523796
0.34042597 0.35933259 0.74223489 10124913
0.35955456 0.35564914 0.74142617 9399128
0.49397984 0.35760739 0.74494547 7160363
0.50025123 0.35900536 0.74122721 7028776
-0.23565122 0.363619 0.74447531 15260624
-0.2285639 0.36203173 0.74144059 16248808
0.10919393 0.36017111 0.74145323 15720662
0.11856142 0.35975328 0.74505538 15721175
0.12756702 0.36042634 0.74258727 15260367
0.33076417 0.36297336 0.74381489 11769483
0.12071781 0.36622325 0.74252635 15786454
0.12981842 0.3677204 0.74192399 15325902
0.13894342 0.36955085 0.7413823 15654354
0.1479826 0.3665258 0.74206942 15457490
0.19192003 0.36803439 0.74073738 15916497
0.32148263 0.36841157 0.74346071 12889765
0.32968646 0.36615828 0.74220997 12626076
0.51025188 0.36910239 0.74128014 7094570
-0.25863105 0.37348536 0.74209076 15195601
-0.25065759 0.37062815 0.74136358 14866636
0.15970656 0.37131301 0.74458855 15654355
0.18081318 0.36982968 0.74073964 15653324
0.23237719 0.37149099 0.74139637 15719377
0.25140142 0.37437692 0.74450678 15127755
0.26092964 0.37405315 0.74351233 13811894
0.27192017 0.37357941 0.74124914 14075065
0.30407882 0.37303236 0.74363285 13615286
0.31181389 0.37119165 0.74250335 13746359
-0.27791315 0.37830499 0.74144477 15524311
-0.26808169 0.37539497 0.74198836 15721946
-0.24412006 0.37633649 0.74191719 16315371
0.17115352 0.37485078 0.74427789 15456976
0.18021981 0.37577084 0.74249917 15062732
0.20160723 0.37943414 0.74356848 15128523
0.21029641 0.37701419 0.7419526 14470080
0.21617728 0.37634221 0.74102539 15917269
0.23227859 0.37568858 0.74358147 14929347
0.23899582 0.37635306 0.74366301 15850963
0.24976727 0.37768319 0.74251205 15916757
0.25910303 0.37768033 0.74211568 15653584
0.26958057 0.37830201 0.74091321 15259083
0.29554343 0.37566891 0.74148637 14404032
0.51535618 0.37560073 0.74165851 6831398
0.19133206 0.37985364 0.74505752 15325902
-0.2858282 0.38873854 0.74279958 15458776
-0.27927816 0.38568822 0.74515337 15063761
-0.26947987 0.38784423 0.74144465 16183527
-0.25325373 0.38583925 0.74543411 15855078
0.52902424 0.39259639 0.74143952 6043687
-0.29439259 0.39939228 0.74363667 15590876
-0.28790349 0.39543179 0.74493831 15459033
-0.27995804 0.39734748 0.74271256 16314600
-0.31160486 0.40371564 0.74131209 14866636
-0.30510187 0.40214851 0.74174613 14735308
-0.30969211 0.40635684 0.74117893 16314858
-0.30062199 0.40735391 0.74215072 16117222
-0.29224527 0.40485135 0.74248368 16182758
0.54177719 0.40959254 0.74285489 4399377
-0.31302768 0.4123024 0.74431866 15195603
-0.34035188 0.41726628 0.74166256 13026756
-0.32216522 0.41492751 0.742724 15261138
-0.34847757 0.42120197 0.74071139 12698048
-0.35308096 0.42487016 0.74312824 10790824
-0.33124399 0.42525902 0.74318236 14866638
0.56025523 0.42883685 0.74201649 4202001
-0.34507206 0.43349889 0.74189037 14669519
-0.3366223 0.43098918 0.74303526 15130070
-0.3602055 0.43720582 0.74206573 14998997
-0.34744951 0.43497851 0.74247366 15327449
-0.3392781 0.43777481 0.74544686 15393241
0.56893981 0.43958405 0.74074596 4268051
-0.37038502 0.44187167 0.74293607 14604241
-0.35602307 0.44387069 0.74497968 15196376
-0.3493678 0.44059172 0.74461108 15393499
-0.37011117 0.44633344 0.74482566 14933206
0.57338804 0.44658282 0.74432403 4530194
-0.38009208 0.45204344 0.74335569 15394014
0.5843361 0.45957938 0.74135 5056795
-0.38833964 0.46345058 0.74266356 14802647
-0.38967764 0.4707903 0.74514252 14276559
-0.39585245 0.47548547 0.74235779 13947083
-0.41554758 0.48201075 0.74075264 8224638
-0.39854878 0.48185387 0.74497503 12038832
-0.055956759 0.31377807 0.74644953 14997452
-0.052771442 0.31377712 0.74642783 15063245
-0.084939025 0.31634262 0.74758285 13878713
-0.072725661 0.31701484 0.74835724 13549750
-0.061743163 0.31894532 0.74663848 13747386
-0.040573351 0.31855085 0.75050205 15129037
-0.11456431 0.32089701 0.7468186 13285549
-0.078344531 0.32178476 0.75034112 15129038
-0.054631956 0.32145789 0.74639541 13944765
-0.050538115 0.32248858 0.74595803 14142143
-0.021952147 0.32376757 0.74982482 15062730
-0.090381734 0.32791355 0.74991661 15260624
-0.031118313 0.32776216 0.75053006 14997197
-0.019049117 0.32966617 0.75011748 15062990
-0.17077848 0.33427921 0.75009328 14799560
-0.16134927 0.33059159 0.75051409 15194318
-0.15097824 0.33025125 0.74917144 15062988
-0.14091253 0.33003834 0.7473132 14207422
-0.11018554 0.33312812 0.74745756 15853531
-0.099401705 0.33039144 0.74813443 16116446
-0.0097582433 0.33043054 0.7494728 15522511
-0.0090450291 0.33052602 0.74925631 15194834
-0.0018846035 0.33275357 0.74752265 15325904
-0.17666635 0.33710566 0.74803358 14734026
-0.12073944 0.33813146 0.75014204 15524566
0.004796444 0.33498254 0.74754769 14800589
0.01194725 0.33749393 0.7469272 14800588
-0.20958117 0.3434923 0.74692219 16183271
-0.19958314 0.34248927 0.74665886 16117478
-0.14780542 0.34380654 0.7465679 15656152
-0.14097258 0.34213784 0.74728006 16116447
-0.13015792 0.34000102 0.75025254 15590103
0.0226951 0.34251371 0.74810952 14931146
-0.18940294 0.34794548 0.74817115 15655898
0.031529099 0.34703663 0.75018972 15127755
0.40984318 0.34807804 0.75018054 5912613
0.41923866 0.34618607 0.74973947 6241319
0.42897484 0.34596112 0.74962884 5912098
0.43960541 0.34682444 0.74940377 4596498
0.44957709 0.34862128 0.75043064 4267535
0.45200604 0.34780362 0.74865156 5646871
0.45904848 0.34895161 0.75002521 4004365
0.46217877 0.34831384 0.74847811 7489074
0.47285849 0.34749439 0.74664289 9859936
0.48750645 0.34881046 0.74694878 9207155
-0.21762568 0.34982827 0.74821526 16182758
-0.2009275 0.35382918 0.74842268 15392210
-0.17874649 0.3514829 0.74827713 15788255
-0.16913676 0.35247973 0.74840707 16248549
-0.15884349 0.35014322 0.747881 15722203
0.040664684 0.35019258 0.74982113 15127496
0.049727928 0.35174516 0.7481007 15061704
0.055342849 0.35414496 0.74978608 14668230
0.05851401 0.35274246 0.74692589 15654097
0.40019172 0.35174206 0.74561912 6437924
0.46910378 0.3516151 0.75008291 5121814
0.47894973 0.35336199 0.74831539 6765351
-0.21936989 0.35905269 0.74821466 15261394
-0.21187836 0.35491255 0.74741071 15458260
0.063545249 0.35524705 0.74800557 14273472
0.076305881 0.35750738 0.74697632 15194574
0.086538672 0.35746124 0.74592394 15458002
0.34974834 0.35825208 0.74998802 8014646
0.35556301 0.35565034 0.7487784 7028009
0.36257377 0.3594673 0.74947089 6242100
0.37205213 0.35604528 0.74874455 8610898
0.38357127 0.35728517 0.74722832 5057311
0.38839853 0.35564008 0.74855536 6043692
0.39059848 0.35513952 0.7461341 4070669
-0.22775164 0.36159685 0.74786645 15787740
0.089472942 0.36073282 0.74992949 15588304
0.098499358 0.36248007 0.74938613 15390925
0.10361397 0.35992661 0.75044793 15523283
0.10590311 0.36372784 0.74875468 15983062
0.3405607 0.36215487 0.74975353 9793372
0.37370032 0.36027339 0.74931663 5320739
0.49080262 0.36040834 0.75012904 6700327
0.12827 0.36570588 0.74965864 15457490
0.1373294 0.36716452 0.74810082 14799046
-0.24688873 0.37424079 0.74591166 15984347
-0.23674345 0.37102142 0.74705476 15722461
-0.23170424 0.36984697 0.74973899 15261394
0.1191043 0.3700569 0.74990803 16049112
0.1283849 0.37172082 0.74817544 15720147
0.139033 0.37405089 0.74722344 16114648
0.14925744 0.37073067 0.7479493 14864583
0.18063954 0.37470475 0.74706954 15390152
0.19053572 0.37295154 0.74666435 15719374
0.20210093 0.37169793 0.74634427 16377307
0.2120859 0.37202814 0.74634081 15850963
0.22050683 0.3736923 0.74660558 15982549
0.30273396 0.37426677 0.74749416 13745844
0.31166348 0.37332144 0.74851447 13417137
0.5076527 0.37160316 0.74758977 6568742
-0.25709611 0.37857452 0.74634093 15392210
-0.24001154 0.37783507 0.74939638 16381420
0.14863703 0.37857166 0.7504198 15982035
0.16511419 0.37585464 0.74798208 15456720
0.23175861 0.37817994 0.74668211 15390925
0.24185014 0.37603596 0.74608904 15390925
0.26246783 0.37803879 0.74889427 13943737
0.26950198 0.37844625 0.74803263 13811893
0.28261715 0.37794808 0.74795634 14141115
0.29356787 0.37766781 0.74871916 13286323
0.3015517 0.3758029 0.74752909 13483187
0.51648557 0.37960044 0.74575406 6963500
-0.24618316 0.38193408 0.74909776 16182756
0.15915635 0.37987807 0.74988621 15323848
0.16919653 0.38054147 0.74994677 15653324
0.17844684 0.38114586 0.75045317 15457488
0.19276963 0.38388637 0.75034267 15325903
0.20205759 0.38370982 0.74938935 15260110
0.21168368 0.38240162 0.74784988 14864840
0.22278337 0.38056806 0.74774498 15128010
0.23949769 0.38201967 0.74976057 15785427
0.24964039 0.38334993 0.74827498 15390412
0.25347742 0.3804436 0.75052434 14930631
0.25636756 0.38368109 0.7482937 15587791
0.26976371 0.38367704 0.74820274 15193033
-0.27472329 0.38869956 0.74863213 15261397
-0.26544273 0.38594297 0.74940175 15195346
-0.25013614 0.38683835 0.74895757 16315629
-0.26492444 0.39184287 0.74664432 15985894
-0.25765339 0.38984063 0.74734062 15788772
0.52738523 0.39459708 0.74857765 4925979
-0.27037618 0.39959458 0.74983841 16117994
-0.28340605 0.40004864 0.74882585 15525082
-0.27805591 0.40284696 0.74880701 16249836
0.53133333 0.40059581 0.74970978 4334356
-0.29210123 0.40754452 0.74715704 15656925
-0.32695961 0.41286221 0.74760705 10461602
-0.31982368 0.4118599 0.74737245 10132124
-0.31118628 0.41152397 0.74725193 13025726
-0.30358481 0.41167799 0.74621373 15327705
-0.2976293 0.41185299 0.74722177 16578029
-0.29117852 0.41014174 0.74959809 15986149
-0.33862329 0.4173657 0.74852401 10133666
-0.33270568 0.41486385 0.74801844 10922410
-0.29818273 0.41489127 0.74909478 15854306
-0.34708259 0.42236844 0.74779207 10659753
-0.32115233 0.42416635 0.74654835 15590361
-0.31200075 0.41995504 0.74768203 15327704
0.54941893 0.42109028 0.74925286 3873549
-0.30965003 0.42494157 0.75032872 15262169
-0.32121283 0.43202642 0.74925345 15985377
-0.33080891 0.43492153 0.74734718 14998482
-0.33833867 0.44448772 0.74928385 15722207
0.56833899 0.44125095 0.75034851 4333842
-0.34845695 0.44806972 0.74881524 15459035
-0.37470931 0.45452896 0.74654669 15064792
-0.36862388 0.45191446 0.74736935 14670033
-0.35866854 0.44979885 0.74778408 15064533
0.58191139 0.45838013 0.74925345 6109224
-0.37674314 0.46254173 0.74955195 14209483
-0.3829779 0.466005 0.7478202 14012617
-0.38505054 0.47239521 0.75035757 11578280
-0.39056122 0.47527447 0.74871355 12105908
-0.39492071 0.48234621 0.74731725 12105138
-0.10173751 0.31885806 0.75340825 14141629
-0.092629142 0.3166652 0.7508896 14010043
-0.082729824 0.31547871 0.75190955 14141886
-0.069360219 0.31867114 0.75071985 14800074
-0.059964053 0.31715432 0.75074846 14997452
-0.049601711 0.31727603 0.75070375 14997452
-0.11102789 0.32240596 0.75364298 14404800
-0.053804912 0.32211927 0.7553944 14076096
-0.04819002 0.32445946 0.75547272 14405061
-0.030088792 0.32095173 0.75062448 15062987
-0.12034302 0.32787338 0.75487739 14865353
-0.083353482 0.32678655 0.75245398 15194831
-0.040035658 0.32692876 0.75382894 14931404
-0.025832826 0.32716039 0.75377566 14602181
-0.018400053 0.32576635 0.75181025 15062730
-0.14005789 0.33321014 0.75424021 15391954
-0.12973753 0.3313686 0.75293535 14997709
-0.10908916 0.33839455 0.75303406 15458773
-0.10099188 0.33645871 0.75345272 15786968
0.00046926588 0.33642724 0.75168389 15983575
-0.1797331 0.34388497 0.75123984 15523542
-0.17350292 0.34065595 0.75386685 15391443
0.010420276 0.34017399 0.75128943 15917782
0.013461379 0.34167948 0.75467402 14997196
-0.13951641 0.34755388 0.75295848 15590105
0.023784732 0.3464767 0.75396842 15457232
0.035788327 0.34904268 0.75170106 14732997
0.44213089 0.34832183 0.75093514 5844509
0.48144129 0.34947041 0.75149924 10389368
-0.21002179 0.35232583 0.75192791 16183530
-0.1996747 0.35007265 0.75141233 16183786
-0.18191761 0.35027781 0.75367218 15523542
-0.14894354 0.34980693 0.75102109 15458776
0.040487047 0.35339907 0.75494021 14799560
0.045726474 0.35211232 0.75080913 14799560
0.35526282 0.35365048 0.75330216 6698274
0.36182848 0.35375944 0.75163978 6436644
0.37162369 0.35344544 0.75347859 6898994
0.38121504 0.35439232 0.75204724 5977894
0.39182794 0.35413912 0.75192457 3609864
0.40129817 0.35231176 0.75278407 5648926
0.41191572 0.3524541 0.75380534 7160875
0.42206627 0.35189238 0.75193197 6042398
0.43277216 0.35093346 0.75187236 4397322
0.46270153 0.35093835 0.75405651 7554869
0.47224814 0.35039392 0.75279444 8413262
0.48309666 0.35252133 0.75559622 11111550
-0.21971238 0.3584955 0.75211912 16314602
-0.19741589 0.35768762 0.75174588 15194575
-0.18957788 0.3561528 0.75254732 16380650
-0.18720299 0.3548812 0.75349766 15260370
-0.16015875 0.35681036 0.75247961 15985377
-0.15008149 0.35580721 0.7554968 15656412
0.051031586 0.35574487 0.7533105 14996167
0.060445368 0.35745624 0.75206453 15654097
0.0691633 0.35827246 0.75099748 15259853
0.34722635 0.35798147 0.75527054 8741719
0.35159868 0.35866585 0.75079912 8676183
0.47381544 0.35561362 0.75454253 6633767
0.48169747 0.35821107 0.75370103 5910814
-0.21481234 0.36365941 0.75199741 16116449
-0.20756066 0.36041287 0.7509796 15524053
-0.1805841 0.36015001 0.75327784 16051428
-0.17077374 0.36048034 0.753277 16051171
0.079617299 0.3600693 0.75151569 15456717
0.09681844 0.36136809 0.75163931 15786455
0.10956858 0.364216 0.75363356 15720149
0.33268347 0.36417225 0.75475341 8345671
0.34177864 0.36050835 0.75290161 8741200
-0.23013046 0.36949876 0.75214761 16183016
-0.21583435 0.36972085 0.75551504 15721691
-0.19881523 0.36517599 0.75553995 15523542
0.10093658 0.36622933 0.75258547 15390925
0.10984073 0.36852661 0.75165683 16377820
0.11857672 0.36529568 0.75191861 15457234
0.32511643 0.36961558 0.75321347 9927792
0.33111885 0.36799136 0.75138539 11572614
0.33741173 0.36565593 0.75418729 11176312
0.50068474 0.36780527 0.750871 6240035
-0.22479701 0.37197497 0.75391608 15524567
0.14014743 0.37404814 0.75555772 15259341
0.14851734 0.37467065 0.75341243 15193548
0.32162932 0.37226501 0.75356871 11244680
-0.23136151 0.37595907 0.75343162 15195601
0.12994377 0.3772203 0.75373226 16048855
0.13912451 0.37871745 0.7531324 16114135
0.16086814 0.37945643 0.75424665 14864583
0.18922901 0.37970188 0.75298995 16114390
0.19915873 0.37803236 0.75259417 15916756
0.2091566 0.37786248 0.75249344 16048342
0.21925537 0.37919262 0.75268704 16377563
0.29799169 0.37700143 0.75116915 14206909
0.30561361 0.37566581 0.75307471 13219243
0.50545567 0.37560382 0.75504774 6043431
0.51179922 0.37860182 0.75115603 6437928
-0.25502431 0.38468507 0.75115782 15524053
0.16994022 0.3806105 0.75264984 14996682
0.17470606 0.38331965 0.75473744 15456720
0.17877658 0.38084796 0.75257105 15916755
0.18423645 0.38421479 0.75247127 15391697
0.22934772 0.38035634 0.75117892 16311771
0.23501946 0.38196173 0.75325304 15128266
0.2437351 0.38192073 0.7520867 14929861
0.25340885 0.38453093 0.75475842 14535359
0.26452953 0.38199773 0.75283068 14273216
0.27376118 0.38113073 0.75215846 14075322
0.28062776 0.38224497 0.75072223 14733252
0.28948718 0.38033751 0.75076848 14470081
-0.25115493 0.38789776 0.75532633 15260624
-0.24335438 0.38554934 0.75472921 15721175
0.2045676 0.38790205 0.75493997 15325903
0.21559137 0.3861753 0.75430185 15457490
0.23647934 0.38568726 0.75552279 15850963
0.25002232 0.38734975 0.75240296 15653584
0.26076809 0.38747969 0.75101441 15653584
0.27016485 0.38734356 0.75226599 15521998
0.27676666 0.38617483 0.75367123 14996167
0.52068055 0.38859907 0.75082499 5780515
-0.26836509 0.39309517 0.75299281 15590105
-0.25977278 0.39050379 0.75415784 16248035
-0.27421376 0.39793327 0.75313693 15656412
-0.26143968 0.39784184 0.7511335 16052457
-0.28136384 0.40884164 0.75273174 15920356
0.53418744 0.4065949 0.75425249 4861469
0.53977537 0.41134325 0.7508772 4268562
-0.30832312 0.41635647 0.75070173 13552071
-0.29966328 0.41665354 0.75224251 15131357
0.54414207 0.41759184 0.75290674 4860702
-0.30060244 0.42183653 0.75110298 15788513
-0.29082519 0.41998902 0.75290149 15590878
-0.29218417 0.42736164 0.75554055 15788000
0.55377138 0.42708889 0.75295168 4400149
-0.30954668 0.43217638 0.75316519 15393755
-0.29908031 0.43017843 0.75483805 15656927
0.55992222 0.43158701 0.7513507 4531478
-0.32500273 0.4379454 0.75061458 15459033
-0.31662226 0.43647149 0.75268406 14998997
-0.31804058 0.44407561 0.75533742 15459548
-0.32731146 0.44665721 0.75324184 15788000
0.57424188 0.44924906 0.75181454 5188635
-0.35125321 0.45470658 0.75124186 15261656
-0.33725399 0.4501268 0.75270504 15919586
-0.35423982 0.45893767 0.75225252 15393242
-0.34489298 0.45761386 0.75402397 15524828
-0.36678475 0.46083167 0.75112683 14801619
-0.35589707 0.46365574 0.75407559 14932948
0.58564812 0.46357897 0.75443822 6175530
-0.37456337 0.47021869 0.75340945 13748421
-0.082014047 0.31612185 0.75816077 14405315
-0.070512421 0.31744376 0.75813907 14865610
-0.066819631 0.3237814 0.75815183 14997452
-0.060549907 0.32176664 0.75801247 14931660
-0.052380405 0.32377699 0.75805372 15194831
-0.039312787 0.327773 0.76017576 15589588
-0.15041468 0.33434823 0.75640422 15062732
-0.13034277 0.33429471 0.75735956 14931404
-0.088995181 0.3322883 0.75683492 15392210
-0.080972709 0.33003584 0.75994927 15260881
-0.037217893 0.3298302 0.75984353 15062991
-0.018964792 0.33105221 0.76026052 15654867
-0.010576272 0.33276406 0.75769717 15983832
-0.1582849 0.33501688 0.75725013 15128525
-0.14776164 0.33752194 0.76058739 14536388
-0.13912857 0.33588901 0.75847 14667974
-0.017785991 0.33498743 0.75898951 15128781
-0.0072552576 0.33714381 0.75864345 15260368
-0.16798866 0.34359136 0.75864631 15523283
-0.11518423 0.3437964 0.75611311 15195601
-0.11176113 0.34279528 0.75588733 14735050
-0.097754233 0.3407909 0.75993663 15260624
0.0036532939 0.33989397 0.75783414 14997452
0.0086258706 0.342958 0.76031739 15523281
-0.17487824 0.34903923 0.75824255 15589335
-0.12827919 0.34880057 0.75803393 15392724
-0.1200102 0.34919789 0.75920373 15392980
0.01582819 0.34552827 0.75915998 14997195
0.021228014 0.34853199 0.7594232 15983319
0.41002524 0.34863344 0.76009351 6044201
0.41944754 0.34685257 0.75966102 5846307
0.4291881 0.3466275 0.75954825 5385757
0.43933082 0.34817997 0.75980204 4728083
0.44941628 0.34939912 0.75998729 4925718
-0.13773534 0.35130349 0.75778538 14866382
0.029708369 0.35191801 0.75896698 15917783
0.037283301 0.35274914 0.75690025 15523281
0.44367105 0.35266498 0.7603429 5186834
0.45326111 0.35227922 0.75838727 6896938
0.45922765 0.35111824 0.7598688 4201482
0.46653157 0.35261586 0.7572611 3936772
0.47338042 0.3529698 0.75684839 7688513
-0.20999947 0.35932592 0.75825137 16250349
-0.18290806 0.35961214 0.75812644 15457749
-0.17711791 0.35506728 0.75949472 15523542
0.045229044 0.35697535 0.75912994 15391697
0.052280579 0.35842136 0.75733203 14931659
0.34663317 0.35685304 0.75958997 7554608
0.35752469 0.35802832 0.75753647 6372398
0.37284967 0.35827973 0.75924665 4464143
0.38334322 0.3568106 0.75766569 4398863
0.39211273 0.35505345 0.75572771 5253910
0.46362486 0.35528246 0.76031548 7226160
-0.2176623 0.36382821 0.75920874 16381935
-0.20118088 0.3603231 0.75756997 16513521
-0.19433391 0.36282089 0.75719875 16710387
-0.18884286 0.36173299 0.7564221 15062991
-0.15978497 0.36331025 0.75706416 16116963
-0.14947259 0.36130705 0.75989205 15787998
0.050022122 0.36024526 0.75998205 15786453
0.05893955 0.36205545 0.75986558 15194317
0.06805113 0.36256841 0.75907427 15457746
0.077743016 0.36264446 0.75775152 14931402
0.087329745 0.36251524 0.75575513 14799304
0.099340834 0.36437836 0.7563774 15720149
0.34007093 0.36121073 0.75987107 8148033
0.47974893 0.36161187 0.76011521 6306600
-0.20653933 0.36777905 0.75586671 15787484
-0.18974617 0.36901966 0.75973779 16578800
-0.17924732 0.36948302 0.7584309 16249064
-0.16843212 0.36931291 0.75915486 16248551
0.089331508 0.3693997 0.75992733 14995906
0.091489129 0.36533692 0.75957555 15917271
0.11969032 0.36870435 0.75630981 15719892
0.49043375 0.36889437 0.76043767 4859413
-0.19585466 0.36996666 0.75871116 15786714
0.098849408 0.37010506 0.75958961 15390408
0.10696848 0.37239423 0.7581951 15719375
0.11581163 0.37472478 0.75749427 15719890
0.13056813 0.37310544 0.75692195 15456720
0.31216282 0.37466386 0.75616056 12824739
0.49775752 0.37160626 0.75762039 4793618
-0.22631097 0.3793731 0.75777906 15919325
-0.21444565 0.3749024 0.75937492 15590105
0.11981437 0.37872365 0.7602722 15917267
0.30514085 0.37961915 0.75588971 13285551
0.31475055 0.37711397 0.75595564 11903126
-0.23448884 0.38340452 0.75659114 15985117
0.12850386 0.38192073 0.76018864 15522255
0.13754001 0.38321796 0.75904828 16114135
0.15190189 0.38192168 0.75675637 15521998
0.16159825 0.38414696 0.76003629 15390925
0.20117672 0.38369825 0.75871617 16312027
0.20954931 0.38369575 0.7586593 16246234
0.2841447 0.38412538 0.75819522 13943993
0.28988817 0.38327077 0.75937313 14009274
0.2978282 0.38216832 0.75930911 13285807
0.50848657 0.38060287 0.75769907 4925464
0.19437461 0.3884652 0.75640851 15325902
0.21461797 0.38922563 0.75842947 15786455
0.22458948 0.3871831 0.7573126 15720662
0.23347032 0.38715366 0.75699967 15062731
0.24332657 0.38562003 0.75628585 15324876
0.25555608 0.38863745 0.75872105 14272187
0.26565263 0.38697198 0.7588492 14602179
-0.25330043 0.39420763 0.75820464 16116703
-0.24339217 0.39282098 0.75964087 15458516
0.1594885 0.39026669 0.76031786 15784913
0.16959146 0.39059702 0.76031631 15982806
0.20504063 0.3907496 0.76020437 15457489
0.24026828 0.39068606 0.7598564 15785170
0.24792394 0.39143649 0.75920874 15653841
0.26155245 0.39342955 0.75772959 15258826
0.27115592 0.39242652 0.75957423 14666689
-0.26260558 0.39741114 0.75700873 15721691
0.52322435 0.3975983 0.75933355 4070929
-0.2677927 0.40025106 0.75676817 15655898
0.52793992 0.402347 0.76025003 3874320
-0.27057868 0.40799394 0.75875539 15721948
-0.27654308 0.41007212 0.75658137 15787998
-0.26997924 0.41084448 0.75708491 16184041
-0.30762008 0.42285612 0.75621814 8289144
-0.30044091 0.42185393 0.75769764 11578285
-0.27934313 0.42047587 0.75842422 15853534
-0.2857362 0.43244281 0.75927979 16051172
-0.29663116 0.43547574 0.75732201 15788000
0.56352484 0.43658581 0.75818199 4531992
-0.30657896 0.44202045 0.75796372 15788256
-0.31255627 0.44678345 0.75845212 15525341
-0.32592905 0.45406929 0.75667363 15853793
-0.3205153 0.45135203 0.75739735 15919586
-0.33582988 0.457495 0.75659841 16182758
-0.32510126 0.4595497 0.75919122 15788000
0.58002687 0.45658079 0.76019675 5386529
-0.33754525 0.46393946 0.75886065 16380137
-0.34359711 0.46818712 0.75862688 15590364
-0.36367953 0.47176936 0.75597614 14472656
-0.35355866 0.46996751 0.75713009 14538190
-0.3738693 0.47570696 0.75613052 11511716
-0.35391846 0.47888663 0.76048857 14669776
-0.37022024 0.48093787 0.75907034 12827321
-0.36301696 0.47981122 0.75918001 14472914
-0.10018734 0.32259133 0.76199383 14536901
-0.090427451 0.31979862 0.76174337 14471108
-0.060408868 0.32243112 0.76387399 14931405
-0.10943191 0.32646576 0.76261383 14470594
-0.071048088 0.32658282 0.76069158 15326931
-0.060821243 0.32711294 0.76201838 14931662
-0.049267195 0.32831088 0.76341993 15326418
-0.028903076 0.32926956 0.76064724 15128779
-0.1179711 0.3322151 0.76367706 14536643
-0.03647723 0.3335146 0.76466745 15128784
-0.026807183 0.33436516 0.76117462 15062990
-0.12766403 0.33688715 0.76426214 14207678
-0.08976192 0.33753863 0.76277882 15458516
-0.014261762 0.33890381 0.76325673 15918041
-0.0094714258 0.33676365 0.76288539 16115418
0.00034979582 0.33966973 0.76128906 15654867
-0.15910345 0.33984807 0.76078743 15260111
0.0026364834 0.34432438 0.76494056 15260111
-0.15675613 0.34565201 0.76524132 15062732
-0.10259979 0.34679261 0.76316053 15523796
0.014090141 0.34779039 0.76371044 15654868
-0.16935775 0.35133556 0.76287597 15392210
0.025320595 0.35118166 0.7619459 14470338
0.028329549 0.3545014 0.76526135 14865353
0.35192841 0.35298494 0.76138371 7356972
0.36130452 0.35031524 0.76076752 5382927
0.37113756 0.35042337 0.76072365 5976607
0.3810972 0.35119823 0.76081723 5713948
0.39106515 0.35197261 0.76091152 4136717
0.4007338 0.35119179 0.76068598 4400404
0.42327642 0.35437766 0.76260799 5713433
0.43381906 0.35354021 0.76169485 4594698
-0.17229921 0.35773161 0.76503474 15720921
-0.14056471 0.35780433 0.76131481 15459033
-0.1318877 0.35530153 0.76183826 15327189
-0.120579 0.35646465 0.76528567 15261394
-0.11372792 0.35479608 0.76489383 15327187
0.032804653 0.35508397 0.76287371 15983832
0.037237093 0.35645071 0.76226765 14733510
0.040709 0.35774806 0.76159197 15918039
0.35187894 0.35755458 0.76168877 6306089
0.36220524 0.35809425 0.76140839 6503210
0.4135831 0.35539392 0.76448971 6240544
0.45642334 0.35520461 0.76298469 7357488
0.4640317 0.35561672 0.76446015 6834228
0.47327429 0.35811761 0.76241237 6503721
0.48384097 0.35668328 0.76188737 8216401
-0.17873871 0.36361256 0.76298887 15655128
0.04938272 0.3618522 0.7639218 15325904
0.33411646 0.362955 0.76424319 8476741
0.34333631 0.35989919 0.7614339 6897964
-0.19851348 0.36682227 0.76133734 16447215
-0.18506148 0.36656275 0.76075572 15523542
-0.15070331 0.36780754 0.7645269 15787999
0.061306719 0.3662416 0.76277953 14996167
0.06952282 0.36740592 0.76130921 15193546
0.079402193 0.36923614 0.76161569 14995908
0.090087101 0.36868408 0.7655701 15456977
0.32717136 0.36876562 0.76390368 8083014
0.33070144 0.36753312 0.76081699 11045499
0.48298436 0.36561087 0.76311976 4859159
-0.18732697 0.37333944 0.7628147 15852507
-0.15856555 0.36981001 0.76250452 16248550
0.099972233 0.36996344 0.76413935 15588306
0.10758179 0.37009493 0.76149267 15719892
0.11237812 0.37317601 0.76358467 15390927
0.32215768 0.37319914 0.76255947 11374980
-0.20318383 0.37870279 0.76280814 16116449
-0.19252294 0.37809756 0.76382726 15853277
-0.18701252 0.37481871 0.76287943 16184041
-0.18084976 0.37715009 0.76331013 16315114
-0.17224276 0.37581411 0.76298171 16380393
0.1025449 0.37472895 0.76424068 15653838
0.1102754 0.37739328 0.76251417 15785425
0.12146719 0.37482181 0.76210338 15588306
0.13148098 0.37956932 0.76326066 15522513
0.30888599 0.37803987 0.76061338 12692896
0.31567243 0.37566271 0.76299781 11441800
0.50000715 0.37685552 0.76200169 4925210
-0.22267854 0.38399425 0.76197046 15787996
-0.21359411 0.38031355 0.76254743 15655898
0.1427321 0.37993279 0.76098043 15259340
0.30720302 0.38403681 0.76265579 12100248
-0.23112777 0.38728347 0.76082987 16182496
0.13255985 0.38571957 0.76293641 15785170
0.14011422 0.38671723 0.76224929 15850963
0.14938675 0.38921431 0.76185244 15521998
0.15151705 0.38607743 0.76510102 15588304
0.16573769 0.38927856 0.76446944 15588305
0.17454314 0.38900819 0.76257235 15522768
0.18271206 0.38898209 0.76062661 15457232
0.18973471 0.38936856 0.76161295 16048855
0.19896612 0.38894883 0.7623052 16246234
0.20987993 0.38869551 0.76301903 16377820
0.21992826 0.3883591 0.76120609 16048856
0.23011047 0.38968924 0.76140541 15982807
0.27838251 0.3871775 0.76151472 14141116
0.29023081 0.38592067 0.76443201 13679796
0.29753795 0.38566151 0.76419908 12429728
0.51194364 0.3871018 0.76150399 4202258
-0.23187387 0.39319935 0.76506251 15721946
-0.22139752 0.38993123 0.76558012 15919070
0.17973644 0.39153817 0.76211697 16048855
0.18805246 0.39227358 0.76307267 15391439
0.19575804 0.39278749 0.7624895 15456976
0.22525182 0.39433077 0.76372761 15194318
0.23516615 0.39314786 0.76221484 15260111
0.25812304 0.3929992 0.76357371 13614257
0.26721478 0.39247528 0.76493698 13680819
0.51811087 0.39326647 0.76187092 4136724
-0.24946725 0.39950457 0.76251405 15853531
-0.24030778 0.39688173 0.76422662 15524566
0.24416696 0.39668491 0.76440614 16443100
0.24679744 0.39554265 0.76463538 14996168
0.260571 0.39867964 0.76334792 15258827
0.2680257 0.3986775 0.76464921 13942968
0.25205749 0.39993253 0.76416594 15587791
-0.26079071 0.40561727 0.76164466 15787484
0.53309852 0.40859523 0.76146394 3874321
-0.25954252 0.4112002 0.76477188 16050656
0.53777713 0.41309372 0.76062447 3611405
-0.27949053 0.41824737 0.76063889 15657957
-0.27190971 0.4188557 0.76215726 16116449
-0.26849219 0.4181774 0.76192063 15657699
-0.2895914 0.42001727 0.76070851 14473432
0.5439868 0.4198418 0.76106817 4006420
0.5496524 0.42459014 0.7611118 4138006
0.55397654 0.42758897 0.76167589 4203799
-0.28015789 0.43044224 0.76210266 16050913
0.56005383 0.43258682 0.76147002 4400920
-0.28884798 0.4386026 0.76139098 15853793
-0.29546726 0.44291583 0.76148742 15853793
0.56871009 0.44225088 0.76099056 5189922
-0.29644173 0.44860771 0.76494437 15853793
-0.30497453 0.45262662 0.76346773 15722207
0.57470453 0.45058241 0.76082569 5716265
-0.31383979 0.45595744 0.7618193 15656671
-0.31502005 0.46269217 0.7648657 15130070
0.58569622 0.46357897 0.76151055 5057564
-0.33246472 0.4692091 0.76262873 15392985
-0.32295576 0.46533194 0.76254278 15853536
-0.34146538 0.47923377 0.76440042 14933204
-0.34946096 0.48164394 0.76305097 14999511
-0.35909432 0.48738042 0.76339537 13552326
-0.07896731 0.32353809 0.76836413 14470341
-0.069496252 0.32215098 0.76629561 14602184
-0.099500112 0.32805231 0.76883262 14668230
-0.088820897 0.32577971 0.76842648 14668488
-0.05856023 0.32768217 0.7687065 14931405
-0.11177207 0.33152893 0.7667231 14471108
-0.10522119 0.33022526 0.76852614 14931146
-0.07778842 0.33345154 0.76776952 15392726
-0.069520511 0.33211568 0.76796931 15392726
-0.06012205 0.33177939 0.76686555 15524055
-0.048754908 0.33377579 0.76656574 15852761
-0.039588593 0.33843961 0.7691161 15918298
-0.036161371 0.33912542 0.77040893 14997198
-0.029896701 0.33876994 0.76912123 15786710
-0.0293578 0.33914033 0.76845688 14997198
-0.020147929 0.33860031 0.76901978 15786710
-0.14621681 0.34305421 0.76621598 14734537
-0.13690895 0.34063652 0.76564914 14536645
-0.095584981 0.34379032 0.76574689 15656152
-0.010607401 0.3405973 0.76938111 16049881
-0.0052799969 0.34327605 0.76585108 15918041
-0.001872325 0.34276119 0.76896816 15852246
-0.14571112 0.34855559 0.77045494 15129553
-0.14015725 0.34642079 0.77028686 14471624
-0.099118687 0.3491247 0.77015871 15853276
-0.013670633 0.34515515 0.76918846 15589076
-0.0033433302 0.34785405 0.7694816 15325904
0.007049954 0.34875491 0.76743954 15062732
0.01189301 0.34947124 0.77042013 15983832
0.37106535 0.34964564 0.77037376 5975834
0.41975042 0.3479636 0.76968592 5781027
0.42930415 0.34684971 0.76938349 5254170
0.43949854 0.34862438 0.76969534 5583134
-0.15653199 0.35214189 0.76938337 15194831
0.020409351 0.35155442 0.76790363 15983576
0.02070274 0.35380712 0.76723522 15128525
0.41034389 0.34985545 0.77015525 4531733
0.44953394 0.35137108 0.76980835 5715490
0.45701927 0.35361901 0.76900846 5386525
-0.16490322 0.35483208 0.7674008 15326417
0.34018308 0.35935512 0.77002639 6567974
0.34383705 0.35908404 0.76651293 5055503
0.37338874 0.35861412 0.76994568 4069387
0.38441235 0.35839346 0.76813596 5319963
0.39483622 0.35768905 0.76647574 6898732
0.40385479 0.35631683 0.76635307 7096366
0.43378183 0.35657218 0.76957351 6437156
0.44688314 0.35916045 0.77039808 5976089
0.46696061 0.35952905 0.766298 7292208
-0.12802255 0.36146703 0.76747316 15524826
-0.11823594 0.36213079 0.76974243 16248035
0.038534533 0.36211911 0.76952821 15786454
0.048225712 0.36374572 0.76565868 15918039
0.3339161 0.36365715 0.77032286 6436388
0.45771885 0.35991994 0.7692942 7291694
0.47008845 0.36228147 0.77021521 5782566
0.47191316 0.36333182 0.77018791 6700330
0.47658825 0.3636016 0.76783735 6438698
0.48497877 0.36360446 0.76872998 7096376
-0.17311421 0.36546877 0.76897758 15852506
-0.14017588 0.36930433 0.77056652 15722719
0.049965385 0.36638859 0.77056617 14733767
0.06051987 0.36690179 0.76730257 14273216
0.07062158 0.36860064 0.76817662 14601925
0.079914548 0.36775497 0.76612574 14733510
-0.18238056 0.37077394 0.76560897 15720921
-0.14784312 0.37030664 0.76833731 16051428
0.059040267 0.37031391 0.76931936 15917525
0.069373854 0.3724058 0.76731068 16245720
0.076007493 0.3727372 0.76733476 16574940
0.48826069 0.37310925 0.76962668 4530710
-0.19608587 0.37832156 0.76698631 16249582
-0.18277636 0.37723306 0.76961869 15721178
0.11061592 0.37743869 0.76898044 15785685
0.31612557 0.37766209 0.76614004 10718078
-0.19207031 0.3828204 0.76788098 16644594
-0.18946713 0.38233474 0.76844174 15853277
-0.16666955 0.38131252 0.76740104 16511723
-0.16022685 0.37981048 0.76927966 16643823
0.10849842 0.38252714 0.77048391 15916754
0.11891577 0.38163295 0.76712304 15785683
0.49985716 0.38180557 0.7690379 4399895
-0.21272832 0.38928714 0.76709956 16182242
0.13225323 0.38545194 0.76866657 15390927
0.1430719 0.38575044 0.7661652 15390926
0.15590881 0.38965669 0.76769811 15654099
0.29687214 0.38807955 0.76839966 12496035
0.30671385 0.38611951 0.76754636 12231576
-0.20994443 0.39389685 0.77032405 16511207
-0.20079023 0.38983253 0.77018183 16248035
0.12885307 0.39009586 0.77016038 15654353
0.13870758 0.39231756 0.76895016 16180441
0.14704731 0.39289799 0.76904565 15917270
0.20352283 0.39469758 0.76765209 16377820
0.20858498 0.39469591 0.76761776 16312028
0.27438039 0.39434221 0.77047747 13745330
0.27879149 0.3909705 0.77006155 13746101
0.28768635 0.38983181 0.76837569 12957614
-0.22053647 0.39613143 0.76931125 16379621
0.19677466 0.39582112 0.76943964 15589076
0.20622826 0.39545873 0.76779932 15457490
0.21539849 0.39500418 0.76686829 15260111
0.22207172 0.39736226 0.76817209 15391697
0.2286654 0.39744893 0.76733559 15325904
0.23836257 0.39859691 0.76629561 14996939
-0.23983687 0.40323904 0.76860303 15984862
-0.23337066 0.40015987 0.76892263 16050656
0.1801587 0.40095487 0.76994079 16575199
0.22084349 0.40102556 0.77053112 16312029
0.23102599 0.401189 0.77049536 16180443
0.23726258 0.40153459 0.77048081 14865353
0.2411985 0.40135255 0.76876205 15850963
0.24854994 0.40243283 0.76917356 14995912
0.26259324 0.40342918 0.76989311 14666690
-0.24991211 0.40589038 0.7660113 16050910
-0.25033969 0.41470423 0.76997668 16248289
0.53625464 0.41359439 0.7675758 3676942
-0.26551157 0.4195464 0.76590377 16116449
-0.25845125 0.41748551 0.7679469 16116448
-0.27939472 0.42684737 0.76713902 11447207
-0.27041781 0.42551115 0.76681417 14276048
-0.26652592 0.42889777 0.76885659 16182241
-0.27517855 0.43089464 0.76580757 16248035
0.5599798 0.4310154 0.77021819 3479820
-0.28485617 0.44297078 0.76656848 16116451
-0.2757079 0.44053319 0.77020282 16248036
0.57384485 0.44758263 0.76724631 5123873
-0.30198959 0.45615223 0.76784676 15787744
0.58334726 0.45857969 0.77025205 4597527
-0.31158084 0.46666971 0.76861125 15393499
0.59103382 0.46924403 0.76966566 5453093
-0.3234103 0.47372475 0.76667935 14997970
-0.33135116 0.47801092 0.76654738 15195863
-0.31935409 0.47800699 0.77017647 15327450
0.6000883 0.47832456 0.77051085 8481631
-0.33003905 0.4806222 0.76866347 15130072
-0.3502 0.4896169 0.76715964 13882060
-0.34244251 0.48557451 0.7683515 15459548
-0.086641677 0.32938769 0.7724461 15194831
-0.0772563 0.32871738 0.77326149 14667720
-0.067231961 0.32845393 0.7718336 14405061
-0.098044686 0.33242658 0.773215 14668487
-0.067961328 0.33168939 0.77548891 15194320
-0.05823303 0.33360389 0.77449399 15260370
-0.11629178 0.33898869 0.77344042 14997195
-0.10724286 0.33496442 0.77289385 14931403
-0.078889363 0.33678523 0.77258939 16248035
-0.068468444 0.3364487 0.77374142 15919070
-0.05828727 0.33777884 0.7726658 15787741
-0.044949017 0.33828619 0.77349943 15194577
-0.12492024 0.34153607 0.77143127 14800585
-0.08758951 0.34035924 0.77100736 15919070
-0.04951971 0.34027603 0.77282184 16511204
-0.092592262 0.34578946 0.77266639 16116449
-0.040407501 0.34577325 0.77557224 16379105
-0.032375179 0.34533396 0.77548772 15523797
-0.022396917 0.34532467 0.77361053 15589332
-0.0095298085 0.34676376 0.77557904 16576482
0.0026780502 0.34675983 0.77141827 15983832
-0.14568105 0.35363117 0.77373475 15195347
-0.13434917 0.35059491 0.77494186 15129553
-0.012981886 0.35126904 0.77449578 15260370
-0.0037437766 0.35402527 0.77477163 15128782
0.0071081058 0.35430959 0.77231199 14799560
0.35076061 0.35274282 0.77087611 6765607
0.38120541 0.35142031 0.77068645 5516056
0.39121777 0.35241714 0.77083236 4530960
0.40102288 0.35230306 0.770742 4203283
-0.1508891 0.35667911 0.77350265 15195347
-0.1094306 0.35879472 0.77063245 15984862
-0.10406936 0.35629299 0.77335292 15590105
0.021578794 0.35625401 0.77331978 16575969
0.029131955 0.35924187 0.77106315 15918040
0.34464487 0.35905936 0.77397531 6700070
0.34589079 0.35565343 0.77511376 6041630
0.35420784 0.35743156 0.77149326 5580821
0.40514225 0.3593283 0.77529687 6371621
0.4156664 0.35768071 0.77372867 5976606
0.42648071 0.35625258 0.77217346 6437411
0.43798131 0.35779789 0.77115124 6041883
0.45424795 0.3556197 0.77437764 5649702
0.46194634 0.35811737 0.77157885 5255455
-0.1654079 0.36189094 0.7715345 16050140
-0.15933031 0.36035338 0.77236742 16050140
0.018091125 0.3597745 0.77442163 15457490
0.33267748 0.36312488 0.77396291 5318162
0.33797741 0.36114171 0.77380794 6831657
0.39681417 0.3604683 0.77542573 6109220
-0.16361135 0.36651281 0.77516383 15458003
-0.12938164 0.36930087 0.77298099 15853535
-0.11923287 0.36813119 0.77431911 16050656
0.040081691 0.36602929 0.77417499 15128525
0.041470196 0.36724785 0.77305084 16377820
0.050140794 0.36845949 0.77088529 16115161
0.061192703 0.36949518 0.77089494 15194318
0.32771024 0.36752489 0.77251703 6700074
0.47313094 0.36561385 0.77310795 4993053
0.48112464 0.36948648 0.77098531 5057821
-0.17603022 0.3724573 0.7715711 16181471
0.0723738 0.37433842 0.77545613 15325647
0.081532009 0.37261084 0.77197641 15193548
0.091939785 0.37351051 0.77075475 15390927
0.32061583 0.37166098 0.77089912 9595738
-0.1508536 0.3774741 0.77206701 16051429
0.061012894 0.37474182 0.77450734 16114647
0.069243453 0.37690595 0.77324551 16377817
0.079632297 0.37748602 0.77204937 15719376
0.089614712 0.37823287 0.77130491 15719632
0.098714814 0.3788729 0.77083987 15785168
0.10245632 0.37810984 0.77216345 15654099
0.31661826 0.37896648 0.77513248 8347213
0.49165675 0.37760809 0.77221912 4202516
-0.18468884 0.38351765 0.77236098 15787484
-0.17877823 0.38042024 0.77545351 16181472
0.11394232 0.38357726 0.77296108 15917271
0.30341327 0.38366655 0.77141839 11178113
0.30963886 0.38010922 0.7706309 11967114
-0.19773519 0.38582197 0.77188784 16447476
-0.19191849 0.38672414 0.77113348 16182242
-0.18929279 0.38861933 0.77106923 16578802
-0.17063242 0.38856366 0.77143508 16511723
-0.15579104 0.38580897 0.77495676 16183271
0.11250592 0.38572577 0.77313429 15785683
0.11919945 0.38839033 0.77196985 15851476
0.12418199 0.38547197 0.7711274 15456720
0.29063296 0.3890039 0.77094239 13416622
0.29985344 0.38650098 0.77147692 12099731
0.50335848 0.38610449 0.77226096 3873809
-0.18031546 0.39064994 0.77109212 16446699
0.13931878 0.39051905 0.77088457 15654099
-0.20165116 0.39735904 0.77480346 16050656
0.13271439 0.39671949 0.77530199 16246234
0.13807051 0.395924 0.77540213 15851478
0.14282975 0.39671639 0.77185374 16443613
0.14828481 0.39721349 0.77284306 16049369
0.15245394 0.39594916 0.77352923 15457490
0.16670653 0.39777473 0.77370948 15852248
0.17694657 0.39748707 0.77232546 15654869
0.18729936 0.39607671 0.77106053 15589076
0.25829667 0.3992838 0.77088147 13614258
0.26862302 0.39765802 0.7708773 13482672
-0.22829002 0.40452555 0.77301723 15919070
-0.2184757 0.40244845 0.77340704 16050656
-0.21062928 0.39987662 0.77356225 16379621
0.1590659 0.39997831 0.77313834 16114905
0.17001918 0.40170804 0.77067322 16641506
0.1903758 0.40186837 0.77090889 16443613
0.19864635 0.40031257 0.77310115 16114906
0.20338945 0.39986292 0.77450484 15852248
0.21153487 0.40119508 0.77147454 16312029
0.21843097 0.40313807 0.77458793 15654869
0.22813112 0.40337792 0.77316123 14931147
0.25555545 0.40341535 0.77377111 14272445
0.52119505 0.40099898 0.7708748 4071188
-0.23869252 0.40876117 0.77199358 16050656
0.17020072 0.40670791 0.77373987 16640992
0.18040919 0.40670469 0.77367049 16640992
0.23946394 0.40581241 0.77450961 14733512
0.24168837 0.40701917 0.77332348 15588049
0.2500667 0.40627792 0.77536398 14404288
0.25197959 0.40801588 0.77232641 15258826
0.25879765 0.40801385 0.77341431 15193035
0.52941579 0.40859643 0.77103263 4005651
-0.24451488 0.41701725 0.77385968 16379619
0.54243028 0.41973522 0.77099115 4071955
0.54972255 0.42459014 0.77144665 4203541
-0.25956899 0.4252173 0.77070242 16116703
-0.25438014 0.42769137 0.77382153 16314082
0.55385143 0.42692211 0.77189559 3940113
-0.26974565 0.43592384 0.77084655 16182242
-0.26928973 0.4431695 0.77479011 16182496
-0.26296407 0.43989041 0.77533227 16182496
0.5695008 0.43998411 0.77168149 4268564
-0.28482693 0.44839278 0.77125007 16248037
-0.2931436 0.45291725 0.77069086 15853536
0.57858652 0.45158115 0.7715171 4794650
-0.29526874 0.45855668 0.77506751 15722207
-0.30306453 0.46307233 0.77206916 15656416
0.59594643 0.47357586 0.77227074 6769982
-0.31093797 0.47521964 0.77265018 15722465
-0.31198925 0.48364058 0.77516133 15525343
-0.32992303 0.4871482 0.77149993 15261914
-0.32035759 0.48766199 0.77402943 16117480
-0.34578395 0.49260095 0.77130574 13223617
-0.33774373 0.49080136 0.7724573 15262170
-0.076773353 0.33398572 0.77709454 14997195
-0.095663123 0.33738342 0.77729601 15326417
-0.086323895 0.33555081 0.77718514 15721175
-0.064283706 0.33656707 0.77884704 15852504
-0.053685091 0.33741179 0.77655345 15458004
-0.11600692 0.34368125 0.77822655 15392210
-0.10386554 0.34049621 0.7789647 15655382
-0.085644595 0.34328738 0.78022033 16248035
-0.060362674 0.34277943 0.77912527 16182498
-0.12699138 0.34700873 0.77567905 15524053
-0.091698013 0.34878913 0.78049356 16314085
-0.032842971 0.34968331 0.77997714 15062991
0.42003176 0.34896365 0.77970308 5846565
0.4298377 0.34896067 0.77963752 5912099
-0.096765257 0.35179082 0.7772544 16379621
-0.039240889 0.35002294 0.77975482 16379105
-0.029621983 0.35176995 0.78007263 15984347
-0.019747222 0.35126689 0.77989608 16510946
-0.0088699553 0.35036352 0.77831918 16378590
0.00066963432 0.35151044 0.77735752 15983832
0.0079280417 0.3527582 0.77675968 16049625
0.381156 0.35335663 0.78000075 6239775
0.39096668 0.35423937 0.77909726 4990740
0.40231788 0.35377887 0.78041941 4070418
0.41073206 0.35141113 0.78030735 4135952
0.43997911 0.35224929 0.77988809 5715491
0.44747075 0.35462192 0.77748853 4728852
-0.13488722 0.35604385 0.77851695 15458006
-0.012857923 0.35478452 0.77743071 15391955
0.36686063 0.35944417 0.77978104 6108708
-0.15292585 0.3633379 0.77700096 15260625
-0.14416495 0.36010137 0.77803606 15129297
-0.10674032 0.36279383 0.7780543 16313828
-0.00031224042 0.3600606 0.77934355 15391953
0.0093736257 0.36158708 0.77801245 15589333
0.019609435 0.36125472 0.77934617 15917526
0.33396095 0.36365715 0.77692729 5777942
0.34025323 0.36151221 0.7797181 6041628
0.3771528 0.36024132 0.77874666 4069645
0.38730758 0.3608239 0.77768439 4727828
0.4449749 0.36280707 0.77867895 7291949
0.45900279 0.36161819 0.78059143 4531479
0.46580726 0.36261609 0.77581507 3808781
-0.15671241 0.36904398 0.7793234 14536901
0.021738855 0.36576036 0.77869123 15654869
0.029855235 0.36841825 0.78055912 15983062
0.030602185 0.36548904 0.77640432 15654869
0.048277307 0.3689827 0.77574378 15062732
0.45443329 0.36508706 0.77624732 7094570
-0.1630584 0.37286416 0.77987164 15260624
-0.11825456 0.37229744 0.77851754 15853277
0.039094802 0.37080863 0.77920705 15917527
0.046165425 0.3727465 0.77750784 16048855
0.062172342 0.37318447 0.77594894 15720149
0.32117897 0.37188318 0.77990049 7028007
0.47912872 0.37286225 0.7804392 3216648
-0.17134625 0.37688521 0.77809423 15326161
-0.13783973 0.37947014 0.77796239 16051172
-0.12948763 0.37955096 0.78015167 16050915
0.053376529 0.3750737 0.7799297 15391441
0.082871459 0.37829939 0.7777254 15325391
-0.14514831 0.38280585 0.77760273 15722720
0.088668957 0.38287619 0.78034979 15983061
0.091842771 0.37989643 0.77684265 15391440
0.099061303 0.38357678 0.77773148 15851220
0.49055663 0.37989429 0.78034502 4005394
0.49771416 0.38360623 0.77847153 3939601
-0.17944792 0.38741937 0.77879411 15984093
0.10716734 0.38904265 0.77982694 15917271
0.30057094 0.3872923 0.78059047 8806480
0.30699074 0.38734964 0.77616781 10190962
0.31086156 0.384864 0.77918762 8544592
-0.19443405 0.39382103 0.7768957 16776955
-0.18764716 0.39164403 0.77655095 15655898
-0.16745466 0.39381269 0.77671248 16381420
-0.16170895 0.39031091 0.77594 16314857
0.11806509 0.3915278 0.77816588 15917783
0.28099811 0.39256242 0.78017431 13876914
0.2889663 0.39239839 0.77804655 11442828
0.29083353 0.39022604 0.77960819 12296083
0.29935914 0.39050582 0.77746147 11376007
-0.18908477 0.39909461 0.77943629 15524312
0.12782493 0.39546481 0.77777392 15983064
0.2703416 0.39898172 0.77936572 12429981
0.2783241 0.39592484 0.77929205 13021861
-0.20450324 0.40280715 0.77681512 16050656
-0.19639432 0.40172735 0.77843028 15524312
-0.18896598 0.39981928 0.7789641 16579060
-0.17923048 0.40181616 0.77846879 16447215
-0.16870794 0.40014628 0.78030735 16315113
0.13219081 0.40062168 0.78040344 15983064
0.13948205 0.40157858 0.77880281 16048856
0.14876671 0.40317145 0.77771133 16180442
0.17304595 0.40437642 0.77924234 15983834
0.17996676 0.40246454 0.77799553 15654869
0.18775035 0.40161207 0.77683777 15720662
0.20871536 0.40437284 0.77727264 15786455
0.264263 0.4016836 0.77762479 14140599
0.52104044 0.40143254 0.78045803 3808016
-0.21993476 0.40844539 0.77701098 15590105
0.19864242 0.40626279 0.77977461 15786455
0.23287146 0.40794829 0.77750415 14470341
0.26555908 0.40701166 0.7799688 13218985
-0.22895831 0.41141894 0.77684087 15853534
-0.20638651 0.41057339 0.77950126 16248035
0.16013992 0.41087773 0.77979392 16575199
0.17037083 0.41104105 0.77804965 16641249
0.1806352 0.41170469 0.77811974 16640992
0.19089384 0.41203478 0.77811998 16509406
0.20112231 0.41169813 0.77798051 16575200
0.21138719 0.41202846 0.77798074 16575201
0.22160941 0.41169193 0.77784127 16707044
0.23180097 0.41102222 0.77763242 15982551
0.23949133 0.41308644 0.78006631 15521998
0.24909772 0.41351679 0.77974981 15258826
-0.23758405 0.41547182 0.7759853 16050913
-0.22757122 0.41597822 0.77930993 16050656
-0.2163702 0.41496018 0.78046542 15984863
0.54166085 0.41825929 0.77992243 4926492
-0.23923939 0.42304924 0.77916092 16051170
-0.24717689 0.42637256 0.77669281 16379620
0.55381227 0.4265888 0.78045279 3873291
0.56009805 0.42918697 0.77991945 4465685
-0.24923781 0.43424276 0.77937037 16182242
-0.25500512 0.43696538 0.7776646 16313826
-0.26353884 0.44878843 0.77951258 16116703
0.58050621 0.44908062 0.77888066 4860185
-0.28262258 0.45338896 0.77634054 16248037
-0.27324599 0.45078924 0.77693039 16182497
-0.2739391 0.45716813 0.78053313 16511976
0.58935279 0.45897785 0.78033477 4991771
-0.29107904 0.46228567 0.77993208 15722208
-0.29880798 0.46502081 0.77727991 15853795
0.59412378 0.46757641 0.77817899 6505784
-0.30610096 0.47680202 0.77630705 15722209
0.60453814 0.47807327 0.78024775 8613216
-0.30731142 0.48687151 0.77940148 15656673
0.61307615 0.4862372 0.77766675 12037541
0.62096906 0.486568 0.77887744 11907240
-0.31564319 0.49067059 0.7767002 16314859
-0.33695796 0.49739948 0.7765134 12104365
-0.32804114 0.49620762 0.77641541 15393502
-0.31517279 0.49759272 0.78000528 15788258
-0.33723009 0.50014257 0.77843302 5327176
-0.32534051 0.50235319 0.77984244 14933209
-0.0746736 0.33914712 0.78070992 15391697
-0.094847761 0.34431806 0.78307861 15589589
-0.08593329 0.34187165 0.78197008 16247519
-0.078433983 0.34128514 0.78095239 16379364
-0.069512852 0.34140733 0.78091937 16182242
-0.063971691 0.34154966 0.78270215 15720918
-0.05482205 0.34243324 0.78163201 16181726
-0.11453482 0.34792891 0.78271323 15721175
-0.10433384 0.34602204 0.78346437 15852761
-0.073865481 0.34501567 0.78464919 15589076
-0.058485694 0.34727886 0.78254753 16182496
-0.050583132 0.34927657 0.78130454 16313569
-0.043731846 0.34835532 0.78324109 16115678
-0.12288585 0.35091439 0.78211778 15458004
-0.031422742 0.35358694 0.78356296 15589335
0.37172747 0.35297862 0.78091794 6633506
-0.099284194 0.35754159 0.78180438 16248549
-0.044688739 0.35477462 0.78411299 16510691
-0.038201325 0.35543934 0.78421646 16444898
-0.028460482 0.35643628 0.78437155 16115932
-0.021966571 0.35507646 0.78103036 15260370
-0.018538708 0.35576645 0.7841565 16181981
-0.0088100377 0.35709682 0.78438562 15918039
0.0016571566 0.35756031 0.78310472 16114648
0.010788759 0.35832885 0.78124088 16048855
0.34881017 0.35725251 0.78070098 6897708
0.35981086 0.35826865 0.7837556 6502949
0.365659 0.35564724 0.78483051 7620660
0.38371855 0.35564163 0.78470784 6174238
0.39274272 0.35563889 0.7838257 5122326
0.3984834 0.3556371 0.78296572 3411972
0.41674954 0.35899165 0.78290015 6700070
0.4268164 0.35832158 0.78109771 7226156
0.44446421 0.3556228 0.78429526 4925977
0.45097125 0.3577874 0.78144783 4597014
-0.13975823 0.36464301 0.78213364 15589589
-0.13290896 0.36083606 0.78350943 14997196
-0.011282424 0.35999337 0.78204125 15458004
0.33524856 0.36408857 0.78310603 6107678
0.34351546 0.36159959 0.78471106 5778456
0.34601265 0.35999826 0.78144222 6962730
0.39701158 0.36262754 0.7853964 4595984
0.40694708 0.36064616 0.78481191 6108450
0.43731731 0.36060527 0.78090495 7160107
-0.11008187 0.3691949 0.78177673 16116450
0.00094940362 0.36654869 0.7847411 15589589
0.021744249 0.366254 0.78289777 15917269
0.32642013 0.36897436 0.7847051 6304544
0.33084232 0.36753312 0.78151399 6041111
0.33761391 0.36565593 0.78394967 5647124
0.46327755 0.36561695 0.78309613 4269078
0.4709051 0.36811462 0.7807005 3479820
-0.15037718 0.37304702 0.78355438 15260367
0.021312868 0.37196258 0.78410596 15654869
0.031792745 0.37128475 0.78154153 15786455
-0.15863389 0.3765972 0.78382212 14800073
-0.1208893 0.37813166 0.78201073 15919072
0.032348476 0.37586644 0.78523821 15918298
0.039355386 0.37608173 0.78271109 16575456
0.04385652 0.37575868 0.7831791 15720662
0.049895655 0.37814513 0.78064376 16312027
0.31602627 0.37724963 0.78285438 6962474
0.48232442 0.3756111 0.78184873 4071188
-0.17373729 0.38462117 0.78134364 15589334
0.05914472 0.38024238 0.78069896 16378077
0.063318267 0.38020852 0.78226072 15325904
0.069092594 0.38223937 0.78106171 16444381
0.072856881 0.38005725 0.78098756 15062475
0.07911025 0.38290289 0.78113657 16115159
0.30976501 0.38055351 0.7807495 8081469
-0.16924554 0.38708737 0.78483552 15655126
-0.14970833 0.38930717 0.78069443 16183014
-0.1407457 0.38630441 0.78166944 16314087
-0.13083519 0.38730136 0.78517371 16248037
0.075284712 0.38515726 0.78487867 15127755
0.083045587 0.38511625 0.78386718 15654099
0.099810049 0.38652971 0.78211385 16246747
0.10916948 0.38939348 0.78065413 16378333
0.30727696 0.38755909 0.78370076 7687483
0.50097102 0.38635531 0.7815581 3874065
0.097330719 0.39080837 0.78473574 16048857
0.50911862 0.39217404 0.78096002 4202774
-0.18022239 0.39535788 0.78203136 15852508
-0.15996376 0.39881042 0.7827881 16314601
-0.15411004 0.39480856 0.7835812 16051172
0.11877572 0.39661255 0.78265101 16048856
0.51464826 0.39660099 0.7811566 4071188
-0.17733419 0.39991847 0.78535467 15984093
0.12939185 0.40022066 0.78114182 16443870
0.26681781 0.40318361 0.78288871 11771536
0.2716848 0.40034309 0.78077108 13481642
-0.19695085 0.40869489 0.78160948 16050656
-0.18685129 0.40551677 0.78363007 16115681
-0.18010423 0.40615001 0.78278416 16776180
-0.17343831 0.40681449 0.78288013 16644592
0.1399066 0.40776792 0.78424197 16246235
0.16991825 0.40946606 0.78266174 15918041
0.17880522 0.4074786 0.78138095 15918041
0.18886201 0.40735868 0.78122407 15786455
0.26096648 0.40571788 0.78175813 12824226
0.53030813 0.4094533 0.78113824 4400150
-0.19111845 0.41354099 0.78554064 16050658
0.14957972 0.41122845 0.78383094 16246748
0.15977533 0.41106251 0.78391439 15918041
0.21232426 0.41448012 0.7854194 15523283
0.22208269 0.41457978 0.78538376 15128268
0.23063411 0.41219547 0.78210396 14799048
0.24184522 0.41272405 0.78256184 14404031
0.25264627 0.41114107 0.7826733 13087656
0.2596375 0.41193023 0.78062445 13811378
0.53634757 0.41359439 0.7812503 4926492
-0.20804948 0.41792384 0.78269345 16248035
-0.1992687 0.41821924 0.7844606 16050656
0.17058274 0.41670778 0.78266209 16640992
0.18090196 0.41770461 0.78280395 16641249
0.22889933 0.41768959 0.7824778 15983063
0.251122 0.41668287 0.78554136 14666171
0.25626132 0.4166812 0.78550643 14337462
-0.224875 0.42319229 0.78360981 16116449
-0.21527648 0.42301741 0.78456026 16313828
0.19131613 0.42036799 0.78329808 16509406
0.20169178 0.42169812 0.78351027 16575200
0.2120055 0.4216949 0.78344017 16509408
0.2205316 0.42069235 0.78317028 16377822
0.54927534 0.42279032 0.78209239 4794393
-0.2429786 0.4289507 0.78061801 16116706
-0.23421535 0.4254078 0.78275019 16314342
0.56712359 0.43358484 0.78097016 4925977
-0.24290591 0.43681625 0.78437287 16248293
0.57218593 0.43791655 0.78097636 5123356
-0.25048381 0.44176605 0.78218585 16116449
0.57719022 0.44291499 0.78199011 4925977
-0.25212917 0.44867948 0.78448111 16050656
-0.25742412 0.45244041 0.78333098 16182242
0.58568603 0.45157912 0.78375012 4794391
-0.26091313 0.45904627 0.78535765 15787741
-0.28240442 0.46021441 0.7816878 15919585
-0.27812529 0.46453217 0.78527218 16183271
-0.26929194 0.46101955 0.78415519 15656411
-0.29004955 0.46719351 0.78448611 16051174
-0.29976076 0.47364166 0.78089637 15590879
0.59975481 0.47132459 0.78156942 7098950
-0.3017745 0.48084477 0.78222972 15590882
0.60956055 0.48073831 0.78194445 11312018
0.6170398 0.48356929 0.78307635 9867143
-0.30771863 0.49426213 0.78201109 15722466
-0.32263613 0.50850022 0.78329867 12433590
-0.31589523 0.5052315 0.78279442 14275022
-0.075897269 0.34378436 0.78840274 16313058
-0.08227443 0.3478004 0.7884447 16313057
-0.069440506 0.34763959 0.79016405 16576485
-0.10776932 0.35167184 0.7874046 15589589
-0.092074119 0.35385278 0.79017693 15523540
-0.087929316 0.35018805 0.78927881 16378851
-0.08158692 0.35380283 0.79027301 15918041
-0.071866043 0.35004631 0.78830189 15852248
-0.062250607 0.35025302 0.78867847 16115933
-0.053459413 0.35131732 0.78712541 16181726
-0.040848441 0.35427156 0.78800744 16313312
0.40488186 0.35463515 0.78762192 5122592
0.41166213 0.35334733 0.78962845 5056797
0.4208819 0.35263017 0.79034096 6372909
0.43023884 0.35262719 0.7893402 4925206
0.43769398 0.35462502 0.78739911 3741705
-0.12452773 0.35725179 0.78649479 15458003
0.37946844 0.35914281 0.79045886 6436895
0.38940632 0.35947338 0.79046649 6174753
-0.12645927 0.3641074 0.78914601 15194831
-0.098154791 0.36112455 0.78917128 16182242
-0.048556931 0.35994247 0.79022509 16378848
-0.038786106 0.36077276 0.78869575 16576484
-0.031056756 0.35998824 0.79023284 15589076
-0.029113719 0.36276975 0.78907722 16313055
-0.022565598 0.36084178 0.7867977 15523542
-0.019213954 0.36276677 0.78900999 15852246
-0.0093141962 0.36276355 0.78894275 16114648
-0.0011511684 0.3637611 0.78911096 16509406
0.34393504 0.36365405 0.78676683 5647640
0.35104439 0.36165181 0.78709692 6897709
0.36100245 0.36189881 0.79038352 6766121
0.36742032 0.36266401 0.78927904 6108706
0.37698424 0.36271825 0.78820449 4398606
0.38683191 0.36299554 0.78714436 4530450
0.43860683 0.36370149 0.79052037 7029293
0.45597473 0.36261919 0.78578216 5518632
-0.13355134 0.36753264 0.78772742 15194318
-0.010105843 0.36552528 0.7880972 15392211
-0.14143869 0.37139812 0.78607303 15720918
-0.10622659 0.37029377 0.78962082 16051170
0.00073083339 0.37068608 0.78867418 15458003
0.011524556 0.37094322 0.78573292 15589589
0.018949134 0.37100485 0.78810674 16509406
0.32127339 0.37318936 0.78696138 7357230
0.47050777 0.37244812 0.79009789 3611919
-0.13759106 0.3754237 0.78964716 15983834
-0.11224037 0.37654558 0.78938383 16051171
0.024050837 0.37532273 0.78648549 15654869
0.48070547 0.37777832 0.7901172 3414027
-0.15968966 0.38393655 0.78699297 15326417
-0.14998478 0.38218847 0.78893 15457490
-0.11644297 0.38179687 0.79057628 15853536
0.028496033 0.37995198 0.79052955 16575456
0.03411565 0.38084891 0.78939921 15918041
0.042304333 0.38154951 0.78719527 16181212
0.045628611 0.38374653 0.78656632 16444383
0.30905187 0.38379279 0.78758293 6896937
0.48969567 0.3818945 0.78938836 4071701
0.052798171 0.38693824 0.78943926 16115419
0.059497941 0.38854232 0.78886944 16443868
0.064946853 0.38641682 0.78807968 15786455
0.086855337 0.38965252 0.78668743 15785685
0.30077845 0.38844505 0.79035753 7094318
-0.16089365 0.39332131 0.78993958 15392210
-0.13845152 0.39230362 0.78630835 16248037
-0.12911505 0.39205077 0.79040247 16050658
0.07567203 0.39013353 0.78903192 16115420
0.10694213 0.39306083 0.78931707 16378846
0.28163719 0.39392331 0.79015917 9465956
0.28987661 0.39358833 0.78699869 6964279
0.2910859 0.39178148 0.79004341 9003860
0.29881844 0.39138106 0.78592533 7687229
0.51029515 0.3927274 0.79046208 4729886
-0.16800827 0.39675894 0.78851527 15391954
0.10808882 0.39690247 0.78615481 15785685
0.28158274 0.39701727 0.78868431 11242879
-0.15504166 0.39980891 0.78804523 16577518
0.10878648 0.40229395 0.7904194 15523283
0.11785278 0.40076843 0.7878173 16114649
0.12604363 0.40272167 0.78678554 16773349
0.52074152 0.40009907 0.79033858 3611662
-0.17594343 0.40833345 0.78905302 15786715
-0.16986716 0.40627387 0.79036218 15786714
0.11985921 0.40648249 0.78981441 16049370
0.1292697 0.40622035 0.78632146 16049114
0.2656945 0.4076784 0.79032511 12493975
-0.18568188 0.41042081 0.78626221 16050144
-0.17966712 0.41436449 0.79007071 15852509
-0.16949615 0.40997997 0.78921145 15920359
0.13422416 0.41221479 0.78908104 15983834
0.13889962 0.41296759 0.7897734 16640992
0.14116737 0.41328374 0.78840357 15918041
0.15000962 0.41471425 0.7857998 16575199
0.53698295 0.41259411 0.79043156 4663579
-0.18500984 0.41872492 0.79034203 15984095
-0.17845768 0.41481617 0.78803092 16184302
0.17275797 0.41823044 0.78878289 15720405
0.18134676 0.41568103 0.78721327 16048857
0.19176073 0.41761473 0.78801399 15983064
0.20210963 0.41597286 0.7867493 15983578
0.23186243 0.41751316 0.7882455 14798788
0.24174614 0.41615692 0.78676122 13350829
0.2491343 0.41882637 0.79042691 13151648
0.5431385 0.41799238 0.79003078 4728603
-0.20454788 0.42418817 0.78618222 16313828
-0.19401419 0.42183843 0.78830773 16116451
0.16046023 0.42121103 0.78884286 16575199
0.17075314 0.42104116 0.78701562 16640992
0.18115693 0.42337111 0.78744477 16509406
0.18809937 0.42470232 0.78768331 16575199
0.23996103 0.42143646 0.78964657 13283493
0.1917692 0.42920128 0.79035252 16509663
0.55949134 0.42808726 0.78936237 5057565
-0.23376036 0.43346325 0.78692609 16445416
-0.22478807 0.4301286 0.78708094 16182242
-0.21309191 0.430002 0.78835768 16577000
-0.20354313 0.43201044 0.79031652 15853792
0.19878678 0.43136576 0.79019505 16706786
0.20914614 0.43102911 0.7888971 16641251
-0.23241538 0.43805495 0.7894513 16314087
-0.22029954 0.43528238 0.79025239 16379621
0.5741443 0.4365826 0.78763157 4531219
-0.24326426 0.44461313 0.78755611 16116451
-0.24087703 0.44901958 0.79040438 15985379
0.58478123 0.44857934 0.78662878 4333840
-0.25176305 0.45592979 0.78804392 15590363
0.59492558 0.45857623 0.78867871 4793364
0.5996443 0.46232477 0.79032475 5516315
-0.26889652 0.46831563 0.78820974 15328218
-0.26155081 0.4679133 0.78931218 15524828
0.60305983 0.46757355 0.78875762 5320480
-0.28866583 0.47327533 0.78818351 15985894
-0.27964276 0.47214451 0.78905421 16315371
-0.29645076 0.47541073 0.78566152 15525343
0.61482358 0.47657004 0.78879076 8352107
0.61917132 0.47896853 0.78926092 9997189
-0.29667854 0.48401824 0.78856283 15656675
-0.29782391 0.49415782 0.79037088 15525089
-0.30390227 0.49734274 0.78718728 15262431
-0.31223512 0.50916958 0.78633863 14209488
-0.30447316 0.50599813 0.789792 15262687
-0.31199884 0.51338804 0.78843492 10525852
-0.11199432 0.35879698 0.79253191 15721175
-0.10171095 0.35597733 0.7916314 15523796
-0.092448331 0.35628942 0.79134256 16378851
-0.079624541 0.35885897 0.79395396 15786712
-0.070907883 0.35622671 0.79232508 15852248
-0.057376556 0.35697857 0.79323167 16510691
-0.040178485 0.35871139 0.79231912 15785942
0.40020904 0.35788646 0.79085582 4530193
0.40854681 0.35630062 0.79454392 4398354
0.43326187 0.3566263 0.79445297 5320221
0.44117084 0.3577905 0.79138237 3478534
-0.12025351 0.36142948 0.79231423 15589590
-0.088989727 0.36029974 0.79545134 15392210
-0.049563743 0.35985878 0.7950837 16114650
0.35733026 0.36291841 0.79098397 6437415
0.36991537 0.36097923 0.7909407 6766118
0.40164328 0.3635675 0.79457277 5582364
0.40815976 0.36205783 0.79460698 6700587
0.41542011 0.36076656 0.79064113 7292464
0.42644554 0.36173692 0.79252285 7160878
0.44993269 0.362021 0.79096729 4202515
-0.12166324 0.36628905 0.79486603 15786969
-0.10127985 0.36712554 0.7927441 15919070
-0.039369158 0.3661063 0.79320008 16642020
-0.028533513 0.36576238 0.79382807 15918297
-0.019724468 0.36810032 0.79351848 15786453
-0.019014264 0.36508968 0.79074007 15655126
-0.0097224209 0.36743036 0.79329973 16048855
0.00095889566 0.36826041 0.79258877 16575712
0.010003245 0.36892429 0.79074639 16509663
0.33850953 0.36739638 0.79255325 6633765
0.34150675 0.36915472 0.79077929 6239775
0.3473005 0.36488298 0.79247266 6041629
0.35069132 0.36845186 0.79309791 6437158
0.3592599 0.36614934 0.79383808 7160879
0.38859528 0.36544219 0.79462928 4464654
0.46094355 0.36774281 0.79062253 4006162
-0.12933733 0.37183002 0.79328936 15589333
0.32314324 0.37353912 0.79308134 5777942
0.33000827 0.37161401 0.79330212 7028523
0.33101442 0.37194374 0.79060715 7357998
0.0031531216 0.37571397 0.79349869 15721175
0.011902964 0.37574473 0.79321748 16049883
0.01936662 0.3770881 0.79306418 16443870
0.31837657 0.3774288 0.79309732 6501922
0.47242394 0.3756142 0.79523784 3743504
-0.13826662 0.38221267 0.79392618 15325904
0.013764961 0.38136044 0.79531068 15721176
0.023216611 0.38145438 0.79220062 15786455
0.30998123 0.38166466 0.7910226 6764838
-0.14470348 0.38701931 0.79263037 15523283
-0.12136935 0.38779834 0.79081601 16314087
0.0285013 0.38536122 0.79417521 15852248
0.038033869 0.38729373 0.79252142 16115163
0.045579735 0.38551036 0.79201537 15720662
0.078977317 0.38929179 0.79092246 16510173
0.0890764 0.38873306 0.7907297 16444381
0.30174288 0.38713089 0.79133648 7488562
0.49497712 0.38560715 0.79233629 4598045
0.50057018 0.38777211 0.79110712 4203543
-0.1467818 0.39396766 0.7953288 15457490
0.033557363 0.39025036 0.79479986 16443613
0.051662598 0.39053169 0.79542774 15654869
0.069293633 0.38973919 0.79066688 16377818
0.098705277 0.39073005 0.79068583 16510174
-0.15402853 0.39551404 0.79312271 15062988
-0.14053583 0.39840427 0.79170746 16181987
-0.13245668 0.39680186 0.7940014 16248037
0.065341055 0.39474049 0.7955901 16378074
0.078088723 0.39524654 0.79297251 16246749
0.088613369 0.39628282 0.79183453 16114650
0.10246342 0.39472893 0.79533798 16575453
0.11141434 0.39739278 0.79136568 16115418
0.27816796 0.39667442 0.79459149 6371374
-0.14837334 0.40047339 0.79097086 16379367
0.098416805 0.40117934 0.79318684 15983577
0.27141038 0.40058914 0.79083079 11770509
0.52707762 0.40459707 0.79129094 4071956
-0.16227674 0.40779725 0.79270726 15984608
0.11006563 0.40852383 0.79479343 16115420
0.12269986 0.40672269 0.79448038 16443613
0.12949084 0.40872052 0.79090267 16640992
0.26148972 0.40830722 0.79072279 12100245
0.53132039 0.4075959 0.79192597 4663836
0.2603747 0.41310862 0.79203767 13875369
-0.1725696 0.41789499 0.79487056 14471628
0.13166434 0.41839316 0.79511076 16115420
0.13985024 0.41874149 0.79301614 15918041
0.14155214 0.41821685 0.79346675 16509406
0.25278521 0.41673997 0.79258364 12824225
0.25629622 0.4166812 0.79064578 12888989
-0.17886919 0.4214274 0.79416388 15918302
0.15014732 0.42038074 0.79102391 16575199
0.15270019 0.42212632 0.79205269 15918041
0.16297409 0.42192283 0.79072279 15918041
0.21284865 0.42095461 0.79126376 14732997
0.23421602 0.42153552 0.79402822 14732223
0.24395546 0.41997138 0.7925337 12889506
0.55119759 0.42325643 0.79181474 4531222
0.15374082 0.42671302 0.79524463 16575199
0.15892853 0.42721143 0.79531878 16640992
0.17218776 0.42788425 0.79296404 16247005
0.18243442 0.42715016 0.79218251 16180955
0.20403816 0.42566743 0.79502326 15718863
-0.19518411 0.43118337 0.79201466 15787486
-0.18958837 0.4312816 0.79427558 15129556
0.56917018 0.43295911 0.79078645 4662805
-0.21175855 0.43871358 0.79258806 16248549
-0.19867411 0.43773058 0.79358333 15458521
0.20084919 0.43719843 0.79374868 16773865
0.20964433 0.43902901 0.79408604 16640994
-0.22089499 0.44439974 0.79422408 16445929
-0.20071897 0.44357863 0.79559761 15525084
0.58013749 0.44018069 0.79114431 4859927
-0.23063466 0.444796 0.79252142 16445672
-0.23291364 0.45406571 0.79508454 16577516
0.59040117 0.45077756 0.79126149 5648158
-0.24069726 0.45659116 0.79257017 15985636
-0.2492235 0.46083763 0.79094547 15195863
-0.25566441 0.4692159 0.79167169 15590621
-0.24785811 0.46733907 0.79327053 15130070
0.61010724 0.47107151 0.79122132 6901055
0.61713481 0.47256926 0.79505163 9599083
-0.26977912 0.474821 0.79160064 15262169
-0.28819054 0.48111597 0.79229957 15394273
-0.27552825 0.48336449 0.79529411 15723492
-0.26592934 0.48315182 0.79534465 16117222
-0.2561239 0.47983363 0.79521149 16249064
-0.28600064 0.4857097 0.79493898 15723238
-0.29975834 0.50697327 0.79483992 14999517
-0.076986633 0.35178474 0.7967661 16708586
-0.070483126 0.35211614 0.79679877 16708584
0.42043141 0.35796371 0.79978341 5320221
-0.096849523 0.36260429 0.7966302 15918555
-0.070450507 0.36421803 0.79753631 15851991
-0.060380854 0.36017945 0.7992509 16379619
-0.059495397 0.36198917 0.79646271 16048857
-0.052168347 0.36277691 0.795834 16708070
0.3819783 0.36364225 0.79641563 6700582
0.39004359 0.3626397 0.79613024 5648156
0.39999494 0.36280325 0.79885262 5253403
0.41854465 0.36253861 0.7960946 6766123
0.44790843 0.36312178 0.79585248 4334355
-0.078824781 0.3667362 0.79954964 15851991
0.36011165 0.36850205 0.79963881 6700330
0.36792958 0.366285 0.79710633 6700843
0.37882587 0.36725011 0.79789215 6108965
0.38866979 0.36706856 0.79855686 4859157
0.39730954 0.36554185 0.79607826 4924950
-0.099608041 0.3707917 0.7990877 15984351
-0.040645622 0.37027338 0.79829854 16379362
-0.030028576 0.37177005 0.79773778 16313309
-0.020057807 0.37165681 0.79826468 15852502
-0.012798274 0.37315002 0.7983833 15918295
-0.0059665604 0.37436858 0.79697043 15786968
0.33781743 0.37254193 0.7982654 6700330
0.34072196 0.37465516 0.79590422 5778456
0.35031649 0.37003508 0.79987174 5581336
0.35389185 0.37365094 0.79891235 5121557
0.36250684 0.37144831 0.79967672 6569513
-0.12710401 0.37654796 0.79892999 15391955
0.32607564 0.37578049 0.79674691 6502179
-0.10945857 0.38029471 0.79854947 16051171
0.0061944858 0.38076022 0.79828054 15786970
0.019008366 0.38242152 0.79760903 16378590
0.31007284 0.38342789 0.7963056 7160110
0.31248888 0.38333049 0.79919058 6041117
0.48033792 0.3805007 0.79964358 4204056
0.48780355 0.38360944 0.79863399 3809297
0.30176157 0.38830438 0.79823309 6304288
-0.13985905 0.39116982 0.79721695 15194318
-0.11891276 0.39079776 0.7986384 16051429
0.028499832 0.39075187 0.79831165 16444383
0.036511801 0.39126614 0.79878241 15983834
0.045644488 0.39008477 0.79610628 15983834
0.082264923 0.3937352 0.7986241 16641246
0.089009762 0.39373317 0.79857832 16509660
0.28472343 0.39467242 0.7974748 7093804
0.29104495 0.3936992 0.79903752 6041373
0.29908547 0.39084819 0.79594451 6567976
0.51051027 0.39331666 0.79902154 3875091
0.042165909 0.39914778 0.79876548 16246491
0.057288516 0.39484373 0.79879743 15917528
0.06180821 0.39907506 0.7994079 16312795
0.067030996 0.39555505 0.79607111 16378335
-0.14596245 0.40253904 0.7985242 15852761
-0.13613108 0.40180317 0.7996549 16314603
0.051597279 0.40007809 0.79857272 16180441
0.07865116 0.40051833 0.79720086 16180443
0.089872479 0.40252069 0.79617614 16246236
0.10870094 0.40029839 0.79896289 16641505
0.11593238 0.40272477 0.79703504 16509406
0.27247959 0.40144554 0.79910904 8016966
-0.15521544 0.40590945 0.79582697 15194575
-0.15822572 0.41080979 0.79841274 15589851
0.10786179 0.41273072 0.7992335 15918041
0.12955652 0.41347066 0.79763633 16444127
0.53979909 0.41326001 0.79995769 4466970
-0.16470185 0.41481188 0.79820257 12300205
-0.16352832 0.4169232 0.79632705 15523542
-0.15480617 0.41600969 0.79903024 15655128
0.12197114 0.41833106 0.7985695 16181213
0.24976069 0.41968325 0.79992658 11043186
0.13559896 0.4230316 0.79778367 16115420
0.14683051 0.42471519 0.7982989 16773094
-0.18248129 0.42936173 0.79643899 15655387
-0.17127359 0.42834607 0.79884189 15852507
-0.16427529 0.42508665 0.79883999 16049886
0.14481793 0.42473474 0.79582876 15852248
0.19508791 0.4282259 0.79575378 16443356
0.56160587 0.42771152 0.79919308 4860442
0.155221 0.42999426 0.79669493 15852248
0.16399053 0.43052843 0.79570752 15983834
0.17070845 0.432565 0.79888755 16642020
0.18313444 0.43299261 0.79742581 16378334
0.19401647 0.43433061 0.79970747 16180441
-0.19037426 0.43943158 0.79726559 15326935
0.58097124 0.43818048 0.79974693 5254425
0.19944277 0.44303206 0.79850966 16443615
0.58671367 0.44324544 0.79943901 4858896
-0.20751613 0.44681326 0.79633588 16051685
-0.22561038 0.45469072 0.79716998 16642795
-0.20928833 0.45202783 0.79846746 16183271
-0.21757019 0.45694831 0.79943413 16314600
0.60049826 0.45924118 0.79935938 6305058
-0.23908174 0.46459571 0.79562157 16577772
-0.23512822 0.46796802 0.79761773 16445930
-0.24568462 0.47559312 0.7962783 15985892
0.62235755 0.47756746 0.79965633 8350561
-0.24622855 0.48162952 0.79832882 16183271
-0.2791518 0.48939374 0.79828495 15986410
-0.25784257 0.48606995 0.79765946 16578031
-0.29194474 0.49430636 0.79585987 15788261
-0.28599304 0.49309435 0.79926759 16051691
-0.26427811 0.48977676 0.79919261 16512495
-0.29365548 0.50482714 0.79842871 15130333
-0.30072781 0.51313424 0.79589587 11907504
